path	oid_sha256	size_bytes
tests/ImageSharp.Tests/Formats/Jpg/pdfjs/baseline/ycck - Copy.jpg	33e3546a64df7fa1d528441926421b193e399a83490a6307762fb7eee9640bf0	611572
tests/ImageSharp.Tests/TestDataIcc/Profiles/CGATS21_CRPC7.icc	2b186e6dadc38883138ccd30203b2870fb71db6451d3a5d24f9590cfabd26689	3462496
tests/ImageSharp.Tests/TestDataIcc/Profiles/Coated_Fogra39L_VIGC_300.icc	6df43849a84d2632e7900a125f657bd09364ed56775bc4740c1e39a5492d47e3	8652444
tests/ImageSharp.Tests/TestDataIcc/Profiles/ISO22028-2_ROMM-RGB.icc	96b2f2987f83e2a545e607799fbfdff43ef8158fb9b215b187c574db8f145aaf	864
tests/ImageSharp.Tests/TestDataIcc/Profiles/JapanColor2003WebCoated.icc	662a345063b2853a66ed12dc54215e513e8485cbf4cb7f673971c834979eb25f	654432
tests/ImageSharp.Tests/TestDataIcc/Profiles/JapanColor2011Coated.icc	73202ea802e57a63a0be05ed993fde8e4d51cc436120e6c47815ce785ff42916	1979304
tests/ImageSharp.Tests/TestDataIcc/Profiles/SWOP2006_Coated5v2.icc	0ac00fe6f03901bfd06ef70e72ec2c55fa3c043c6c34c0b6d70f06cc7a40a822	2747952
tests/ImageSharp.Tests/TestDataIcc/Profiles/issue-129.icc	35f401731df11a4eba3502af632e51d68bc394bcb7d34632a331c1ba3f4a0bf6	557168
tests/ImageSharp.Tests/TestDataIcc/Profiles/sRGB2014.icc	384b832de3412066743b52a75ee906b6fb9fb8d9e09e936fc2c43223815c6e0a	3024
tests/ImageSharp.Tests/TestDataIcc/Profiles/sRGB_v4_ICC_preference.icc	83174717332326ddc198d9df188a4daec27b8979ba152cebbfc470c793d0bb11	60960
tests/Images/External/LoadTestInput/Calliphora.jpg	67172fcab405f914587b88cd1106328e6b24ab59d622ba509dcc99509951ff5c	254766
tests/Images/External/LoadTestInput/Earth.jpg	2cdfeb0f3829f2179c3e00beed9863ebddd0814043a542b5b9f726616a8a0d7d	4088390
tests/Images/External/LoadTestInput/Lake.jpg	b7332d4e0b1d31367e04458d7cb33fd83eac31a8299d59efacd200350ec032d6	206342
tests/Images/External/LoadTestInput/LargeTree.jpg	60af9c0ea0d24a9b1bf7058a79c3f43ccc3929547a9f0c4677005a11cd3cb468	3129522
tests/Images/External/LoadTestInput/Saturn.jpg	f96c3c18c13cc376e0c3b2eb1767487a36777aeaa2518f4f2aa8b69a26d49fd7	197951
tests/Images/External/LoadTestInput/Snake.jpg	f3d1b46db3b5974820fd2737db3f025d21b09c75aff73fd40ba6535dddf2ad70	165200
tests/Images/External/LoadTestInput/caspian.jpg	a32e799ca8dc2d5f7acb14aafd8b9a604012240e651a0107eb77a26cf0fc89b6	6911104
tests/Images/External/LoadTestInput/jpeg420exif.jpg	223f9ca11722e7eccae9eadb158fa2c7bf806ed0aa6ee4390a96df7770035ba4	768608
tests/Images/External/ReferenceOutput/AdaptiveThresholdTests/AdaptiveThreshold_WithRectangle_Works_Rgba32_Bradley02.png	5745f61e9b8cd49066b347605deee6dcde17690b9dc0f675466df6b2db706bd6	22348
tests/Images/External/ReferenceOutput/AdaptiveThresholdTests/AdaptiveThreshold_Works_Rgba32_Bradley01.png	7a767913020c3924f0a7ae95b20c064993a2fcdc3007610df6abe6f34c194ef8	1644
tests/Images/External/ReferenceOutput/AdaptiveThresholdTests/AdaptiveThreshold_Works_Rgba32_Bradley02.png	e02f5e94b9251be80250926678a2d8bc05318f40c3eff98204e74312ffbca138	2239
tests/Images/External/ReferenceOutput/AdaptiveThresholdTests/AdaptiveThreshold_Works_Rgba32_Issue_2217_AdaptiveThresholdProcessor.png	b9e47d328e9d6d37a5bf090d2f8d748b80d78be936df06f4b3afec0fd9712f39	412
tests/Images/External/ReferenceOutput/AdaptiveThresholdTests/AdaptiveThreshold_Works_Rgba32_ducky.png	fdd84a24f616d7f06f78ebca01540b59cf1cf8564f442548fe4c8ede6dc1d412	757
tests/Images/External/ReferenceOutput/AffineTransformTests/Identity_Rgba32_TestPattern100x100.png	da8229605bda413676a42f587df250a743540e6e00c04eacb1e622f223e19595	3564
tests/Images/External/ReferenceOutput/AffineTransformTests/Issue3000_Rgba32_issue_3000_p-3-3.png	d75205909d532dc98da52389c804ff99cb3b796b5657afb521659fe221c2b8f0	122
tests/Images/External/ReferenceOutput/AffineTransformTests/Issue3000_Rgba32_issue_3000_p-4-4.png	a75beaec77378de4abb09317afa56b8e99ecba0d1c8571cad31aa790afb1a687	123
tests/Images/External/ReferenceOutput/AffineTransformTests/Transform_FromSourceRectangle1_Rgba32_TestPattern96x48.png	60b050406fda4ff347660e71cb28a9dfceb4b39532f62ee96cb61d2671d3cf00	340
tests/Images/External/ReferenceOutput/AffineTransformTests/Transform_FromSourceRectangle1_Rgba32_TestPattern96x48__original.png	74bf3b8655c7548f28c25b1e467992f691dc429f4b06e85cfd04a3b541825811	478
tests/Images/External/ReferenceOutput/AffineTransformTests/Transform_FromSourceRectangle2_Rgba32_TestPattern96x48.png	fbfb3143d96070c58c949e8d1e8d9ddbcf1e7863514489ea2defc65863c84e73	276
tests/Images/External/ReferenceOutput/AffineTransformTests/Transform_RotateScaleTranslate_Rgba32_TestPattern100x50_R(0)_S(1,1)_T(-20,-10).png	8dc4da0a0c727f2c95bbfdcc7710ca612b008dca97dfc5101175c384c010641b	770
tests/Images/External/ReferenceOutput/AffineTransformTests/Transform_RotateScaleTranslate_Rgba32_TestPattern100x50_R(0)_S(1,1)_T(0,0).png	5ec2dd66678dc1a0ae3bd4bf6667fbb8ceb8a8af63ca878c490545e303c9d1ad	851
tests/Images/External/ReferenceOutput/AffineTransformTests/Transform_RotateScaleTranslate_Rgba32_TestPattern100x50_R(0)_S(1,1)_T(20,10).png	febfdb0554e69f7fe363bca5aaff4b0a5347d216b29a0ba8cbebe92aa8678015	892
tests/Images/External/ReferenceOutput/AffineTransformTests/Transform_RotateScaleTranslate_Rgba32_TestPattern100x50_R(0)_S(1,2)_T(0,0).png	120b661bef4adac64d362d8c987b3427cd8140ccac7404d09a16765ba1199434	5191
tests/Images/External/ReferenceOutput/AffineTransformTests/Transform_RotateScaleTranslate_Rgba32_TestPattern100x50_R(0)_S(2,1)_T(0,0).png	0d668ebe5f8857fd21d7eb9ae86860751a6f3061f6c9f76705ff49216dc07870	6215
tests/Images/External/ReferenceOutput/AffineTransformTests/Transform_RotateScaleTranslate_Rgba32_TestPattern100x50_R(50)_S(1,1)_T(-20,-10).png	2fb676b3af585e7cbe2efdb893157d5f4e152cf810d0693cafb81596e941e121	9697
tests/Images/External/ReferenceOutput/AffineTransformTests/Transform_RotateScaleTranslate_Rgba32_TestPattern100x50_R(50)_S(1,1)_T(0,0).png	afe7ddbff155b918a4eff91af31e01100355c146cb9c8a12ab2496da8b22821d	10446
tests/Images/External/ReferenceOutput/AffineTransformTests/Transform_RotateScaleTranslate_Rgba32_TestPattern100x50_R(50)_S(1,1)_T(20,10).png	ad76301984e5b54eae374adfe130693667053fbed181847b4c68688fb74c9818	10518
tests/Images/External/ReferenceOutput/AffineTransformTests/Transform_RotateScaleTranslate_Rgba32_TestPattern100x50_R(50)_S(1.1,1.3)_T(30,-20).png	fbd57af1fa982f9090f57d820a9b927f894914e5f54774e9cd6fdcfe14e5f761	13139
tests/Images/External/ReferenceOutput/AffineTransformTests/Transform_RotateScaleTranslate_Rgba32_TestPattern100x50_R(50)_S(1.5,1.5)_T(0,0).png	c4bbc28c203550baf885cefba95c48a3f91dfb5242c09acbf3a8509b7258048e	20768
tests/Images/External/ReferenceOutput/AffineTransformTests/Transform_RotateScaleTranslate_Rgba32_TestPattern100x50__original.png	5ec2dd66678dc1a0ae3bd4bf6667fbb8ceb8a8af63ca878c490545e303c9d1ad	851
tests/Images/External/ReferenceOutput/AffineTransformTests/Transform_RotateScale_ManuallyCentered_Rgba32_TestPattern96x96_R(50)_S(0.8).png	566e85b1a527f48c953bcc7bc6c58ebd1fe0b14972c38edd596b025e0dd48624	10940
tests/Images/External/ReferenceOutput/AffineTransformTests/Transform_WithSampler_Rgba32_TestPattern150x150_Bicubic.png	aa5b0d5de93f26c0a7a03b57a00d4a49cda62f4a4b98b6d374261467c03a8357	13500
tests/Images/External/ReferenceOutput/AffineTransformTests/Transform_WithSampler_Rgba32_TestPattern150x150_Box.png	62267d8d56af3e1452f0e25144f2cfe352b88def98af28e819a3a6982040a4ca	4102
tests/Images/External/ReferenceOutput/AffineTransformTests/Transform_WithSampler_Rgba32_TestPattern150x150_CatmullRom.png	878d5c53b84af4d133825206a327fd4cd02a43831ecabf5c61c5d89181c5a107	13499
tests/Images/External/ReferenceOutput/AffineTransformTests/Transform_WithSampler_Rgba32_TestPattern150x150_Hermite.png	f0aa3c19852632e603ec425aeecc5243d4c6c24a1ac6e3906d29913bf7ead2df	12535
tests/Images/External/ReferenceOutput/AffineTransformTests/Transform_WithSampler_Rgba32_TestPattern150x150_Lanczos2.png	ec648c2e8006d478ace4a78d2434a4ef7f10d4a3502468cd8b9e2b1f154620b6	14278
tests/Images/External/ReferenceOutput/AffineTransformTests/Transform_WithSampler_Rgba32_TestPattern150x150_Lanczos3.png	6cb06152d5a0765ad86e8005d6ddac469914ccced89d5ee37d77e7d030b97c9e	17281
tests/Images/External/ReferenceOutput/AffineTransformTests/Transform_WithSampler_Rgba32_TestPattern150x150_Lanczos5.png	38ea8596a682be0075bb31ed176b1fe04b518eb887235d551a574e338d45880b	18869
tests/Images/External/ReferenceOutput/AffineTransformTests/Transform_WithSampler_Rgba32_TestPattern150x150_Lanczos8.png	965f42f021c63a0f2ccc691723c4ad7f92119294aec407c7ffd46a6238c8f268	20792
tests/Images/External/ReferenceOutput/AffineTransformTests/Transform_WithSampler_Rgba32_TestPattern150x150_MitchellNetravali.png	86f1b9e8f1e38070ce862d87c927313904ceaa9e6080f5acead90e82d164738c	13879
tests/Images/External/ReferenceOutput/AffineTransformTests/Transform_WithSampler_Rgba32_TestPattern150x150_NearestNeighbor.png	270f9c2bf5d15fcb21796b3b9eb393e0cc00d9c337036637295ad1efb56781b1	4114
tests/Images/External/ReferenceOutput/AffineTransformTests/Transform_WithSampler_Rgba32_TestPattern150x150_Robidoux.png	d413162a83c223124a2f29f8154e4bdc08d94bd3e15569ec6cffaa13bdda72c8	13953
tests/Images/External/ReferenceOutput/AffineTransformTests/Transform_WithSampler_Rgba32_TestPattern150x150_RobidouxSharp.png	941ea7b4d1f2c187f58920546e2f19fc275505929439cc389edcc59e652e8787	13777
tests/Images/External/ReferenceOutput/AffineTransformTests/Transform_WithSampler_Rgba32_TestPattern150x150_Spline.png	cc5e6a607ef2343cb74c5227dbc7861840db956951f1fc4703fe53dbccda0974	14808
tests/Images/External/ReferenceOutput/AffineTransformTests/Transform_WithSampler_Rgba32_TestPattern150x150_Triangle.png	2ac06a9ba2b2c8bef7e0117ac52fbb790101c0f89313dc49feb1f5a1d929ab02	12381
tests/Images/External/ReferenceOutput/AffineTransformTests/Transform_WithSampler_Rgba32_TestPattern150x150_Welch.png	ad0f483fa7fda620860858c4f330ba914480fba15d70b408fb1aa3fed52dbfc1	16839
tests/Images/External/ReferenceOutput/AffineTransformTests/Transform_With_Custom_Dimensions_Rgba32_TestPattern100x100_0.0001.png	ba501a7fc32a68f8989965aa6457b3860ec42947e2bcd4526c7570ff743f38fc	841
tests/Images/External/ReferenceOutput/AffineTransformTests/Transform_With_Custom_Dimensions_Rgba32_TestPattern100x100_0.png	c86a0ceb875e02b58084fd95e5c439791af313e1fb273baf00b35187a2678d2f	657
tests/Images/External/ReferenceOutput/AffineTransformTests/Transform_With_Custom_Dimensions_Rgba32_TestPattern100x100_57.png	8265c5b2e8edd5eaf0aeeccf86cac486e7beec581e696d3b4f4cfee8f4be9b2b	5554
tests/Images/External/ReferenceOutput/BinaryThresholdTest/ImageShouldApplyBinaryMaxChromaThresholdFilter_Rgba32_colors-saturation-lightness_0.25.png	51cb254212641ec3d81a7d412cc31c2e0e6b006581796d7507af15127e1d08a9	7913
tests/Images/External/ReferenceOutput/BinaryThresholdTest/ImageShouldApplyBinaryMaxChromaThresholdFilter_Rgba32_colors-saturation-lightness_0.75.png	cc004ff9b47bcd9300b7dfbd14f2351f17ed4bff205f90845aac823713531dfc	4388
tests/Images/External/ReferenceOutput/BinaryThresholdTest/ImageShouldApplyBinaryMaxChromaThresholdFilter_Rgba32_rgb-48bpp_0.25.png	c0110c27732a1986430589bd9caf849f92525b5dae7be820879883cec7dbd14f	10367
tests/Images/External/ReferenceOutput/BinaryThresholdTest/ImageShouldApplyBinaryMaxChromaThresholdFilter_Rgba32_rgb-48bpp_0.75.png	428c04136ce785178f498d2496d395fd173c35593a290da3224ac798041bf7da	9843
tests/Images/External/ReferenceOutput/BinaryThresholdTest/ImageShouldApplyBinaryMaxChromaThresholdInBox_Rgba32_colors-saturation-lightness_0.25.png	11d9396bf4d48bd2dccdc2e4d9d0fe3bd2d1b1b774453151e520db7fb1c0bfac	325147
tests/Images/External/ReferenceOutput/BinaryThresholdTest/ImageShouldApplyBinaryMaxChromaThresholdInBox_Rgba32_colors-saturation-lightness_0.75.png	6c350a217923d4812599bf7d53d0dc1d69384bf44ce08b348c5c0d7d41cf63c2	324065
tests/Images/External/ReferenceOutput/BinaryThresholdTest/ImageShouldApplyBinaryMaxChromaThresholdInBox_Rgba32_rgb-48bpp_0.25.png	e936af882acaa38d82aef579b976c3d6183482e7b9611a0dd9868056f0190647	316095
tests/Images/External/ReferenceOutput/BinaryThresholdTest/ImageShouldApplyBinaryMaxChromaThresholdInBox_Rgba32_rgb-48bpp_0.75.png	b43edc1dea9209588dd81fc21cec9ae9dd067e74df7c6d157519371e21c54292	316286
tests/Images/External/ReferenceOutput/BinaryThresholdTest/ImageShouldApplyBinarySaturationThresholdFilter_Rgba32_colors-saturation-lightness_0.25.png	0565725dc6b81dab6e4553b5d1956f7fdce5d442c99af9d3bd4eca5faafb2a4c	9120
tests/Images/External/ReferenceOutput/BinaryThresholdTest/ImageShouldApplyBinarySaturationThresholdFilter_Rgba32_colors-saturation-lightness_0.75.png	e2fac1d23e6638ff2479ea6010a1466651b6a9b2e4e8ab1c5309361682377175	8501
tests/Images/External/ReferenceOutput/BinaryThresholdTest/ImageShouldApplyBinarySaturationThresholdFilter_Rgba32_rgb-48bpp_0.25.png	7ade68e760e7aa28499ba7fa9324027b66d377438565901b4bf3db40ebb95c3f	9795
tests/Images/External/ReferenceOutput/BinaryThresholdTest/ImageShouldApplyBinarySaturationThresholdFilter_Rgba32_rgb-48bpp_0.75.png	351b945c4f1ae794d166a141d745c509003147e54fc735c3a97987b7912bf1f0	10813
tests/Images/External/ReferenceOutput/BinaryThresholdTest/ImageShouldApplyBinarySaturationThresholdInBox_Rgba32_colors-saturation-lightness_0.25.png	7cb7b90177c8f136accea0e5649fcf91c5467cac8310c39818001bd67ade1931	325514
tests/Images/External/ReferenceOutput/BinaryThresholdTest/ImageShouldApplyBinarySaturationThresholdInBox_Rgba32_colors-saturation-lightness_0.75.png	8058aba0e2f553d9badd6bc12b152465fd8bd3dfb0933d303a565c3472b8cf91	325033
tests/Images/External/ReferenceOutput/BinaryThresholdTest/ImageShouldApplyBinarySaturationThresholdInBox_Rgba32_rgb-48bpp_0.25.png	260a432d56e9972a4b0617c47c81090dd768363eac3cae27c91a4176eac30fde	315799
tests/Images/External/ReferenceOutput/BinaryThresholdTest/ImageShouldApplyBinarySaturationThresholdInBox_Rgba32_rgb-48bpp_0.75.png	a0abfdf31816948bb3ea72b2d4b1ea0d6e648c87e8f2283e38cf133505f1d39c	316284
tests/Images/External/ReferenceOutput/BinaryThresholdTest/ImageShouldApplyBinaryThresholdFilter_Rgba32_colors-saturation-lightness_0.25.png	ffe0d135aa932ec246edca7124a550121acd090d7d56c8cb3f1d80cd6139831f	6906
tests/Images/External/ReferenceOutput/BinaryThresholdTest/ImageShouldApplyBinaryThresholdFilter_Rgba32_colors-saturation-lightness_0.75.png	b76320eec406b546e6d9e7c00f01faf4528d1e5573b52665df4664392b406c6a	6708
tests/Images/External/ReferenceOutput/BinaryThresholdTest/ImageShouldApplyBinaryThresholdFilter_Rgba32_rgb-48bpp_0.25.png	7ade047ec10bfd20a7ac0205c9aff3bda33607883291d4fe23704ac8864ac239	8066
tests/Images/External/ReferenceOutput/BinaryThresholdTest/ImageShouldApplyBinaryThresholdFilter_Rgba32_rgb-48bpp_0.75.png	bbe9c25d68423cba508713f85c4753c302dbf95afec45a0ed5bc21299438e222	6817
tests/Images/External/ReferenceOutput/BinaryThresholdTest/ImageShouldApplyBinaryThresholdInBox_Rgba32_colors-saturation-lightness_0.25.png	7427a84c0ea1cb41543604eeb8aba6bfad15799c9814e7a9e8346bea2c01a354	324724
tests/Images/External/ReferenceOutput/BinaryThresholdTest/ImageShouldApplyBinaryThresholdInBox_Rgba32_colors-saturation-lightness_0.75.png	c7408fa9679d211fc161b89850e6e68cb90719ddc4d1d7ff4d029debbac24e32	325185
tests/Images/External/ReferenceOutput/BinaryThresholdTest/ImageShouldApplyBinaryThresholdInBox_Rgba32_rgb-48bpp_0.25.png	e0f34b0685e327e986186775288fb034d9154073c2986c714eb59eae7f4112bf	315109
tests/Images/External/ReferenceOutput/BinaryThresholdTest/ImageShouldApplyBinaryThresholdInBox_Rgba32_rgb-48bpp_0.75.png	51a988d37b88327b244b7ca991c225550b5e5ba1e5322c0756a8108e7cf6cb98	314609
tests/Images/External/ReferenceOutput/BmpDecoderTests/BmpDecoder_CanDecodeAlphaBitfields_Rgba32_rgba32abf.png	1c7c5d24cf8ba473a22d1c12dcd196f626d2ef056a35bb3ff54b5c84516544bf	14547
tests/Images/External/ReferenceOutput/BmpDecoderTests/BmpDecoder_CanDecodeBitfields_Rgba32_issue735.png	15de93db72e2de0ad1a21b67931df57c1a129f062fe1ed3cb7f083761af4fe36	61931
tests/Images/External/ReferenceOutput/BmpDecoderTests/BmpDecoder_CanDecodeBitfields_Rgba32_rgb16-565.png	7a568f9f12adc5606e5b74d25a4bf083e2b565d73635704e205400d5a073fcd3	9895
tests/Images/External/ReferenceOutput/BmpDecoderTests/BmpDecoder_CanDecodeBitfields_Rgba32_rgb16-565pal.png	7a568f9f12adc5606e5b74d25a4bf083e2b565d73635704e205400d5a073fcd3	9895
tests/Images/External/ReferenceOutput/BmpDecoderTests/BmpDecoder_CanDecodeBitfields_Rgba32_rgb16bfdef.png	c05e0b14a389d11f531d4238900106a81f25a741a55bbbcd160b8b67eb32adb6	7019
tests/Images/External/ReferenceOutput/BmpDecoderTests/BmpDecoder_CanDecodeBitfields_Rgba32_rgb32bf.png	3d577ac117b8260ad08e6f051c949d9187f04699eed0f063476aaf42eada2366	20640
tests/Images/External/ReferenceOutput/BmpDecoderTests/BmpDecoder_CanDecodeBitfields_Rgba32_rgb32bfdef.png	3d577ac117b8260ad08e6f051c949d9187f04699eed0f063476aaf42eada2366	20640
tests/Images/External/ReferenceOutput/BmpDecoderTests/BmpDecoder_CanDecode_16Bit_Inverted_Rgba32_test16-inverted.png	53a33da2c1a84c0e8426e1a2ba24e2fe2de17a7bc75760184fb10bf6dc96954a	7896
tests/Images/External/ReferenceOutput/BmpDecoderTests/BmpDecoder_CanDecode_2Bit_Rgba32_pal2.png	2c3e8b87af737c40d7be02e55a2aec93bb0e7bd123cd1f3e3b74482a0c7d18bd	2376
tests/Images/External/ReferenceOutput/BmpDecoderTests/BmpDecoder_CanDecode_2Bit_Rgba32_pal2color.png	c3da68e15f4edf6ce5da76360f3704d52baff5292ee12efe5415540b5788dda5	2578
tests/Images/External/ReferenceOutput/BmpDecoderTests/BmpDecoder_CanDecode_Os2BitmapArray_Rgba32_9S.png	8597af653507fb625a8f387ce01ab900603086892f046b7b92e6fcf60a636295	884
tests/Images/External/ReferenceOutput/BmpDecoderTests/BmpDecoder_CanDecode_Os2BitmapArray_Rgba32_DIAMOND.png	0a6989978a0fe36399a774000ee04336d090a4e6a2b63bcbfcd45312ccac4dab	648
tests/Images/External/ReferenceOutput/BmpDecoderTests/BmpDecoder_CanDecode_Os2BitmapArray_Rgba32_GMARBLE.png	951d9d48a5b5df5b70a8c217e2a3d94f4b2c8e8cc63d70cb807627b8e98b8b1d	20567
tests/Images/External/ReferenceOutput/BmpDecoderTests/BmpDecoder_CanDecode_Os2BitmapArray_Rgba32_PINES.png	35dc46a1f19f3f0a91948bee9b173f6ce264ade69754c01b688e2a878f1374a9	21406
tests/Images/External/ReferenceOutput/BmpDecoderTests/BmpDecoder_CanDecode_Os2BitmapArray_Rgba32_SKATER.png	3191c0ac33c1749f770f96814c0585715aa1c0b085f02256317cedeabc531c12	636
tests/Images/External/ReferenceOutput/BmpDecoderTests/BmpDecoder_CanDecode_Os2BitmapArray_Rgba32_SPADE.png	50c5f1adb8b9f0f9a111fdd4b04df023d4239d409f93e2ab5823352c02761118	802
tests/Images/External/ReferenceOutput/BmpDecoderTests/BmpDecoder_CanDecode_Os2BitmapArray_Rgba32_SUNFLOW.png	8f0f9b6a5f1a36596fbe8ac1416e69af82e24c5892a8012a6b68206b6e467bec	14190
tests/Images/External/ReferenceOutput/BmpDecoderTests/BmpDecoder_CanDecode_Os2BitmapArray_Rgba32_WARPD.png	452e8aeca41c0899f4e7a4f0458f7cf2dd8002e42a752708d7dd308e040641a0	103892
tests/Images/External/ReferenceOutput/BmpDecoderTests/BmpDecoder_CanDecode_Os2BitmapArray_Rgba32_ba-bm.png	9e1fc90acab9db3469b673036c8cdcf5920ca3d12915a412280f09a86a14ad2e	5081
tests/Images/External/ReferenceOutput/BmpDecoderTests/BmpDecoder_CanDecode_Os2v2Header_Rgba32_pal8os2v2.png	9e1fc90acab9db3469b673036c8cdcf5920ca3d12915a412280f09a86a14ad2e	5081
tests/Images/External/ReferenceOutput/BmpDecoderTests/BmpDecoder_CanDecode_Os2v2XShortHeader_Rgba32_pal8os2v2-16.png	9e1fc90acab9db3469b673036c8cdcf5920ca3d12915a412280f09a86a14ad2e	5081
tests/Images/External/ReferenceOutput/BmpDecoderTests/BmpDecoder_CanDecode_RunLengthEncoded_24Bit_Rgba32_rgb24rle24.png	9e1fc90acab9db3469b673036c8cdcf5920ca3d12915a412280f09a86a14ad2e	5081
tests/Images/External/ReferenceOutput/BmpDecoderTests/BmpDecoder_CanDecode_RunLengthEncoded_24Bit_Rgba32_rle24rlecut.png	13d9b630227069f3fd744ef486d64d3f997ee0a9844824e9986c55d754bf413c	4379
tests/Images/External/ReferenceOutput/BmpDecoderTests/BmpDecoder_CanDecode_RunLengthEncoded_4Bit_WithDelta_Rgba32_pal4rlecut.png	f0c97446dec6af009423dcae431c44d23963179c3c3bfbeaf3f3b52022a33f68	2414
tests/Images/External/ReferenceOutput/BmpDecoderTests/BmpDecoder_CanDecode_RunLengthEncoded_4Bit_WithDelta_Rgba32_pal4rletrns.png	a651b81764696cd4fe42113d5ac26006f54820d2df8b2103793e82c66597b2b0	2837
tests/Images/External/ReferenceOutput/BmpDecoderTests/BmpDecoder_CanDecode_RunLengthEncoded_4Bit_WithDelta_Rgba32_rle4-delta-320x240.png	55672d405a3d085c72cfc9fb26bc3955bf858e525c54c6c4505f093f011f378d	3188
tests/Images/External/ReferenceOutput/BmpDecoderTests/BmpDecoder_CanDecode_RunLengthEncoded_8Bit_Inverted_Rgba32_RunLengthEncoded-inverted.png	0e774cba4dda2fe9d3cdff141e7a8c1de7f3e9c8014093abf8697a34e6cc7144	5379
tests/Images/External/ReferenceOutput/BmpDecoderTests/BmpDecoder_CanDecode_RunLengthEncoded_8Bit_WithDeltaAndEOL_MagickRefDecoder_Rgba32_pal8rlecut.png	44d281c31cd264dcb812df8cb5dc9d5042e915d64e8013af5577dbfea6cbb1cf	3955
tests/Images/External/ReferenceOutput/BmpEncoderTests/Encode_8BitColor_WithHexadecatreeQuantizer_rgb32.bmp	fff91e78a87c2b2db661609dd70af2d7a74e6a0de18924ab2b6272e12c60977d	9270
tests/Images/External/ReferenceOutput/BmpEncoderTests/Encode_8BitColor_WithWuQuantizer_rgb32.bmp	e063e97cd8a000de6830adcc3961a7dc41785d40cd4d83af10ca38d96e071362	9270
tests/Images/External/ReferenceOutput/BokehBlurTest/BokehBlurFilterProcessor_BikeGrayscale_R16_C1_G3.png	0c047a274060b1bf73af9c922bff4f2ea627bd0fad023b3c3a5852f49d026c6b	50025
tests/Images/External/ReferenceOutput/BokehBlurTest/BokehBlurFilterProcessor_BikeGrayscale_R16_C2_G3.png	aa1b0b58ddb6a5c29ccd78f1bc2e773a2005493b92efe5c0deb8056af6fc0208	45605
tests/Images/External/ReferenceOutput/BokehBlurTest/BokehBlurFilterProcessor_BikeGrayscale_R8_C1_G1.png	ead63aaaf5b185342f83317c2400b7ada29a82223e35e9a7382f690101ae40f7	54798
tests/Images/External/ReferenceOutput/BokehBlurTest/BokehBlurFilterProcessor_Bike_R16_C1_G3.png	025751d22eeeac10878e79d2bf1987e0a055cf9f54903048673189a385036744	157237
tests/Images/External/ReferenceOutput/BokehBlurTest/BokehBlurFilterProcessor_Bike_R16_C2_G3.png	77cae565842c0c8b0314d1c10c72f4b52483d002c614a33734b534f743d06b5d	146574
tests/Images/External/ReferenceOutput/BokehBlurTest/BokehBlurFilterProcessor_Bike_R8_C1_G1.png	223027dcd3a8e5ded5f98b3aa47b0e18bc40b569e47f6bfdab1126f4420e5977	171283
tests/Images/External/ReferenceOutput/BokehBlurTest/BokehBlurFilterProcessor_Bounded_BikeGrayscale_R16_C1_G3.png	3260ab8cc85b9fd64720376cb7c2fee026af7f30aba0a273d961a44635ed2e87	79287
tests/Images/External/ReferenceOutput/BokehBlurTest/BokehBlurFilterProcessor_Bounded_BikeGrayscale_R16_C2_G3.png	b59f781529494c62951cddbcd99ef29a334e39ff04f27391526e24aa5cb46450	77995
tests/Images/External/ReferenceOutput/BokehBlurTest/BokehBlurFilterProcessor_Bounded_BikeGrayscale_R8_C1_G1.png	ae5c8924f261044fbf6ea4257c05a05c5715fa64fd5b04f93f9a0c591619a3d9	83978
tests/Images/External/ReferenceOutput/BokehBlurTest/BokehBlurFilterProcessor_Bounded_Bike_R16_C1_G3.png	5587863a814ad37010464313d1351399617e3f2d94e363dd3196e82f7bc3ee9d	247417
tests/Images/External/ReferenceOutput/BokehBlurTest/BokehBlurFilterProcessor_Bounded_Bike_R16_C2_G3.png	4eaf2e9d13e73f9b7744cba89c2d0c268e3ab5718b3df7ccb01f4521ca4af002	243906
tests/Images/External/ReferenceOutput/BokehBlurTest/BokehBlurFilterProcessor_Bounded_Bike_R8_C1_G1.png	8d80a75091d547cb0d30ac61eba714d5a6562265a2c36f79c227ad060a1eeb4a	256901
tests/Images/External/ReferenceOutput/BokehBlurTest/BokehBlurFilterProcessor_Bounded_CalliphoraPartial_R16_C1_G3.png	6019cc0bc65d0f1e9bdb03e3954b04d220414a0a4cf345c95764e893e1b7cddf	257288
tests/Images/External/ReferenceOutput/BokehBlurTest/BokehBlurFilterProcessor_Bounded_CalliphoraPartial_R16_C2_G3.png	1b1251c453bede61ec3bc09c1ce070f4be89b5dfac9913e4a2ed8a3d9b1ef362	255308
tests/Images/External/ReferenceOutput/BokehBlurTest/BokehBlurFilterProcessor_Bounded_CalliphoraPartial_R8_C1_G1.png	040e5aa93a5d57d0cc3312a20401a5535bc7f03c7f9612c885e1b5fd1e6e892f	269037
tests/Images/External/ReferenceOutput/BokehBlurTest/BokehBlurFilterProcessor_Bounded_cross_R16_C1_G3.png	dfdc65d04ea7e1e05ee952e6a1a3fb87ecabd9a280624cf9745ec11d9c2efd60	5818
tests/Images/External/ReferenceOutput/BokehBlurTest/BokehBlurFilterProcessor_Bounded_cross_R16_C2_G3.png	71c8bd171de42cd17dbfea8a7012ab76526dcf166948f72aa6ed42e52c4d6437	5723
tests/Images/External/ReferenceOutput/BokehBlurTest/BokehBlurFilterProcessor_Bounded_cross_R8_C1_G1.png	d13652480cc8a57bcc2c9c07b882f92ad7f089dc96e2ad2578a01841962e578d	5874
tests/Images/External/ReferenceOutput/BokehBlurTest/BokehBlurFilterProcessor_CalliphoraPartial_R16_C1_G3.png	db64cd4e0369fa2db33aa1f21a94466ca39a191b0e0adbbbfbcbca44284c61ab	86151
tests/Images/External/ReferenceOutput/BokehBlurTest/BokehBlurFilterProcessor_CalliphoraPartial_R16_C2_G3.png	afc3a020178a68715ab0dafa30ee1db81630b760fde3df3271048acc627f178c	77614
tests/Images/External/ReferenceOutput/BokehBlurTest/BokehBlurFilterProcessor_CalliphoraPartial_R8_C1_G1.png	5ea7e0c3e16acf40491354191278a09af2db5ac6e0e7b92ba377f8fc9d52e305	117067
tests/Images/External/ReferenceOutput/BokehBlurTest/BokehBlurFilterProcessor_Solid50x50_(255,0,0,255)_R16_C1_G3.png	ba9b046556b04556632f4b651dc9d8ebc4d27699e53567179ef15a850567fee9	85
tests/Images/External/ReferenceOutput/BokehBlurTest/BokehBlurFilterProcessor_Solid50x50_(255,0,0,255)_R16_C2_G3.png	ba9b046556b04556632f4b651dc9d8ebc4d27699e53567179ef15a850567fee9	85
tests/Images/External/ReferenceOutput/BokehBlurTest/BokehBlurFilterProcessor_Solid50x50_(255,0,0,255)_R8_C1_G1.png	ba9b046556b04556632f4b651dc9d8ebc4d27699e53567179ef15a850567fee9	85
tests/Images/External/ReferenceOutput/BokehBlurTest/BokehBlurFilterProcessor_TestPattern200x100_R16_C1_G3.png	20bb78a7539049ced92c936c2a78fdeb3809ffe0cb1dfae034e55e326de094a8	14285
tests/Images/External/ReferenceOutput/BokehBlurTest/BokehBlurFilterProcessor_TestPattern200x100_R16_C2_G3.png	a55e413991f9817ce9cecaf9d3ed31f5cd7559f9d527ff2e03c8bea5be091887	13943
tests/Images/External/ReferenceOutput/BokehBlurTest/BokehBlurFilterProcessor_TestPattern200x100_R8_C1_G1.png	2afdab1f7f430c3f38fa7a6cdac60fbeb03ebcdda00a1bc79b289680a6811388	12056
tests/Images/External/ReferenceOutput/BokehBlurTest/BokehBlurFilterProcessor_TestPattern23x31_R16_C1_G3.png	028cd8201f9e7cd4988d63cc80d9afc96d0c739c65d807f7c755947e49e65111	1326
tests/Images/External/ReferenceOutput/BokehBlurTest/BokehBlurFilterProcessor_TestPattern23x31_R16_C2_G3.png	213e3bd008292b807e2a2ec216ec017a31cd165f4d2a8bc86b3deea3daffc81c	1109
tests/Images/External/ReferenceOutput/BokehBlurTest/BokehBlurFilterProcessor_TestPattern23x31_R8_C1_G1.png	2ceeb731111403f6354c460e403a30a2269ae1b2e2a9ef9b3819bdcadb50b859	1424
tests/Images/External/ReferenceOutput/BokehBlurTest/BokehBlurFilterProcessor_TestPattern30x20_R16_C1_G3.png	fa9d77a2f1b727a42323a8ac19cb4cabdef0e7f0257bc92bb0100cd280f87613	1076
tests/Images/External/ReferenceOutput/BokehBlurTest/BokehBlurFilterProcessor_TestPattern30x20_R16_C2_G3.png	fc9986cd6042d8cad709a5768dc464fc171a3cb5d3457406c11c46ef55388daf	956
tests/Images/External/ReferenceOutput/BokehBlurTest/BokehBlurFilterProcessor_TestPattern30x20_R8_C1_G1.png	7e92efee845abd30705bb9a9cf61997092fca89b48e20d8383a0c08ab159a0af	1491
tests/Images/External/ReferenceOutput/BokehBlurTest/BokehBlurFilterProcessor_WorksWithAllPixelTypes_Bgr24.png	42c62ed7ff832efa4a5f7c25db0fa76eaadd4c702c3c6b3afff7c115d3748f63	15109
tests/Images/External/ReferenceOutput/BokehBlurTest/BokehBlurFilterProcessor_WorksWithAllPixelTypes_Bgra32.png	3ad02d12edd4706280de4c6133c6c173fb8ede339e91d26fe013d78f53b0609c	20502
tests/Images/External/ReferenceOutput/BokehBlurTest/BokehBlurFilterProcessor_WorksWithAllPixelTypes_Gray8.png	bc13a3bedc8ac11627c770134d422662f3d6ec2158a4167ad026d59ec6fc196d	5006
tests/Images/External/ReferenceOutput/BokehBlurTest/BokehBlurFilterProcessor_cross_R16_C1_G3.png	21e8dce4256aecb250e0079c8bd60deb8b2ca55848fb0fd647ed3115afcf82af	8401
tests/Images/External/ReferenceOutput/BokehBlurTest/BokehBlurFilterProcessor_cross_R16_C2_G3.png	c4b1b7f904b23b6d7bd7b0fc4c533d3c213f38bcab689e9dac1936b05b71e9cf	8268
tests/Images/External/ReferenceOutput/BokehBlurTest/BokehBlurFilterProcessor_cross_R8_C1_G1.png	33ca697815ebf4c74343e0abc7a418af8ffdd8fa0830285770249a1f20929eae	8444
tests/Images/External/ReferenceOutput/Convolution/BoxBlurTest/InBox_Rgba32_CalliphoraPartial_3.png	3e4f4145fd269e8b2bb911becc72cda2a0bfca96d797de9ebf030b8ddaf874d8	276572
tests/Images/External/ReferenceOutput/Convolution/BoxBlurTest/InBox_Rgba32_CalliphoraPartial_5.png	045bff9c9d46545a61b9cf38d49b7ee631e36861eb814e94ce387a891c73ed7a	267458
tests/Images/External/ReferenceOutput/Convolution/BoxBlurTest/InBox_Rgba32_Car_3.png	76b1f4181eede513d21633af1c33e7ba484545f41c775a8cb50aca50fb882c5c	192721
tests/Images/External/ReferenceOutput/Convolution/BoxBlurTest/InBox_Rgba32_Car_5.png	0abf372faf736c53d427c303d12c400bcdb226640a12b3117f87e1ca3a25435b	184541
tests/Images/External/ReferenceOutput/Convolution/BoxBlurTest/InBox_Rgba32_blur_3.png	c6dd45683953e7cecbbaaa339b78db1303f9583b8d0988fe1948c6b1b4ba297a	121550
tests/Images/External/ReferenceOutput/Convolution/BoxBlurTest/InBox_Rgba32_blur_5.png	a3867cbbc1d425ceba20dd392de0728ce4de652860491e87434cd33675f56d8e	117863
tests/Images/External/ReferenceOutput/Convolution/BoxBlurTest/OnFullImage_Rgba32_CalliphoraPartial_3.png	d4962891ff596cc2d1e43721786e7cede417175d7f8773abd092e5949c968d2d	156753
tests/Images/External/ReferenceOutput/Convolution/BoxBlurTest/OnFullImage_Rgba32_CalliphoraPartial_5.png	fb0a3b2ec77cdbcddd522e0567b8223658fbbf145bc49306b67b839f0c0fa7d7	117061
tests/Images/External/ReferenceOutput/Convolution/BoxBlurTest/OnFullImage_Rgba32_Car_3.png	1d0df644e610026de22d8867345bcfd7d0ba08e8653a833b666141b79954ea3c	141890
tests/Images/External/ReferenceOutput/Convolution/BoxBlurTest/OnFullImage_Rgba32_Car_5.png	6967b83a2494f4fdef672a748a1855bcd418e9fd1fc3a416472a70a39980856d	121606
tests/Images/External/ReferenceOutput/Convolution/BoxBlurTest/OnFullImage_Rgba32_blur_3.png	186c35bc159c7125f59b47866021051ff74368b9021dd09ad3c6386b39be3546	80992
tests/Images/External/ReferenceOutput/Convolution/BoxBlurTest/OnFullImage_Rgba32_blur_5.png	9d7413d1d7ac69feb1d1f0a61d0d4a8228d3276337446d2c761ce58b0813cf66	67243
tests/Images/External/ReferenceOutput/Convolution/ConvolutionTests/InBox_Rgba32_CalliphoraPartial_-1_-1_-1_-1_16_-1_-1_-1_-1.png	b311f117167e17b4611d525aef57146a6757db08f2a36fa093f45f237df9e1a2	326809
tests/Images/External/ReferenceOutput/Convolution/ConvolutionTests/InBox_Rgba32_Car_-1_-1_-1_-1_16_-1_-1_-1_-1.png	e0eabd5f7dd2f258d04d3f1db8ee4d958754541e0009ae183d6e512f408e3201	249497
tests/Images/External/ReferenceOutput/Convolution/ConvolutionTests/InBox_Rgba32_blur_-1_-1_-1_-1_16_-1_-1_-1_-1.png	048b4a1679852d34d6f74f01b750461ec9db2d3e7e3aa3d2d89d48e5725aa560	142367
tests/Images/External/ReferenceOutput/Convolution/ConvolutionTests/OnFullImage_Rgba32_CalliphoraPartial_-1_-1_-1_-1_16_-1_-1_-1_-1.png	a6f63d117433a93e30b9b41f68f676bb53eb1761f3c665f178ef07ec2c9626c3	338527
tests/Images/External/ReferenceOutput/Convolution/ConvolutionTests/OnFullImage_Rgba32_Car_-1_-1_-1_-1_16_-1_-1_-1_-1.png	d72a3994fc6dcc461da3af5176d5bf62c95b7abeffcbf5547172377db3b0d9ac	287158
tests/Images/External/ReferenceOutput/Convolution/ConvolutionTests/OnFullImage_Rgba32_blur_-1_-1_-1_-1_16_-1_-1_-1_-1.png	b3fd7906f11e87a2b0043cde179317f53e9a2bf02d9e64763be8f9923d60f057	257492
tests/Images/External/ReferenceOutput/Convolution/DetectEdgesTest/DetectEdges2D_WorksWithAllFilters_Rgba32_Bike_Kayyali.png	66169470cf7b29ded78cfd3abc221e5374e4ee70b704ce0f8d4aa082b6a54fc9	81056
tests/Images/External/ReferenceOutput/Convolution/DetectEdgesTest/DetectEdges2D_WorksWithAllFilters_Rgba32_Bike_Prewitt.png	f12129c2de0e085a40dcaac2de40700f8f961ef2a64cd930f23df3d81935a9bc	129869
tests/Images/External/ReferenceOutput/Convolution/DetectEdgesTest/DetectEdges2D_WorksWithAllFilters_Rgba32_Bike_RobertsCross.png	efe7f70d49a3822c759bf9a0a4245abf387620f5e840de6fdb9f6131d4e99259	106478
tests/Images/External/ReferenceOutput/Convolution/DetectEdgesTest/DetectEdges2D_WorksWithAllFilters_Rgba32_Bike_Scharr.png	81e0e6a8c512967d48bfc61065f9d4a9eaca78f8ddf54cd0138cbdb00b6e0f0f	114230
tests/Images/External/ReferenceOutput/Convolution/DetectEdgesTest/DetectEdges2D_WorksWithAllFilters_Rgba32_Bike_Sobel.png	c403541d7e0cc0d8913cc652077d937b3d12ab0978dacfb102ab324efe88b632	130771
tests/Images/External/ReferenceOutput/Convolution/DetectEdgesTest/DetectEdges2D_WorksWithAllFilters_Rgba32_TestPattern100x100_Kayyali.png	5ea6a5da616e343ba1d5518e847fe0fea97dfa046e2a18f45efba10457f1fd74	1394
tests/Images/External/ReferenceOutput/Convolution/DetectEdgesTest/DetectEdges2D_WorksWithAllFilters_Rgba32_TestPattern100x100_Prewitt.png	c5ec7f464eb63163cc70f4c64ac5df3e719972dd2e674a21546a57caed8e87ac	5349
tests/Images/External/ReferenceOutput/Convolution/DetectEdgesTest/DetectEdges2D_WorksWithAllFilters_Rgba32_TestPattern100x100_RobertsCross.png	5d4adff74b72f273e3022f07ffaecbc79126cd176ebcfa33a2b99400853d4cd4	3463
tests/Images/External/ReferenceOutput/Convolution/DetectEdgesTest/DetectEdges2D_WorksWithAllFilters_Rgba32_TestPattern100x100_Scharr.png	60a4a4876939f689be731e62e557b3680bae7ab2c795eae9047e939681f03cce	1656
tests/Images/External/ReferenceOutput/Convolution/DetectEdgesTest/DetectEdges2D_WorksWithAllFilters_Rgba32_TestPattern100x100_Sobel.png	49fc488684c58b7d91dc25003997111b36c37fbd45d4513168dd3a4682fdbb4a	4235
tests/Images/External/ReferenceOutput/Convolution/DetectEdgesTest/DetectEdgesCompass_WorksWithAllFilters_Rgba32_Bike_Kirsch.png	4d99cc705a6c7bc9bbce009eae3637472efde5ff5f832826eba6d74fa386c348	119073
tests/Images/External/ReferenceOutput/Convolution/DetectEdgesTest/DetectEdgesCompass_WorksWithAllFilters_Rgba32_Bike_Robinson.png	113af6d7e451fabcf94090de69ad9c711394e8473c7c627de3baa67f88bb42cd	130874
tests/Images/External/ReferenceOutput/Convolution/DetectEdgesTest/DetectEdgesCompass_WorksWithAllFilters_Rgba32_TestPattern100x100_Kirsch.png	186937ce04f61b42a3ecae29f0b0aa50614532933f05565ed44b1ebc60acfc9f	4323
tests/Images/External/ReferenceOutput/Convolution/DetectEdgesTest/DetectEdgesCompass_WorksWithAllFilters_Rgba32_TestPattern100x100_Robinson.png	326c5a44caf11818852cc4174c8bf8db7171bd64c219ce1c0fa86771f1eff8cd	4550
tests/Images/External/ReferenceOutput/Convolution/DetectEdgesTest/DetectEdges_InBox_Rgba32_Bike.png	ea9814d2724d4180e6628f9fc7f3041ca3a8c0518164b4941e97aee7c2876273	258518
tests/Images/External/ReferenceOutput/Convolution/DetectEdgesTest/DetectEdges_IsNotBoundToSinglePixelType_Bgra32_Bike.png	c403541d7e0cc0d8913cc652077d937b3d12ab0978dacfb102ab324efe88b632	130771
tests/Images/External/ReferenceOutput/Convolution/DetectEdgesTest/DetectEdges_IsNotBoundToSinglePixelType_Rgba32_Bike.png	c403541d7e0cc0d8913cc652077d937b3d12ab0978dacfb102ab324efe88b632	130771
tests/Images/External/ReferenceOutput/Convolution/DetectEdgesTest/DetectEdges_IsNotBoundToSinglePixelType_RgbaVector_Bike.png	addcd6b062106fbad8d89cf551df9c932b53e7eda9ca37ec1f0c47ab1b177cd5	134460
tests/Images/External/ReferenceOutput/Convolution/DetectEdgesTest/DetectEdges_WorksWithAllFilters_Rgba32_Bike_Laplacian3x3.png	aeaa731c83d735037950755cf66b4bee374cdf52a602ce0e456c35efe0be73b2	85549
tests/Images/External/ReferenceOutput/Convolution/DetectEdgesTest/DetectEdges_WorksWithAllFilters_Rgba32_Bike_Laplacian5x5.png	cc1dcf10f0bc03d0ef89acd6ff6c3278f2284269ae9936ebcbb412c2144320f5	82666
tests/Images/External/ReferenceOutput/Convolution/DetectEdgesTest/DetectEdges_WorksWithAllFilters_Rgba32_Bike_LaplacianOfGaussian.png	cd18b8c62e4e7acece0a134252492d8451501e042628834946e4c7f3788c78db	88291
tests/Images/External/ReferenceOutput/Convolution/DetectEdgesTest/DetectEdges_WorksWithAllFilters_Rgba32_TestPattern100x100_Laplacian3x3.png	a2ddaa3c4b7286f256f50bdad575612dee641046b950e4cf806bbfc2de4e9bf1	4323
tests/Images/External/ReferenceOutput/Convolution/DetectEdgesTest/DetectEdges_WorksWithAllFilters_Rgba32_TestPattern100x100_Laplacian5x5.png	d2d1960d83de64b2bd48f4eec5db4ca34d5f5d99c069ccad06d9889025650af1	4323
tests/Images/External/ReferenceOutput/Convolution/DetectEdgesTest/DetectEdges_WorksWithAllFilters_Rgba32_TestPattern100x100_LaplacianOfGaussian.png	c2942d8809e5fde2b1890ec6db7aa64617787933a0990ec0a52185b0cd4edbfd	4323
tests/Images/External/ReferenceOutput/Convolution/GaussianBlurTest/InBox_Rgba32_CalliphoraPartial_3.png	e2e7a74fe02c795d77c2221482a96bfd17cc0b91882cb49d94b978a4eb553813	262921
tests/Images/External/ReferenceOutput/Convolution/GaussianBlurTest/InBox_Rgba32_CalliphoraPartial_5.png	35dcaf3afea6c68196d3b684f675410dc2c61cdb6d77fb7c772981d0aade51fd	258423
tests/Images/External/ReferenceOutput/Convolution/GaussianBlurTest/InBox_Rgba32_Car_3.png	dd006c7ed0bccc968720b752584419c7983481c146a88c0b7e003c7759e4a89e	183106
tests/Images/External/ReferenceOutput/Convolution/GaussianBlurTest/InBox_Rgba32_Car_5.png	b65b30789c22f0357ee35fed9fe046c255c6aa0835faa1ede269084d02857f73	173555
tests/Images/External/ReferenceOutput/Convolution/GaussianBlurTest/InBox_Rgba32_blur_3.png	ace61fd7330b5e52b7aa09af937259d200b71fa152bf1ffdc6b891e5b61abfd5	117133
tests/Images/External/ReferenceOutput/Convolution/GaussianBlurTest/InBox_Rgba32_blur_5.png	bc2f26bda2dec8354d8b77887806012f28f54b8a8f7e39e7e4bcb4d872d29042	114247
tests/Images/External/ReferenceOutput/Convolution/GaussianBlurTest/OnFullImage_Rgba32_CalliphoraPartial_3.png	ca66b363d2566ae50f8e2fabb5811e83f8a797aac8850148b4f4d1689d9472ef	103659
tests/Images/External/ReferenceOutput/Convolution/GaussianBlurTest/OnFullImage_Rgba32_CalliphoraPartial_5.png	8e37e52779e9c74d6543fd49bbd5644ae9b773ee40cb413fd06af3a4a8c54370	80731
tests/Images/External/ReferenceOutput/Convolution/GaussianBlurTest/OnFullImage_Rgba32_Car_3.png	fd774c1ebd288a48a686a55e9f750cf275bb63cc692185b29e275b18e64a298c	116146
tests/Images/External/ReferenceOutput/Convolution/GaussianBlurTest/OnFullImage_Rgba32_Car_5.png	b722332185401bdd4e4bb6fe3f56369d5f59a752acfec11805def4de7cb949b9	98421
tests/Images/External/ReferenceOutput/Convolution/GaussianBlurTest/OnFullImage_Rgba32_blur_3.png	3aac58316fa795c2683f7cfac34f69ba71501abd78e0d72076cc36c439a8fa7a	63680
tests/Images/External/ReferenceOutput/Convolution/GaussianBlurTest/OnFullImage_Rgba32_blur_5.png	e7bf28351fa51e0e9b0c2fd4b3fc7a30b0b3a8c1ca2dc9dd62ec5fab56e22c10	50451
tests/Images/External/ReferenceOutput/Convolution/GaussianSharpenTest/InBox_Rgba32_CalliphoraPartial_3.png	5ea444d62b7476712274f427d42b69b83e421c9a6f05553076fa71af9ed7aeb5	324209
tests/Images/External/ReferenceOutput/Convolution/GaussianSharpenTest/InBox_Rgba32_CalliphoraPartial_5.png	4844920e31f0f57fccabacd3866a8afe0ebc03f5f0592f9f13e9e42e02e35850	323024
tests/Images/External/ReferenceOutput/Convolution/GaussianSharpenTest/InBox_Rgba32_Car_3.png	62fc4aa5af3e2edf8ce40f970f29656188d415c0abeb975dc3a19946505faa7e	255668
tests/Images/External/ReferenceOutput/Convolution/GaussianSharpenTest/InBox_Rgba32_Car_5.png	08b53445a3c4634ff3f2cde3bc4081527d69b6f4e392ca52b18bef1e7530c179	249687
tests/Images/External/ReferenceOutput/Convolution/GaussianSharpenTest/InBox_Rgba32_blur_3.png	b6eecdf3bf90a2dd9430ce8501ab98f7a25f4f06674673fd6b9ca6a44435d303	239962
tests/Images/External/ReferenceOutput/Convolution/GaussianSharpenTest/InBox_Rgba32_blur_5.png	3cc3a46595d648a4551f499e1246ccdb63a80f424487fb7306fd3cfd772f5f1e	238816
tests/Images/External/ReferenceOutput/Convolution/GaussianSharpenTest/OnFullImage_Rgba32_CalliphoraPartial_3.png	733be45cd59fa377369fbd6f625f19f04814423744bbf412c5d2dcba8223f9dc	303740
tests/Images/External/ReferenceOutput/Convolution/GaussianSharpenTest/OnFullImage_Rgba32_CalliphoraPartial_5.png	1c592d0e9fc06eff1c9826cf8d670357b5cd4338bc98de8f7810f41cf2751f0b	293410
tests/Images/External/ReferenceOutput/Convolution/GaussianSharpenTest/OnFullImage_Rgba32_Car_3.png	23fd386d1a9e021ec2e65ed8bf72903769a65a61649a40297c3a96d8318f2e92	307951
tests/Images/External/ReferenceOutput/Convolution/GaussianSharpenTest/OnFullImage_Rgba32_Car_5.png	9217f4041b8fa51879961cca45f112d15a43ea2cfa994b6db41edece2f014e25	298201
tests/Images/External/ReferenceOutput/Convolution/GaussianSharpenTest/OnFullImage_Rgba32_blur_3.png	59ca62ae017d8f5a19dbd0f61ded29d936c325553eb3e08fe39f2440d4c941eb	356290
tests/Images/External/ReferenceOutput/Convolution/GaussianSharpenTest/OnFullImage_Rgba32_blur_5.png	427d325ace605fe9a22702dcd8bff20dff888293def6569c4dc635b56c732565	351992
tests/Images/External/ReferenceOutput/Convolution/MedianBlurTest/InBox_Rgba32_CalliphoraPartial_3.png	ea5c7e0191cd4cf12067b462f13a7466fac94e94c12fa9d9b291f3d9677a14b4	331353
tests/Images/External/ReferenceOutput/Convolution/MedianBlurTest/InBox_Rgba32_CalliphoraPartial_5.png	b6c5492f42eb5ffaeb7878b47b7654bb2a08bf91f13fe4ca8186892a849ba516	322752
tests/Images/External/ReferenceOutput/Convolution/MedianBlurTest/InBox_Rgba32_Car_3.png	a1fe499ba5b6f4f9ffa73d898be45e2ee13fc7c7c65b5f3366569a280546cb49	234179
tests/Images/External/ReferenceOutput/Convolution/MedianBlurTest/InBox_Rgba32_Car_5.png	fab69dad4a26739fe7dd2167d4b5ec9581b9d1bd9fef9b3df0cf2a195d03efc7	227933
tests/Images/External/ReferenceOutput/Convolution/MedianBlurTest/InBox_Rgba32_blur_3.png	6c06cefc194ab21aabaf256d8a65b42d62b3a22c1a141f8d706a4c2958cec22e	194915
tests/Images/External/ReferenceOutput/Convolution/MedianBlurTest/InBox_Rgba32_blur_5.png	8a7ec3721962f469ad9c057a464f2c79ee64c583e227c3956d27be7240fa0ab7	194709
tests/Images/External/ReferenceOutput/Convolution/MedianBlurTest/OnFullImage_Rgba32_CalliphoraPartial_3.png	14b12f2df171142c9ccb368673c1809a6efa2cf0c4a2bb685ca9012e02b54532	225209
tests/Images/External/ReferenceOutput/Convolution/MedianBlurTest/OnFullImage_Rgba32_CalliphoraPartial_5.png	d5c532fee91fd812fb36f4ae2f05552de4d66f863ee7c1becb33e6e26e6fb6ba	189577
tests/Images/External/ReferenceOutput/Convolution/MedianBlurTest/OnFullImage_Rgba32_Car_3.png	1c9adda439083b795e163d3a54108750ee921010fe03ef9b39bec794a26f8fe4	207101
tests/Images/External/ReferenceOutput/Convolution/MedianBlurTest/OnFullImage_Rgba32_Car_5.png	b0a86d9ec30d609756b402bed229e38bbcd30878c49224d6f6821a240d460608	192432
tests/Images/External/ReferenceOutput/Convolution/MedianBlurTest/OnFullImage_Rgba32_blur_3.png	48cbc90a9fb90c12882e52d2999f1d41da89230c18d9b0a9d06ee2917acee1b8	149396
tests/Images/External/ReferenceOutput/Convolution/MedianBlurTest/OnFullImage_Rgba32_blur_5.png	6cfddcda78110c29f8ddf0cc8cc8089e77bef8f13c468c8fee5eda18779defb4	143547
tests/Images/External/ReferenceOutput/DitherTests/ApplyDiffusionFilterInBox_Rgba32_CalliphoraPartial.png	681b0e36298cb702683fb9ffb2a82f7dfd9080b268db19a03f413809f69d0e07	273269
tests/Images/External/ReferenceOutput/DitherTests/ApplyDitherFilterInBox_Rgba32_CalliphoraPartial - Copy.png	a899a84c6af24bfad89f9fde75957c7a979d65bcf096ab667cb976efd71cb560	271171
tests/Images/External/ReferenceOutput/DitherTests/ApplyDitherFilterInBox_Rgba32_CalliphoraPartial.png	a899a84c6af24bfad89f9fde75957c7a979d65bcf096ab667cb976efd71cb560	271171
tests/Images/External/ReferenceOutput/DitherTests/DiffusionFilter_ShouldNotDependOnSinglePixelType_Bgra32_filter0.png	f7c19df70d24948e1a36299705bb030715cf0d01b453d390989d472c0999d46a	728
tests/Images/External/ReferenceOutput/DitherTests/DiffusionFilter_ShouldNotDependOnSinglePixelType_Rgb24_filter0.png	f7c19df70d24948e1a36299705bb030715cf0d01b453d390989d472c0999d46a	728
tests/Images/External/ReferenceOutput/DitherTests/DiffusionFilter_ShouldNotDependOnSinglePixelType_Rgba32_filter0.png	f7c19df70d24948e1a36299705bb030715cf0d01b453d390989d472c0999d46a	728
tests/Images/External/ReferenceOutput/DitherTests/DiffusionFilter_ShouldNotDependOnSinglePixelType_RgbaVector_filter0.png	0e7ece9d70c4fe0771abd43e4dbb33fb95f474ca56633dcb821022ee44e746d4	728
tests/Images/External/ReferenceOutput/DitherTests/DiffusionFilter_WorksWithAllErrorDiffusers_Bike_Atkinson.png	38597c6144d61960d25c74d7a465b1cdf69b7c0804a6dec68128a6c953258313	52688
tests/Images/External/ReferenceOutput/DitherTests/DiffusionFilter_WorksWithAllErrorDiffusers_Bike_Burks.png	5f9191c71eea1f73aa4c55397ca26f240615c9c4a7fff9a05e6f2e046b5e4d8b	62323
tests/Images/External/ReferenceOutput/DitherTests/DiffusionFilter_WorksWithAllErrorDiffusers_Bike_FloydSteinberg.png	b63810145832db459bb7a6b37a028a7b778f6b6b4e6eae00e50e6e21c5a06086	62199
tests/Images/External/ReferenceOutput/DitherTests/DiffusionFilter_WorksWithAllErrorDiffusers_Bike_JarvisJudiceNinke.png	a67c14ef99a943706f050ff1ea0ef101429292d52bc14ed4610f8338736ff87e	56800
tests/Images/External/ReferenceOutput/DitherTests/DiffusionFilter_WorksWithAllErrorDiffusers_Bike_Sierra2.png	623dd82d372ba517b0d3357d06cffaf105d407a9090cbcbc6a76ae944ab33d67	59468
tests/Images/External/ReferenceOutput/DitherTests/DiffusionFilter_WorksWithAllErrorDiffusers_Bike_Sierra3.png	8edceef8e12c4f3d194523437045c5cf4e80c7bb95ff75f38c1f38a21872e3d0	59376
tests/Images/External/ReferenceOutput/DitherTests/DiffusionFilter_WorksWithAllErrorDiffusers_Bike_SierraLite.png	b1d7019e8cb170ae67496f8250446c4f6b6217378658408c3d51a95c49a4c3bc	63287
tests/Images/External/ReferenceOutput/DitherTests/DiffusionFilter_WorksWithAllErrorDiffusers_Bike_StevensonArce.png	d7c03ede7ab3bd4e57e6a63e53e2e8c771e938fdc7d5dfe5c9339a2c9907c9cf	55550
tests/Images/External/ReferenceOutput/DitherTests/DiffusionFilter_WorksWithAllErrorDiffusers_Bike_Stucki.png	79b690b91223d1fe7ddf1b8826b4474b89644822bc8aa9adee3cf819bc095b4c	60979
tests/Images/External/ReferenceOutput/DitherTests/DiffusionFilter_WorksWithAllErrorDiffusers_CalliphoraPartial_Atkinson.png	e44c49a8f2ab1280c38e6ba71da29a93803b2aa4cf117e1e919909521b0373e6	57636
tests/Images/External/ReferenceOutput/DitherTests/DiffusionFilter_WorksWithAllErrorDiffusers_CalliphoraPartial_Burks.png	359a44bb957481c85d5acd65559b43ffc0acf806d4f4e57d6a791ca65b28295b	59839
tests/Images/External/ReferenceOutput/DitherTests/DiffusionFilter_WorksWithAllErrorDiffusers_CalliphoraPartial_FloydSteinberg.png	7fb3743098a8147fd24294d933d93a61ec0155d754f52544650f6589719905be	60688
tests/Images/External/ReferenceOutput/DitherTests/DiffusionFilter_WorksWithAllErrorDiffusers_CalliphoraPartial_JarvisJudiceNinke.png	41fa7d92a10db450f3b3729ab9e36074224baaefeda21cffd0466e37a111e138	59113
tests/Images/External/ReferenceOutput/DitherTests/DiffusionFilter_WorksWithAllErrorDiffusers_CalliphoraPartial_Sierra2.png	bebf3b3762b339874891e3d434511e5f2557be90d66d6d7fe827b50334ede6c2	58976
tests/Images/External/ReferenceOutput/DitherTests/DiffusionFilter_WorksWithAllErrorDiffusers_CalliphoraPartial_Sierra3.png	fd4358826739db2c22064e8aa90597f8b6403b9d7e2866ec280e743c51d2f41f	59203
tests/Images/External/ReferenceOutput/DitherTests/DiffusionFilter_WorksWithAllErrorDiffusers_CalliphoraPartial_SierraLite.png	6c88740c0553829eaa42ca751b34cc456623a84ccdff4020949a06ef4b4802d1	61137
tests/Images/External/ReferenceOutput/DitherTests/DiffusionFilter_WorksWithAllErrorDiffusers_CalliphoraPartial_StevensonArce.png	0a4a404b0767faac952435f768867cf7bf053848e1e3ef121624f136658a107c	58386
tests/Images/External/ReferenceOutput/DitherTests/DiffusionFilter_WorksWithAllErrorDiffusers_CalliphoraPartial_Stucki.png	174ee39c08eb9a174b48b19dc618d043bf6b71eee68ab7127407eb713e164e61	58934
tests/Images/External/ReferenceOutput/DitherTests/DitherFilter_ShouldNotDependOnSinglePixelType_Bgra32_filter0.png	1110b46ec3296a1631420e0bb915f6fdc3d1cead4b0fc5a63a7a280fbf841ea2	870
tests/Images/External/ReferenceOutput/DitherTests/DitherFilter_ShouldNotDependOnSinglePixelType_Rgb24_filter0.png	e51abcab66201997deda99637de604330ef977fd2d1dbebaa0416c621d03b8f9	869
tests/Images/External/ReferenceOutput/DitherTests/DitherFilter_ShouldNotDependOnSinglePixelType_Rgba32_filter0.png	1110b46ec3296a1631420e0bb915f6fdc3d1cead4b0fc5a63a7a280fbf841ea2	870
tests/Images/External/ReferenceOutput/DitherTests/DitherFilter_ShouldNotDependOnSinglePixelType_RgbaVector_filter0.png	1110b46ec3296a1631420e0bb915f6fdc3d1cead4b0fc5a63a7a280fbf841ea2	870
tests/Images/External/ReferenceOutput/DitherTests/DitherFilter_WorksWithAllDitherers_Bike_Bayer16x16.png	ca70bb0200776efd00c4ef7596d4e1f2f5fbc68e447b395b25ef2b3c732e5156	44189
tests/Images/External/ReferenceOutput/DitherTests/DitherFilter_WorksWithAllDitherers_Bike_Bayer2x2.png	8474b847b7d4a8f3e5c9793ca257ce46efcf49c473c731a9ca9c759851410b94	43066
tests/Images/External/ReferenceOutput/DitherTests/DitherFilter_WorksWithAllDitherers_Bike_Bayer4x4.png	20e80e7d9e68fd85bfbc63c61953327354b0634000ec142e01a42618995fd14c	44391
tests/Images/External/ReferenceOutput/DitherTests/DitherFilter_WorksWithAllDitherers_Bike_Bayer8x8.png	8af98bfcc5edef3f3ff33ee8f76f33ce2906a6677167e2b29e1dbe63b00a78d8	44202
tests/Images/External/ReferenceOutput/DitherTests/DitherFilter_WorksWithAllDitherers_Bike_Ordered3x3.png	b149ebbd550808ae46ff05b5ddcdb1fc0eb6ae0eacbe048e9a1ff24368d8f64d	45003
tests/Images/External/ReferenceOutput/DitherTests/DitherFilter_WorksWithAllDitherers_CalliphoraPartial_Bayer16x16.png	eb86f2037a0aff48a84c0161f22eb2e2495daadbfa9c33185ddfd7b8429a4ea9	51266
tests/Images/External/ReferenceOutput/DitherTests/DitherFilter_WorksWithAllDitherers_CalliphoraPartial_Bayer2x2.png	08c39a43993deadebab21f1d3504027b5910a52adc437c167d77d62e5f5db46e	52762
tests/Images/External/ReferenceOutput/DitherTests/DitherFilter_WorksWithAllDitherers_CalliphoraPartial_Bayer4x4.png	0c9c47fa755d603f8c148011511ee91f32444e0d94367f9db57593e3bf30f2e0	51808
tests/Images/External/ReferenceOutput/DitherTests/DitherFilter_WorksWithAllDitherers_CalliphoraPartial_Bayer8x8.png	ef033a419e2e1b06b57a66175bad9068f71ae4c862a66c5734f65cdaae8a27f0	51461
tests/Images/External/ReferenceOutput/DitherTests/DitherFilter_WorksWithAllDitherers_CalliphoraPartial_Ordered3x3.png	366e84ab8587735455798651096d2af5f965fc325f4852dc68356e94600598b1	52176
tests/Images/External/ReferenceOutput/Drawing/DrawImageTests/DrawImageAnimatedForegroundRepeatCount_Rgba32_giphy.gif/00.png	003d5986b66f90e0841c3fdfa8c595563c8e237467b8218c6fd7fa283ba28b1d	21154
tests/Images/External/ReferenceOutput/Drawing/DrawImageTests/DrawImageAnimatedForegroundRepeatCount_Rgba32_giphy.gif/01.png	e1d148bd561f33c2435226c533dea539e1b21567d8f985a4059d501846e0bf30	21761
tests/Images/External/ReferenceOutput/Drawing/DrawImageTests/DrawImageAnimatedForegroundRepeatCount_Rgba32_giphy.gif/02.png	38519ad5d1d50548fada577d2bd4a8be7f76d1c3071f07bb98f1227c4bc5d303	20522
tests/Images/External/ReferenceOutput/Drawing/DrawImageTests/DrawImageAnimatedForegroundRepeatCount_Rgba32_giphy.gif/03.png	e922f83fd719ba961b8720417befa119000f2c8f3956d3ac8df60c79ff56fe59	21291
tests/Images/External/ReferenceOutput/Drawing/DrawImageTests/DrawImageAnimatedForegroundRepeatCount_Rgba32_giphy.gif/04.png	8b7b904032ff6c142632e8c1efffe3d71c28a89d5824d9fe13dbf4ceeddcf5e8	21367
tests/Images/External/ReferenceOutput/Drawing/DrawImageTests/DrawImageOfDifferentPixelType_Bgra32.png	ffaff9fb6fa2295c00fe5024b7661499a61cc34c78c8b479aecc0509b57bc476	33852
tests/Images/External/ReferenceOutput/Drawing/DrawImageTests/DrawImageOfDifferentPixelType_Rgba32.png	ffaff9fb6fa2295c00fe5024b7661499a61cc34c78c8b479aecc0509b57bc476	33852
tests/Images/External/ReferenceOutput/Drawing/DrawImageTests/DrawTransformed.png	7f8a4db4facce1d68b363a3b59ea40c9da9fa3c989c736d97a703c84d8230660	184595
tests/Images/External/ReferenceOutput/Drawing/DrawImageTests/ImageBlendingMatchesSvgSpecExamples_mode-Add.png	4756b6b82d15345b151942960c1abae9c697ec8d7ec128b4f3bd796e88779427	15684
tests/Images/External/ReferenceOutput/Drawing/DrawImageTests/ImageBlendingMatchesSvgSpecExamples_mode-Darken.png	860e2966148cb2c29a690c9998f359f22cb1113c7fec2cf307df17bf7a7cf229	10177
tests/Images/External/ReferenceOutput/Drawing/DrawImageTests/ImageBlendingMatchesSvgSpecExamples_mode-HardLight.png	defb24dde47675ee3e7647a8055f0d437fb3c79856ca41326fd1edf39ee46535	22338
tests/Images/External/ReferenceOutput/Drawing/DrawImageTests/ImageBlendingMatchesSvgSpecExamples_mode-Lighten.png	a16c7ed0cd8213b478f1a754c9684aeddd218275d6637585f7ced7d925492db0	18362
tests/Images/External/ReferenceOutput/Drawing/DrawImageTests/ImageBlendingMatchesSvgSpecExamples_mode-Multiply.png	fe691de9af39c939d740a1ea900b1378d42b025d3ba14a57e0cf999c8139215b	17149
tests/Images/External/ReferenceOutput/Drawing/DrawImageTests/ImageBlendingMatchesSvgSpecExamples_mode-Normal.png	3e19e8b5beb10a266939414d01c3e3319ac11513f821514669a7abd300be6ea8	23869
tests/Images/External/ReferenceOutput/Drawing/DrawImageTests/ImageBlendingMatchesSvgSpecExamples_mode-Overlay.png	3995b89d929437611d1c2a544c06cdcd1fb147685ff33970744513ace04fb5d6	16637
tests/Images/External/ReferenceOutput/Drawing/DrawImageTests/ImageBlendingMatchesSvgSpecExamples_mode-Screen.png	d8267f374c311d751ca82696ea75591941e2f252e09db44403caa07ccc85ecb9	18775
tests/Images/External/ReferenceOutput/Drawing/DrawImageTests/ImageBlendingMatchesSvgSpecExamples_mode-Subtract.png	c99be5e8c4f1d81377f3cf133cf3dfc36253ba01dac4a8a94b371e5eef5a6d88	12231
tests/Images/External/ReferenceOutput/Drawing/DrawImageTests/Issue2447_A.png	2012789669110c08a00d37add7f53967b902bd617c90f85d7e90b13a32a0a429	354
tests/Images/External/ReferenceOutput/Drawing/DrawImageTests/Issue2447_B.png	f628327efbf1e530d32dc092f2ab361de5ab35fe78db6b5e0274c71f1d170496	363
tests/Images/External/ReferenceOutput/Drawing/DrawImageTests/Issue2447_C.png	40fc8f14b8f9e98fd73855f3dfada39062cc1aff874b3389133a55eb2e968f66	354
tests/Images/External/ReferenceOutput/Drawing/DrawImageTests/Issue2603.png	307ef8cea7999e615420740bb0a403a64b24f1fff5356c2ac45c1952f84c5e4c	508
tests/Images/External/ReferenceOutput/Drawing/DrawImageTests/Issue2608_NegOffset.png	edfd0e17aa304f5b16ad42a761c044c3d617aaee9b9e1e74674567bbcd74d532	590
tests/Images/External/ReferenceOutput/Drawing/DrawImageTests/WorksWithDifferentBounds_10_10.png	f353ee06664a6ff27c533af63cffb9eac4917103ba0b7fff9084fb4d2d42fed7	155
tests/Images/External/ReferenceOutput/Drawing/DrawImageTests/WorksWithDifferentBounds_25_50.png	af198da8f611eb97f3e4e358cb097cd292771d52e991de76495f073c1f1b9338	154
tests/Images/External/ReferenceOutput/Drawing/DrawImageTests/WorksWithDifferentBounds_50_25.png	35bda87f28e03c5ed0d45412e367fae9b04b7684f5242dc20e7709e8ed71cd86	156
tests/Images/External/ReferenceOutput/Drawing/DrawImageTests/WorksWithDifferentBounds_50_50.png	f8b9ff745592bb0e0a365cb0985a5519bf567fc73a09211c88bcda51356f9202	155
tests/Images/External/ReferenceOutput/Drawing/DrawImageTests/WorksWithDifferentConfigurations_Bgr24_CalliphoraPartial_Bike-Normal-1.png	72f7b3d4fd46d23d773ee0287896650330b39d50740b3b5d3eec318d832eaa63	234903
tests/Images/External/ReferenceOutput/Drawing/DrawImageTests/WorksWithDifferentConfigurations_Rgba32_CalliphoraPartial_splash-Normal-0.25.png	50c734b7de7f85c0866a98a7eccb17fe00c4cff0b4830bc6a31d9850b8bedd07	315291
tests/Images/External/ReferenceOutput/Drawing/DrawImageTests/WorksWithDifferentConfigurations_Rgba32_CalliphoraPartial_splash-Normal-0.75.png	7903fd89a872a2f2c9a72a5382051bd4b420df7e6252867caa6caff46cdef83e	310382
tests/Images/External/ReferenceOutput/Drawing/DrawImageTests/WorksWithDifferentConfigurations_Rgba32_CalliphoraPartial_splash-Normal-1.png	2c5ed6c781e52f7a94868a01749ba116a6720dc6099f7f02913412869adf77ea	299040
tests/Images/External/ReferenceOutput/Drawing/DrawImageTests/WorksWithDifferentConfigurations_Rgba32_TestPattern400x400_splash-Add-0.5.png	8500e834f7244df4b8ec31492e66f7139406e673b9784a10ecf784149995b303	73186
tests/Images/External/ReferenceOutput/Drawing/DrawImageTests/WorksWithDifferentConfigurations_Rgba32_TestPattern400x400_splash-Multiply-0.5.png	4caf90bc51068ff44e77e12098bf41a83a99ddd36a95848e0dfcd3a79a1d4126	68999
tests/Images/External/ReferenceOutput/Drawing/DrawImageTests/WorksWithDifferentConfigurations_Rgba32_TestPattern400x400_splash-Subtract-0.5.png	f62d2811997ca73c4b3d6448de225b1f4799e8562a8b638e5369fd9f79d3bfd8	67224
tests/Images/External/ReferenceOutput/Drawing/DrawImageTests/WorksWithDifferentConfigurations_Rgba64_rgb-48bpp_splash-Normal-0.25.png	e71d1de16ac7fe77c20a68e47a01d8cc1e4b0a1241526e203e0c638aff4286aa	1278034
tests/Images/External/ReferenceOutput/Drawing/DrawImageTests/WorksWithDifferentConfigurations_Rgba64_rgb-48bpp_splash-Normal-1.png	be647ef8a62c383f20887eca63cbee452bbb708219de20e351dff5a4c5bb981c	1327872
tests/Images/External/ReferenceOutput/Drawing/DrawImageTests/WorksWithDifferentLocations_-25_-30.png	fafc33a1eb3e8600f11b6199da605b5a1ae63b72704a49328f9f473d933c3416	158
tests/Images/External/ReferenceOutput/Drawing/DrawImageTests/WorksWithDifferentLocations_0_0.png	fe7d4706ea0b98f902cd40de5d6f06a1be964166f5f1e4fe3f4b18c738df123c	157
tests/Images/External/ReferenceOutput/Drawing/DrawImageTests/WorksWithDifferentLocations_25_25.png	6f8687a87b1a795be966912781cacced6682efb6a3ce2063b0ed8ad603e43444	429
tests/Images/External/ReferenceOutput/Drawing/DrawImageTests/WorksWithDifferentLocations_75_50.png	b9164f54bb563f72029b7b7884918e50004222fed56fe00287260871dcff5e54	155
tests/Images/External/ReferenceOutput/Effects/BackgroundColorTest/FullImage_Rgba32_ducky.png	d6b98e16e2e7d9ef9da9fa2c6414ca9f92184c129120458cbcfbc82b0340da87	24481
tests/Images/External/ReferenceOutput/Effects/BackgroundColorTest/FullImage_Rgba32_splash.png	b43d6bc258e310bb26b25dc2504a1ce1d0e5ac97bfecf1f98f429e0d4f6302ae	156564
tests/Images/External/ReferenceOutput/Effects/BackgroundColorTest/InBox_Rgba32_ducky.png	00b563114b3d4bbb3126570b7b4365ec25705483f60059937eb1eb32bbf8fdfb	27751
tests/Images/External/ReferenceOutput/Effects/BackgroundColorTest/InBox_Rgba32_splash.png	649b9cf315c04b682f1bbcf273247207aa49be718a6106113d04ed5f8f61757d	185665
tests/Images/External/ReferenceOutput/Effects/OilPaintTest/FullImage_CalliphoraPartial_15-10.png	df3385c0c2db5109881a8f5023f40f3a4f6164a13c81a113e23b3f150442ac05	174615
tests/Images/External/ReferenceOutput/Effects/OilPaintTest/FullImage_CalliphoraPartial_6-5.png	767f4139969e3db85a5e8e9fea9b288db40e2441617415e6f29a41175771e072	249718
tests/Images/External/ReferenceOutput/Effects/OilPaintTest/FullImage_Car_15-10.png	134b2e0d4ae9cf3d69b4cbd327d487b506d182e58c9c385264b8159f5be107c2	147594
tests/Images/External/ReferenceOutput/Effects/OilPaintTest/FullImage_Car_6-5.png	607db63b25c8c6d761d8febd4ff0e3fdc7a7e650153d8a94a60f0194d6eb1287	203322
tests/Images/External/ReferenceOutput/Effects/OilPaintTest/InBox_Rgba32_CalliphoraPartial_15-10.png	2734d3fc16ffb492e9b972c23897cf6c55c2950cf666dc22857e2ac104d59dee	280896
tests/Images/External/ReferenceOutput/Effects/OilPaintTest/InBox_Rgba32_CalliphoraPartial_6-5.png	36c2a36e8b684298cc621ca05b934e4d897e265084988cc211ec9ef1967beae9	300401
tests/Images/External/ReferenceOutput/Effects/OilPaintTest/InBox_Rgba32_Car_15-10.png	f2728ee47feae4206b4383f04588cdb1ac54d4c6c39878c3998ebc28db3b8d97	191705
tests/Images/External/ReferenceOutput/Effects/OilPaintTest/InBox_Rgba32_Car_6-5.png	7458b084fbb22231a87f0e81bf6d8daa6ff83567eba23f0544e8f879916c04c1	217144
tests/Images/External/ReferenceOutput/Effects/OilPaintTest/InBox_Rgba32_TestPattern100x100_15-10.png	374aef670a6ec6709d4dc7c530bb0d6673c3116c6a4d7bc9deb8c0d340243476	3006
tests/Images/External/ReferenceOutput/Effects/OilPaintTest/InBox_Rgba32_TestPattern100x100_6-5.png	3c548f53eada78896332eff3b4338262c32a6e690fde60f06ef09805ede036fb	2815
tests/Images/External/ReferenceOutput/Effects/PixelShaderTest/FullImage_CalliphoraPartial.png	6d63631501771368531c38c045ac6b1496dc3236809468e91412cbf356376265	113408
tests/Images/External/ReferenceOutput/Effects/PixelShaderTest/InBox_Rgba32_CalliphoraPartial.png	ad798a33ac81a0e4750084c2710b3e49508c04bffaf7708aac3d099a6f9fecea	309998
tests/Images/External/ReferenceOutput/Effects/PixelShaderTest/PositionAwareFullImage_CalliphoraPartial.png	ca94e553d47dfad79df1b9d26b0322d94a075f8c19666b69f3d27c163442c8dd	236159
tests/Images/External/ReferenceOutput/Effects/PixelShaderTest/PositionAwareInBox_Rgba32_CalliphoraPartial.png	f6ffac4a9d911c47b0e8bcaa8493f266e7e5bfa8c223261d21f804d6d67f00c1	344529
tests/Images/External/ReferenceOutput/Effects/PixelateTest/FullImage_ducky_4.png	76d73db6c4739325675e38cec68dfc98d735b0198bafad1b4d37738f93e42d81	4241
tests/Images/External/ReferenceOutput/Effects/PixelateTest/FullImage_ducky_8.png	43d3b1627ec9fed6a35296dc4fb7c933b75e27fefe2029cec45926895a8b167f	1610
tests/Images/External/ReferenceOutput/Effects/PixelateTest/InBox_Rgba32_CalliphoraPartial_4.png	d8b1d0565f2d015751e798c0cf016ec1aa1041cdfb2e4e5c4ac306a266e192f8	245285
tests/Images/External/ReferenceOutput/Effects/PixelateTest/InBox_Rgba32_CalliphoraPartial_8.png	c1d1f66eeb8edb379004f4a4a789d8cf74400fbfac696b6b3c2231a293a1cb26	239213
tests/Images/External/ReferenceOutput/Effects/PixelateTest/InBox_Rgba32_TestPattern320x240_4.png	09764588a7cd1cdd850a3e662db4a8fbc2520a1769203d730b965b794a044f45	2232
tests/Images/External/ReferenceOutput/Effects/PixelateTest/InBox_Rgba32_TestPattern320x240_8.png	8c8012c9ab85780e5eadf78fb43ed9d417ce95928ce595bfbd8cb2ec496987d7	2210
tests/Images/External/ReferenceOutput/ExrDecoderTests/ExrDecoder_CanDecode_Pxr24Compressed_ExrPixelType_Uint_Rgba32_Calliphora_uint_pxr24.png	f66bf45b5d80e412314341567b8cf240d56b5872f01ce9f3b0d6034d85e8e942	163327
tests/Images/External/ReferenceOutput/ExrDecoderTests/ExrDecoder_CanDecode_Uncompressed_Rgb_ExrPixelType_Uint_Rgba32_Calliphora_uint32_uncompressed.png	f66bf45b5d80e412314341567b8cf240d56b5872f01ce9f3b0d6034d85e8e942	163327
tests/Images/External/ReferenceOutput/ExrDecoderTests/ExrDecoder_CanDecode_Uncompressed_Rgba_ExrPixelType_Uint_Rgba32_rgba_uint_uncompressed.png	107c6d26cdb8aac539011acf7213376e930cb705f5815b010b31ce4b9e738f9b	25780
tests/Images/External/ReferenceOutput/Filters/BlackWhiteTest/ApplyBlackWhiteFilter_Rgba32_TestPattern48x48.png	65d3a099dd24fcee2fc86c63b8664ebd81d7b3c530168da5f4e50ee0ca925496	759
tests/Images/External/ReferenceOutput/Filters/BrightnessTest/ApplyBrightnessFilter_Rgba32_TestPattern48x48_0.5.png	15d054beec497b09b4090be71032a3a47ce12a0074b0801bb940b19702334a2f	393
tests/Images/External/ReferenceOutput/Filters/BrightnessTest/ApplyBrightnessFilter_Rgba32_TestPattern48x48_1.5.png	0f59a36a3bfec064e7cf48bf3775a8e52414bce470b44b6f05f313a3ac3a3260	751
tests/Images/External/ReferenceOutput/Filters/ColorBlindnessTest/ApplyColorBlindnessFilter_Rgba32_TestPattern48x48_Achromatomaly.png	34bcad1e22ffd0d73086208dfb75d12001089bfc707dee2c9260acc000f9eda7	924
tests/Images/External/ReferenceOutput/Filters/ColorBlindnessTest/ApplyColorBlindnessFilter_Rgba32_TestPattern48x48_Achromatopsia.png	c3ee638487a8d2a75c683aff7ad04a58a27895195a9c3eed108f62a285955dbd	496
tests/Images/External/ReferenceOutput/Filters/ColorBlindnessTest/ApplyColorBlindnessFilter_Rgba32_TestPattern48x48_Deuteranomaly.png	cf4f0090e3c7119b2eac65c0c47bcba6d76df1cbf778ab8d80225337707a68cb	648
tests/Images/External/ReferenceOutput/Filters/ColorBlindnessTest/ApplyColorBlindnessFilter_Rgba32_TestPattern48x48_Deuteranopia.png	347051d8de005cc1ad92eeef40c065d02c0031f1891143c133b2fe6406a2b8b4	847
tests/Images/External/ReferenceOutput/Filters/ColorBlindnessTest/ApplyColorBlindnessFilter_Rgba32_TestPattern48x48_Protanomaly.png	3ccbb048d622665022847c127e8c18b125e27b046a1aeca3e9f9728b0d5554e8	757
tests/Images/External/ReferenceOutput/Filters/ColorBlindnessTest/ApplyColorBlindnessFilter_Rgba32_TestPattern48x48_Protanopia.png	0965ea8ebe5679bcaa7e00ac5c73a382722e81a8568f5be7951573c255d5990c	827
tests/Images/External/ReferenceOutput/Filters/ColorBlindnessTest/ApplyColorBlindnessFilter_Rgba32_TestPattern48x48_Tritanomaly.png	3d89234ba5185decbe3e0d21475657a19b9db349c45d239ec017b34f54ebe8ef	860
tests/Images/External/ReferenceOutput/Filters/ColorBlindnessTest/ApplyColorBlindnessFilter_Rgba32_TestPattern48x48_Tritanopia.png	80fdf463be6fd54b0ce8977b7b6e564503052f26062de48a1c8ad51232b26f59	683
tests/Images/External/ReferenceOutput/Filters/ContrastTest/ApplyContrastFilter_Rgba32_TestPattern48x48_0.5.png	94fd1158d54d50563ec5658b3f278dc51a99f808740e022a4ead7dd69a91b879	2923
tests/Images/External/ReferenceOutput/Filters/ContrastTest/ApplyContrastFilter_Rgba32_TestPattern48x48_1.5.png	a96097f3248bb50244f3aa07753b077066576e0ecb2f96010607a7ebf0bd8af8	2807
tests/Images/External/ReferenceOutput/Filters/FilterTest/ApplyFilterInBox_Rgba32_TestPattern48x48.png	3d7987df208917e972307c5924164466d62a18ff3b47e6425d2bf6db3fe8deb4	2744
tests/Images/External/ReferenceOutput/Filters/FilterTest/ApplyFilter_Bgra32_TestPattern48x48.png	bf644d60432e4ac0980faaae82ded41706c6fbe25ad2db94e0ca8316a169bfd7	2807
tests/Images/External/ReferenceOutput/Filters/FilterTest/ApplyFilter_Rgba32_TestPattern48x48.png	bf644d60432e4ac0980faaae82ded41706c6fbe25ad2db94e0ca8316a169bfd7	2807
tests/Images/External/ReferenceOutput/Filters/GrayscaleTest/ApplyGrayscaleFilter_Rgba32_TestPattern48x48_Bt601.png	ddd12a6a0ba522c738ebd08ce8bbe4a0c4bb41cdf01e55ea08ca8ced509cb4ba	2689
tests/Images/External/ReferenceOutput/Filters/GrayscaleTest/ApplyGrayscaleFilter_Rgba32_TestPattern48x48_Bt709.png	df275704a518359615540bf355464655196ecbb2ea66c69c77feec8e47249068	2658
tests/Images/External/ReferenceOutput/Filters/HueTest/ApplyHueFilter_Rgba32_TestPattern48x48_-180.png	297694e34588a4d2bdeb4856ca0665f92b8133d53e362d18a853c73e8416c608	2833
tests/Images/External/ReferenceOutput/Filters/HueTest/ApplyHueFilter_Rgba32_TestPattern48x48_180.png	297694e34588a4d2bdeb4856ca0665f92b8133d53e362d18a853c73e8416c608	2833
tests/Images/External/ReferenceOutput/Filters/InvertTest/ApplyInvertFilter_Rgba32_TestPattern48x48.png	19b4539af71059a004bcbfaffb81da342e05b65723b7c528556e3516cae36b41	2633
tests/Images/External/ReferenceOutput/Filters/KodachromeTest/ApplyKodachromeFilter_Rgba32_TestPattern48x48.png	789ff8ee73b3e18c8d96b662002aeab476270c495447961055a60d8b83c5a94e	3038
tests/Images/External/ReferenceOutput/Filters/LightnessTest/ApplyLightnessFilter_Rgba32_TestPattern48x48_0.5.png	0a295d26c02b8ed04d19cc9621f60df8ccca097b2ee98200309beb0444c64125	821
tests/Images/External/ReferenceOutput/Filters/LightnessTest/ApplyLightnessFilter_Rgba32_TestPattern48x48_1.5.png	1cce46b79ca3fd6c23267c54801bf7934d6fd69964338fc25dcb6e63adf3a02b	799
tests/Images/External/ReferenceOutput/Filters/LomographTest/ApplyLomographFilter_Rgba32_TestPattern48x48.png	1c11bb97fe2e2d6f8bf4c8a21c9a58702e1cff6bb02bb52412a8f54d4e1d3bbb	6428
tests/Images/External/ReferenceOutput/Filters/OpacityTest/ApplyAlphaFilter_Rgba32_TestPattern48x48_0.2.png	7089899b93d357320558f3e75fa5c609d18d89eb9965cfcf8bf20e6f6c21b9f0	2528
tests/Images/External/ReferenceOutput/Filters/OpacityTest/ApplyAlphaFilter_Rgba32_TestPattern48x48_0.8.png	4425b5412647a5978bc687707635552b812a5c821d7399d491c4407ae204c6df	2656
tests/Images/External/ReferenceOutput/Filters/PolaroidTest/ApplyPolaroidFilter_Rgba32_TestPattern48x48.png	c91c5113e9dd6ee5b95d32b3181d3d777b6e1dbb64339630cc9817e91208f338	7210
tests/Images/External/ReferenceOutput/Filters/SaturateTest/ApplySaturationFilter_Rgba32_TestPattern48x48_0.5.png	d4e17b9f746d2e6b7032d41df00d6f3fbda3b1b03eedb33d81e060d8d4dabef5	2955
tests/Images/External/ReferenceOutput/Filters/SaturateTest/ApplySaturationFilter_Rgba32_TestPattern48x48_1.5.png	4ca8d88eac7513d3418e6d66fb576d598940e860eb600345310228547542862f	2806
tests/Images/External/ReferenceOutput/Filters/SepiaTest/ApplySepiaFilter_Rgba32_TestPattern48x48.png	998821190abd23ac3c54d70866bc8e056995ac2570b78353c78fbb27626bdb56	2788
tests/Images/External/ReferenceOutput/GifDecoderTests/Decode_Animated_Rgba32_animated_loop.gif/00.png	0b980fb1927a70f88bd26b039c54e4ea20a6a1ad68aacd6f1a68a46eb1997a29	1180
tests/Images/External/ReferenceOutput/GifDecoderTests/Decode_Animated_Rgba32_animated_loop.gif/01.png	4006374b88ff4c4ed665333608a19e693fc083ae72beb71850d0e39ad45c9943	1144
tests/Images/External/ReferenceOutput/GifDecoderTests/Decode_Animated_Rgba32_animated_loop.gif/02.png	1f5054e1e464c9e9fc999eec00b9949a6dc256ee062e9910b5718b6d4658661a	1303
tests/Images/External/ReferenceOutput/GifDecoderTests/Decode_Animated_Rgba32_animated_loop.gif/03.png	49e8bcbcc5dc63fbd555f90a52b4e111cfc058f3adba2ca9c52dec966dbbae8f	1371
tests/Images/External/ReferenceOutput/GifDecoderTests/Decode_Animated_Rgba32_animated_loop_interlaced.gif/00.png	0b980fb1927a70f88bd26b039c54e4ea20a6a1ad68aacd6f1a68a46eb1997a29	1180
tests/Images/External/ReferenceOutput/GifDecoderTests/Decode_Animated_Rgba32_animated_loop_interlaced.gif/01.png	4006374b88ff4c4ed665333608a19e693fc083ae72beb71850d0e39ad45c9943	1144
tests/Images/External/ReferenceOutput/GifDecoderTests/Decode_Animated_Rgba32_animated_loop_interlaced.gif/02.png	1f5054e1e464c9e9fc999eec00b9949a6dc256ee062e9910b5718b6d4658661a	1303
tests/Images/External/ReferenceOutput/GifDecoderTests/Decode_Animated_Rgba32_animated_loop_interlaced.gif/03.png	49e8bcbcc5dc63fbd555f90a52b4e111cfc058f3adba2ca9c52dec966dbbae8f	1371
tests/Images/External/ReferenceOutput/GifDecoderTests/Decode_Animated_WithTransparency_Rgba32_animated_transparent_firstframerestoreprev_loop.gif/00.png	07b63781e5481a46955fc26e9023b243aeada231c4957332c80241e1ad119733	273
tests/Images/External/ReferenceOutput/GifDecoderTests/Decode_Animated_WithTransparency_Rgba32_animated_transparent_firstframerestoreprev_loop.gif/01.png	6bd0b25eafd2fb3f55f593a5243fa1e3b6a7ec43a70b8d0c3a6eddd56fe65ae6	114
tests/Images/External/ReferenceOutput/GifDecoderTests/Decode_Animated_WithTransparency_Rgba32_animated_transparent_firstframerestoreprev_loop.gif/02.png	e2f7bb0aed90e52d7905014d790f0bcb5df3f05e5cb82b51dda88ac13dc5afcf	115
tests/Images/External/ReferenceOutput/GifDecoderTests/Decode_Animated_WithTransparency_Rgba32_animated_transparent_firstframerestoreprev_loop.gif/03.png	b10d33fd285b8a200090bccc35541a608ed062edf1a055357c895935265d216b	116
tests/Images/External/ReferenceOutput/GifDecoderTests/Decode_Animated_WithTransparency_Rgba32_animated_transparent_frame_norestore_loop.gif/00.png	07b63781e5481a46955fc26e9023b243aeada231c4957332c80241e1ad119733	273
tests/Images/External/ReferenceOutput/GifDecoderTests/Decode_Animated_WithTransparency_Rgba32_animated_transparent_frame_norestore_loop.gif/01.png	9296af767fc47ee67249de4f473633f308a323e9e82676dc00952e05cc23f761	341
tests/Images/External/ReferenceOutput/GifDecoderTests/Decode_Animated_WithTransparency_Rgba32_animated_transparent_frame_norestore_loop.gif/02.png	b2926b6f27314950ff21f1357636f933694f8424e391a10d980a1492ef7b3f07	421
tests/Images/External/ReferenceOutput/GifDecoderTests/Decode_Animated_WithTransparency_Rgba32_animated_transparent_frame_norestore_loop.gif/03.png	350624a4f22cbc47b07e5c8ffe0ea2e0f03687d53b77896c7701b04d7c93089d	431
tests/Images/External/ReferenceOutput/GifDecoderTests/Decode_Animated_WithTransparency_Rgba32_animated_transparent_frame_restoreprev_loop.gif/00.png	07b63781e5481a46955fc26e9023b243aeada231c4957332c80241e1ad119733	273
tests/Images/External/ReferenceOutput/GifDecoderTests/Decode_Animated_WithTransparency_Rgba32_animated_transparent_frame_restoreprev_loop.gif/01.png	9296af767fc47ee67249de4f473633f308a323e9e82676dc00952e05cc23f761	341
tests/Images/External/ReferenceOutput/GifDecoderTests/Decode_Animated_WithTransparency_Rgba32_animated_transparent_frame_restoreprev_loop.gif/02.png	726aff614b67ea2ee9ffd53fff8e304130019de99d3ae641bef97e0a24f756be	343
tests/Images/External/ReferenceOutput/GifDecoderTests/Decode_Animated_WithTransparency_Rgba32_animated_transparent_frame_restoreprev_loop.gif/03.png	a645f615d592a1c24b94ad3a4fc63503cb8b0504c9464ee5089d9831b23c28e1	336
tests/Images/External/ReferenceOutput/GifDecoderTests/Decode_Animated_WithTransparency_Rgba32_animated_transparent_loop.gif/00.png	07b63781e5481a46955fc26e9023b243aeada231c4957332c80241e1ad119733	273
tests/Images/External/ReferenceOutput/GifDecoderTests/Decode_Animated_WithTransparency_Rgba32_animated_transparent_loop.gif/01.png	1e90013c0ea6e60ef68143914fdf4b14f83e869cf90aff42d837b1340d867f77	276
tests/Images/External/ReferenceOutput/GifDecoderTests/Decode_Animated_WithTransparency_Rgba32_animated_transparent_loop.gif/02.png	69c0e3fb7365e09f6acd26e334f3cb65ba8657b2de7b1022256f5aac91f257ac	296
tests/Images/External/ReferenceOutput/GifDecoderTests/Decode_Animated_WithTransparency_Rgba32_animated_transparent_loop.gif/03.png	2be415d41972782f91ad513428796588b0040c4125d604f72d1288c5b3e3742f	282
tests/Images/External/ReferenceOutput/GifDecoderTests/Decode_Issue2450_Rgba32_issue_2450.gif/00.png	eb615374f4c680ed4b7e4922e6a0404446c520e254365a1c2406c3dcdad8d02f	2574
tests/Images/External/ReferenceOutput/GifDecoderTests/Decode_Issue2450_Rgba32_issue_2450.gif/08.png	7ac936ace1ea78c3aa7fb099853e32140278f0ce1b5f27cc1ac68aa9d256d5d6	161248
tests/Images/External/ReferenceOutput/GifDecoderTests/Decode_Issue2450_Rgba32_issue_2450.gif/104.png	5cc1406b0b5c7fd60f539414249007112224388b2cc27785833cf229e1078c81	181703
tests/Images/External/ReferenceOutput/GifDecoderTests/Decode_Issue2450_Rgba32_issue_2450.gif/112.png	0fa21bee072c1e2563770759c6fb95f7dc16e467e9aa9e29c5ab482acdbee170	182851
tests/Images/External/ReferenceOutput/GifDecoderTests/Decode_Issue2450_Rgba32_issue_2450.gif/120.png	da813a5f5bbbf95f7f5c8464bdab10d1a7cb7b5f60169b64910f650b98056b3a	183582
tests/Images/External/ReferenceOutput/GifDecoderTests/Decode_Issue2450_Rgba32_issue_2450.gif/128.png	e12217fb78a91a18b0d2110ce1c38159534647e49e9f8390ae8b33eda1bf1046	183390
tests/Images/External/ReferenceOutput/GifDecoderTests/Decode_Issue2450_Rgba32_issue_2450.gif/136.png	f62ad66be6a04c50b47e1a047e54a177bbaf97ff8a3e4a170e114c3dcc2386c7	183231
tests/Images/External/ReferenceOutput/GifDecoderTests/Decode_Issue2450_Rgba32_issue_2450.gif/144.png	1f91b0f28197e2dc9e2e010c32ae2c2cc79568c2e9158b40e383e88eb8d299f8	183209
tests/Images/External/ReferenceOutput/GifDecoderTests/Decode_Issue2450_Rgba32_issue_2450.gif/152.png	b17a8715a14e63e7b68f77a41eb15ce07f11fc4e652b27b1c071fda9182aa4e7	183214
tests/Images/External/ReferenceOutput/GifDecoderTests/Decode_Issue2450_Rgba32_issue_2450.gif/16.png	ed78b0a881154b7867c749f4375a1341611d155aa100821211d76c70cacf70ae	166536
tests/Images/External/ReferenceOutput/GifDecoderTests/Decode_Issue2450_Rgba32_issue_2450.gif/24.png	f9c5ac7c97d903588ecd73205e85c732b72a708c35f1e88b3402f01e1a996222	172363
tests/Images/External/ReferenceOutput/GifDecoderTests/Decode_Issue2450_Rgba32_issue_2450.gif/32.png	f56c8daa27477f2e20702176f01a1e35f40a250d461fc3d5c3f4ded436b81dd9	173335
tests/Images/External/ReferenceOutput/GifDecoderTests/Decode_Issue2450_Rgba32_issue_2450.gif/40.png	41d36b364522adf170aa87f331ce8e1243ef24f0a0d730d8d62116d451380069	174487
tests/Images/External/ReferenceOutput/GifDecoderTests/Decode_Issue2450_Rgba32_issue_2450.gif/48.png	f80e8fc0f32f5eebc24066e2dca4dc193cc253561aa2d34a80055c17c9911741	174931
tests/Images/External/ReferenceOutput/GifDecoderTests/Decode_Issue2450_Rgba32_issue_2450.gif/56.png	98ab9e6879e35841ed91a3c55d3daf26bed01f4b411cdac100caf21737e197e6	176282
tests/Images/External/ReferenceOutput/GifDecoderTests/Decode_Issue2450_Rgba32_issue_2450.gif/64.png	cf1fba5a468f8944dec62b0ccf723a4843b46f0e1718c2b37deca00dc048cb20	179139
tests/Images/External/ReferenceOutput/GifDecoderTests/Decode_Issue2450_Rgba32_issue_2450.gif/72.png	dea9bf39eb210bfcfeb573cc50f3a9676b3d1da729b3ae2fc5af72dbc687668f	181197
tests/Images/External/ReferenceOutput/GifDecoderTests/Decode_Issue2450_Rgba32_issue_2450.gif/80.png	aa7aa1f601d12d20059bb51e8d642f72976e25f5e116a3f85b1741f0f557d8e9	179779
tests/Images/External/ReferenceOutput/GifDecoderTests/Decode_Issue2450_Rgba32_issue_2450.gif/88.png	654fd1df2dec9c8694e60041a1fb8ebb3e213223038742da4b3f89173a3cf0c4	180044
tests/Images/External/ReferenceOutput/GifDecoderTests/Decode_Issue2450_Rgba32_issue_2450.gif/96.png	8102e88f544bd06317e52b485a7aaf81bb46ed82e4b617af29b4c9823d46dcfc	181874
tests/Images/External/ReferenceOutput/GifDecoderTests/Decode_Issue2450_Rgba32_issue_2450_2.gif/00.png	d2cf3a4141ca32ab8f60060140f00fd79765b2950a542a146d3587596ad6770b	4489
tests/Images/External/ReferenceOutput/GifDecoderTests/Decode_Issue2450_Rgba32_issue_2450_2.gif/08.png	3195912d89a03928926ba56e6a7845d2ea7b0f9d0efc4854d5b36d99541eb01a	4596
tests/Images/External/ReferenceOutput/GifDecoderTests/Decode_Issue2450_Rgba32_issue_2450_2.gif/16.png	fb10d95b54c4c2c3b589db0fe420a79f572752e27682666fc20eada3d001e281	4654
tests/Images/External/ReferenceOutput/GifDecoderTests/Decode_Issue2450_Rgba32_issue_2450_2.gif/24.png	0ff9524242c8ad0fa5e87f32aa3a1365fe8062fee14d594c4f66a4aecf0bde05	4642
tests/Images/External/ReferenceOutput/GifDecoderTests/Decode_Issue2450_Rgba32_issue_2450_2.gif/32.png	a0d6b4b72c5ec38f36679a38d9c0e95f1aaf5a8dbe016174593a05ae6fa28f2b	4317
tests/Images/External/ReferenceOutput/GifDecoderTests/Decode_Issue2450_Rgba32_issue_2450_2.gif/40.png	70be2794b20cec8ea558b9902b04dee6b1790bf5d867c8b8531ad71f238d8b73	4417
tests/Images/External/ReferenceOutput/GifDecoderTests/Decode_Issue2450_Rgba32_issue_2450_2.gif/48.png	3abc1beaefbc9c95a9ca828bbd06de8d1bed504b7e1877b66e3f881bbed2dbf4	4716
tests/Images/External/ReferenceOutput/GifDecoderTests/Decode_Issue2450_Rgba32_issue_2450_2.gif/56.png	0d279d361a77bd0d95204853adf7d575a93118688625f6ec2dad3979fadfb456	4697
tests/Images/External/ReferenceOutput/GifDecoderTests/Decode_Issue2450_Rgba32_issue_2450_2.gif/64.png	de60756ff2501e88c83e2732c38456b8fc66780bb2302452cdd21f8b7bd82108	4936
tests/Images/External/ReferenceOutput/GifDecoderTests/Decode_Issue2450_Rgba32_issue_2450_2.gif/72.png	606235a70e3b167192c0783c6eda9f2f5867cf14d5521a83af3441cfe1adc66f	4917
tests/Images/External/ReferenceOutput/GifDecoderTests/Decode_Issue2450_Rgba32_issue_2450_2.gif/80.png	1931befb45c7eedfa44518d62cf2fc8ecfc64e5505c1639d0b6187d988fa06c5	4951
tests/Images/External/ReferenceOutput/GifDecoderTests/Decode_Issue2450_Rgba32_issue_2450_2.gif/88.png	785ed19db48a60886bebe90223e9f48f9d6df45b1e1c7e5ac467f6a9211db1f0	7528
tests/Images/External/ReferenceOutput/GifDecoderTests/Decode_Issue2450_Rgba32_issue_2450_2.gif/96.png	511d2e3ffec299188a715389b7a17f35bc152e3830a8ecc34ce93c044d1c3962	4897
tests/Images/External/ReferenceOutput/GifDecoderTests/Decode_Static_No_Animation_Rgba32_static_nontransparent.png	0b980fb1927a70f88bd26b039c54e4ea20a6a1ad68aacd6f1a68a46eb1997a29	1180
tests/Images/External/ReferenceOutput/GifDecoderTests/Decode_Static_No_Animation_Rgba32_static_transparent.png	18b60d2066cb53d41988da37b8c521ddcb5355b995320a8413b95522a0492140	687
tests/Images/External/ReferenceOutput/GifDecoderTests/Decode_VerifyAllFrames_Rgba32_giphy.gif/00.png	f212a6b0f4e2ce7d38a489dfe0e050adf807a33f8305367ce377f45a6d7c4619	15016
tests/Images/External/ReferenceOutput/GifDecoderTests/Decode_VerifyAllFrames_Rgba32_giphy.gif/01.png	8612f3caef51ce4f0daf2d37f3bf959382a63770391f2ec242c2af46eab2b3b5	15748
tests/Images/External/ReferenceOutput/GifDecoderTests/Decode_VerifyAllFrames_Rgba32_giphy.gif/02.png	717938369a68299af27a2b42d58c97ddd5fcd2d8a93418af8f92b3d1c2e93064	14485
tests/Images/External/ReferenceOutput/GifDecoderTests/Decode_VerifyAllFrames_Rgba32_giphy.gif/03.png	6a0545794d1384f46acb32bbc4369a226d002eb8ae286e064855d55afd72f4c6	15040
tests/Images/External/ReferenceOutput/GifDecoderTests/Decode_VerifyAllFrames_Rgba32_giphy.gif/04.png	853a4f2749ff5ca67bd7c49c2e2f0323772a828a215fac0fd02e9b7eb9d63051	15291
tests/Images/External/ReferenceOutput/GifDecoderTests/Decode_VerifyAllFrames_Rgba32_kumin.gif/00.png	c41341baee0a461d811cbb8c6cd64d3276d7d4520e95732c5dd12f3834e0a6f3	47309
tests/Images/External/ReferenceOutput/GifDecoderTests/Decode_VerifyAllFrames_Rgba32_kumin.gif/01.png	7a0d6d652a7fc1bdf84bd5e1a785d97e1da08ba3397c3644973f221f3a75b59e	48583
tests/Images/External/ReferenceOutput/GifDecoderTests/Decode_VerifyAllFrames_Rgba32_kumin.gif/02.png	2f8ed2197b5a9b9749c572096714251bf23be463b3bbd01329d47296078c5f23	48824
tests/Images/External/ReferenceOutput/GifDecoderTests/Decode_VerifyAllFrames_Rgba32_kumin.gif/03.png	6c75f616b6460d832ba7b6a0e0551f07d55c2cb0533e95ce16b9a1b9073f75f9	49783
tests/Images/External/ReferenceOutput/GifDecoderTests/Decode_VerifyAllFrames_Rgba32_kumin.gif/04.png	0bb07ef91e0f8a82d457ad2ebfed9ca6940d228a4e9954e75c3c1826d4ac5f53	50381
tests/Images/External/ReferenceOutput/GifDecoderTests/Decode_VerifyAllFrames_Rgba32_kumin.gif/05.png	7d80517e1d79f85a5a725d8678011ec5c05748ccc2eb7567573380b610183ea5	47731
tests/Images/External/ReferenceOutput/GifDecoderTests/Decode_VerifyAllFrames_Rgba32_kumin.gif/06.png	07a406840c321421e6aa07ad69d14d96e2bb728364c8fabb98151c5693efa2fa	49847
tests/Images/External/ReferenceOutput/GifDecoderTests/Decode_VerifyAllFrames_Rgba32_kumin.gif/07.png	72678c10f8cd852f87c19ec1c2a7acfb326291e1ae0f48588d5d7d999592bb32	49850
tests/Images/External/ReferenceOutput/GifDecoderTests/Decode_VerifyAllFrames_Rgba32_kumin.gif/08.png	7c9a61f0639bda2fd8690544ad41df7179ea29987b8827b4cae2e959998d27cf	51612
tests/Images/External/ReferenceOutput/GifDecoderTests/Decode_VerifyAllFrames_Rgba32_kumin.gif/09.png	ef326f40bdc7f0a43ad1edb51b000388f4f5ca1b7c24633447c03d999bd088c6	51724
tests/Images/External/ReferenceOutput/GifDecoderTests/Decode_VerifyAllFrames_Rgba32_kumin.gif/10.png	a4e8f6a96ce47d36c778d7fa243d723bca725438fe9d9174b61afb638c1cd815	52070
tests/Images/External/ReferenceOutput/GifDecoderTests/Decode_VerifyAllFrames_Rgba32_kumin.gif/11.png	b1f96f15c1a46db19726b6ce0d5a78800b1a430c4323a60e628e7e08aa795189	52829
tests/Images/External/ReferenceOutput/GifDecoderTests/Decode_VerifyAllFrames_Rgba32_kumin.gif/12.png	d98e70649b2a1971f62eb41d53e064f898b45da47f05e000e4dd80464f5ac290	52329
tests/Images/External/ReferenceOutput/GifDecoderTests/Decode_VerifyAllFrames_Rgba32_kumin.gif/13.png	54ae733a92eb63174fa02708aee26d28cf0d1069ae4514ff244ebea333d87af8	49767
tests/Images/External/ReferenceOutput/GifDecoderTests/Decode_VerifyAllFrames_Rgba32_kumin.gif/14.png	6a3bc3c870891b220efd95d6da83a166595564e0610766f105496bc77b090e9c	48893
tests/Images/External/ReferenceOutput/GifDecoderTests/Decode_VerifyAllFrames_Rgba32_kumin.gif/15.png	e9afd78075471066aa12aeaf33ddda780571faa14a61b842963c53b688432569	50818
tests/Images/External/ReferenceOutput/GifDecoderTests/Decode_VerifyAllFrames_Rgba32_kumin.gif/16.png	0caefffa407c227ca906cc21e959d3480a0a35a5a1720a00076a8d2c7ca1afb4	51462
tests/Images/External/ReferenceOutput/GifDecoderTests/Decode_VerifyAllFrames_Rgba32_kumin.gif/17.png	27e0c6a2204395b0da83c8fed89cf72168641b9318815db2e1d7a169317739d2	52691
tests/Images/External/ReferenceOutput/GifDecoderTests/Decode_VerifyAllFrames_Rgba32_kumin.gif/18.png	ff6af0ab7aabc30f57b1801045f27fcc327103db8f910dcd031cb68bd3e13df9	51515
tests/Images/External/ReferenceOutput/GifDecoderTests/Decode_VerifyAllFrames_Rgba32_kumin.gif/19.png	eff399d98ab583c5c8dd26e78bc8920b43e5ee1c142fb9553080850e0506817d	51044
tests/Images/External/ReferenceOutput/GifDecoderTests/Decode_VerifyAllFrames_Rgba32_kumin.gif/20.png	0bbd6daf4825780010d0da77e05ff505e594acef2588a804a4c98501501c8728	50347
tests/Images/External/ReferenceOutput/GifDecoderTests/Decode_VerifyAllFrames_Rgba32_kumin.gif/21.png	e48f2f7c177ea47fa096d1fa37ef22c4cc818d43b18cdf64c26ed96c79f00b48	49743
tests/Images/External/ReferenceOutput/GifDecoderTests/Decode_VerifyAllFrames_Rgba32_kumin.gif/22.png	40cbbf0c4d939b696e01302614aab6affe22775783bf1902a33644fbb6ec5bdc	50602
tests/Images/External/ReferenceOutput/GifDecoderTests/Decode_VerifyAllFrames_Rgba32_kumin.gif/23.png	7e7901c37835974abd5163eede0a3049db5e936358089b3de67e99699019582e	50810
tests/Images/External/ReferenceOutput/GifDecoderTests/Decode_VerifyAllFrames_Rgba32_kumin.gif/24.png	80f0028de9c58117e8a4179ffa890ba0771f7135016fc018a2157bb2cabaa920	50971
tests/Images/External/ReferenceOutput/GifDecoderTests/Decode_VerifyAllFrames_Rgba32_kumin.gif/25.png	a01abb68b8be21b7531455dbd94b256cd826a52c170a62f88955e2b7a55376e0	50531
tests/Images/External/ReferenceOutput/GifDecoderTests/Decode_VerifyAllFrames_Rgba32_kumin.gif/26.png	922fa84cc14f0795c8cb7459b6269dc5789018d1f0591560fba0a3c3e80b00b2	50484
tests/Images/External/ReferenceOutput/GifDecoderTests/Decode_VerifyRootFrameAndFrameCount_Rgba32_m4nb.png	04239ee46f0276ba52566bcb2407f4a6fcee35b3f51a6182394f851e2d8df3fc	277
tests/Images/External/ReferenceOutput/GifDecoderTests/Decode_VerifyRootFrameAndFrameCount_Rgba32_mixed-disposal.png	0b654f948a26d256ff9e28ada399465bd6a4205aedaf93ea7cdffb70483535ef	2216
tests/Images/External/ReferenceOutput/GifDecoderTests/Decode_VerifyRootFrameAndFrameCount_Rgba32_rings.png	29a3593267e0e5812180c177f52ee7daeecc3f65b0f1511e887819d446155495	22840
tests/Images/External/ReferenceOutput/GifDecoderTests/GifDecoder_Decode_Resize_giphy_150_150.png	cfd3afda359646aa3d46e1cffbfa7060395fda4c36c419ed3a2d8865284d090d	4031
tests/Images/External/ReferenceOutput/GifDecoderTests/GifDecoder_IsNotBoundToSinglePixelType_Argb32_trans.png	49eeef6073a5ef2494ecfb138071c22157870e11c903ca81b837b32a813732ac	20256
tests/Images/External/ReferenceOutput/GifDecoderTests/GifDecoder_IsNotBoundToSinglePixelType_Rgba32_trans.png	49eeef6073a5ef2494ecfb138071c22157870e11c903ca81b837b32a813732ac	20256
tests/Images/External/ReferenceOutput/GifDecoderTests/GifDecoder_IsNotBoundToSinglePixelType_RgbaVector_trans.png	49eeef6073a5ef2494ecfb138071c22157870e11c903ca81b837b32a813732ac	20256
tests/Images/External/ReferenceOutput/GifDecoderTests/Issue1530_BadDescriptorDimensions_Rgba32_issue1530.gif/00.png	38df828a5ab6e64c1e79966bf956f6f103501777e386ddd181d41889ec8ea953	84562
tests/Images/External/ReferenceOutput/GifDecoderTests/Issue1530_BadDescriptorDimensions_Rgba32_issue1530.gif/01.png	52b3ce4d07be0d34bf48c4a33ecd0edc0c0fc902f72eeae060a09e737e6e15ab	99275
tests/Images/External/ReferenceOutput/GifDecoderTests/Issue1530_BadDescriptorDimensions_Rgba32_issue1530.gif/02.png	1bf8f2fb237726ba0bcea83f95520e0bcc98d2a22a9586757e1eb9d3bb1f3002	126960
tests/Images/External/ReferenceOutput/GifDecoderTests/Issue1530_BadDescriptorDimensions_Rgba32_issue1530.gif/03.png	bb0aa4a7a1bc275e651ca1f0e5f3cdbce6e4c36e1d788e2c68e9e5712bb90357	147957
tests/Images/External/ReferenceOutput/GifDecoderTests/Issue1530_BadDescriptorDimensions_Rgba32_issue1530.gif/04.png	2feebd1770257640e9e15f4ab7fa13d6e5d3e98132de90dade4060c5fa47c023	106486
tests/Images/External/ReferenceOutput/GifDecoderTests/Issue1530_BadDescriptorDimensions_Rgba32_issue1530.gif/05.png	9ffec2754a35a8fd818c90a2c40c36f9960ad57ef70b179e70424cbe0c8293eb	106151
tests/Images/External/ReferenceOutput/GifDecoderTests/Issue1530_BadDescriptorDimensions_Rgba32_issue1530.gif/06.png	80480b5bbef516b8827adcadcb285aaf8880dfc9f852b79da8d16f019b489078	82907
tests/Images/External/ReferenceOutput/GifDecoderTests/Issue1530_BadDescriptorDimensions_Rgba32_issue1530.gif/07.png	ce6601f18dca6270293085736912c45e7686c64461b4838ee1769bc8da96f484	96002
tests/Images/External/ReferenceOutput/GifDecoderTests/Issue1530_BadDescriptorDimensions_Rgba32_issue1530.gif/08.png	ade295a2ab40d2e6d41ff2cce9ced919a5b1dfcfc966b3e8c10cbcf256618ea8	79170
tests/Images/External/ReferenceOutput/GifDecoderTests/Issue1668_InvalidColorIndex_Rgba32_issue1668_invalidcolorindex.png	8507b2f70c1dd2ef3d3ef616419825cf70c7453abaf7fd490349f85f4b589cb5	408
tests/Images/External/ReferenceOutput/GifDecoderTests/Issue1962_Rgba32_issue1962_tiniest_gif_1st.png	9ab8374e77865606a2426e3d22628f717914472431de1d9d8ee9690d319850a0	118
tests/Images/External/ReferenceOutput/GifDecoderTests/Issue2012BadMinCode_Rgba32_issue2012_drona1.png	05c72bee64dbf29fe16349d8dfdfbee565779241dbfa860f62a53b649be000e3	1884
tests/Images/External/ReferenceOutput/GifDecoderTests/Issue2012EmptyXmp_Rgba32_issue2012_Stronghold-Crusader-Extreme-Cover.png	3ba8295d8a4b087d6c19fbad7e97cef7b5ce1a69b9c4c4f79cee6bc77e41f236	62778
tests/Images/External/ReferenceOutput/GifDecoderTests/Issue2758_BadDescriptorDimensions_Rgba32_issue_2758.gif/00.png	bc99ff5deb71c9caff1a645b4175b720edff792982d7c0d4189c769405386a90	9474
tests/Images/External/ReferenceOutput/GifDecoderTests/Issue2758_BadDescriptorDimensions_Rgba32_issue_2758.gif/01.png	bc99ff5deb71c9caff1a645b4175b720edff792982d7c0d4189c769405386a90	9474
tests/Images/External/ReferenceOutput/GifDecoderTests/Issue2859_LZWPixelStackOverflow_Rgba32_issue_2859_A.gif/00.png	daa78347749c6ff49891e2e379a373599cd35c98b453af9bf8eac52f615f935c	12237
tests/Images/External/ReferenceOutput/GifDecoderTests/Issue2859_LZWPixelStackOverflow_Rgba32_issue_2859_B.gif/00.png	7d41ed74bdeaf5fb851935411dbe95e83c9ccbb8d5bad2d73c43fc5de4c5d798	1833
tests/Images/External/ReferenceOutput/GifDecoderTests/Issue2859_LZWPixelStackOverflow_Rgba32_issue_2859_B.gif/01.png	052fc0cb71e18e6eb599f58bff8f4bfa822f536122f5dad77e6b8fa2c61bb207	1271
tests/Images/External/ReferenceOutput/GifDecoderTests/Issue2980_Rgba32_issue_2980.gif/00.png	f47b8bdb0159b3e9c6f3ba81a977fe198dec6cb0c47f33e8ba84203ef40dac9b	131
tests/Images/External/ReferenceOutput/GifDecoderTests/Issue2980_Rgba32_issue_2980.gif/01.png	8e3c543efd04b63ee11d0e771f6b2dd2cba244f9b4a63f78a5555adfef13d60c	171
tests/Images/External/ReferenceOutput/GifDecoderTests/Issue2980_Rgba32_issue_2980.gif/02.png	3ccae6eb76a1c3a8c7d75c78b7153964cbedc9223297bf67323dd2ec808ca96a	159
tests/Images/External/ReferenceOutput/GifDecoderTests/Issue2980_Rgba32_issue_2980.gif/03.png	6df2819dfd822558f734b70adbcb8edd4afb63072610d5cb79579ca84958c324	151
tests/Images/External/ReferenceOutput/GifDecoderTests/Issue405_BadApplicationExtensionBlockLength_Rgba32_issue405_badappextlength252-2.png	84ef6779f440fbea83fc7c967a9478d5146bd8655831cb07c196f8c12e0b13fc	19029
tests/Images/External/ReferenceOutput/GifDecoderTests/Issue405_BadApplicationExtensionBlockLength_Rgba32_issue405_badappextlength252.png	b770547a1720854670a9ec3d2265328a8346e4c05de49e47255fac363f78c966	35528
tests/Images/External/ReferenceOutput/GifDecoderTests/IssueDeferredClearCode_Rgba32_bugzilla-55918.png	6b33733518b855b25c5e9a1b2f5c93cacf0699a40a459dde795b0ed91a978909	12776
tests/Images/External/ReferenceOutput/GifDecoderTests/IssueTooLargeLzwBits_Rgba32_issue_2743.gif/00.png	4abf8935cd9ed76e3e2fe92d106928ecb7ede58498a550e52d52f0f7d6561c8e	466
tests/Images/External/ReferenceOutput/GifDecoderTests/IssueTooLargeLzwBits_Rgba32_issue_2743.gif/01.png	a5028c4c0250855b9f0f4ec81cb376d5ab6acd73c385c5fe5e6df6537aa95d32	462
tests/Images/External/ReferenceOutput/GifDecoderTests/IssueTooLargeLzwBits_Rgba32_issue_2743.gif/02.png	92e36c91cae2dbef6570792d25b9eb08080efc6be3f2e887c2da6d87411f784d	471
tests/Images/External/ReferenceOutput/GifDecoderTests/IssueTooLargeLzwBits_Rgba32_issue_2743.gif/03.png	e9f6c6bee409938823b9a8ca106301142c44ec7479a72c3f6b3ea821ade30b72	466
tests/Images/External/ReferenceOutput/GifDecoderTests/IssueTooLargeLzwBits_Rgba32_issue_2743.gif/04.png	c7c3b861dca59f386fdc88acd8849f71c68ff0af45b2dfa712a55d2d865605d7	462
tests/Images/External/ReferenceOutput/GifDecoderTests/IssueTooLargeLzwBits_Rgba32_issue_2743.gif/05.png	e9f6c6bee409938823b9a8ca106301142c44ec7479a72c3f6b3ea821ade30b72	466
tests/Images/External/ReferenceOutput/GifDecoderTests/IssueTooLargeLzwBits_Rgba32_issue_2743.gif/06.png	92e36c91cae2dbef6570792d25b9eb08080efc6be3f2e887c2da6d87411f784d	471
tests/Images/External/ReferenceOutput/GifDecoderTests/IssueTooLargeLzwBits_Rgba32_issue_2743.gif/07.png	ed091484d552b8c234ab75921e423e6d01172df61124b9b03dcdf2dadab34b85	96
tests/Images/External/ReferenceOutput/GifEncoderTests/EncodeGeneratedPatterns_Argb32_TestPattern100x100.gif	548cc02ad75f76ccad5d5597d4558fe9acf2993ee04190acd363e613123cbdbb	3321
tests/Images/External/ReferenceOutput/GifEncoderTests/EncodeGeneratedPatterns_Rgba32_TestPattern100x100.gif	548cc02ad75f76ccad5d5597d4558fe9acf2993ee04190acd363e613123cbdbb	3321
tests/Images/External/ReferenceOutput/GifEncoderTests/EncodeGeneratedPatterns_RgbaVector_TestPattern100x100.gif	548cc02ad75f76ccad5d5597d4558fe9acf2993ee04190acd363e613123cbdbb	3321
tests/Images/External/ReferenceOutput/GifEncoderTests/GifEncoder_CanDecode_AndEncode_Issue2866_Rgba32_issue_2866.gif/00.gif	cb4bbef09dc6618380e34c5dcf8612fa5a51ba81a09edc5500be9191f0554d9c	49665
tests/Images/External/ReferenceOutput/GifEncoderTests/GifEncoder_CanDecode_AndEncode_Issue2866_Rgba32_issue_2866.gif/08.gif	81a0d629326bb39cfced1a261542e5f94b423527f95bc45422670091b91583b4	50730
tests/Images/External/ReferenceOutput/GifEncoderTests/GifEncoder_CanDecode_AndEncode_Issue2866_Rgba32_issue_2866.gif/104.gif	e64d9f2f7a8346f62c9b41a14b3e6b71f76a48e07fa42ac9e0d4a5b146a8a9da	58856
tests/Images/External/ReferenceOutput/GifEncoderTests/GifEncoder_CanDecode_AndEncode_Issue2866_Rgba32_issue_2866.gif/112.gif	b01517c53b19f6b151a76cc75142ba3a8a45da8c6e94416447703cbd54ce1a8a	48282
tests/Images/External/ReferenceOutput/GifEncoderTests/GifEncoder_CanDecode_AndEncode_Issue2866_Rgba32_issue_2866.gif/16.gif	1db212159613778c962883de9067852da3bea5f3483dd9f967c0aabbcdc1b2f6	64655
tests/Images/External/ReferenceOutput/GifEncoderTests/GifEncoder_CanDecode_AndEncode_Issue2866_Rgba32_issue_2866.gif/24.gif	9d09ddfff1f26ed7842df5bf4b8938373700658322c85b154a878dd5e3a90dc1	64432
tests/Images/External/ReferenceOutput/GifEncoderTests/GifEncoder_CanDecode_AndEncode_Issue2866_Rgba32_issue_2866.gif/32.gif	18ca31ff631ecc33fe33a893e94e23af8b086a78c3684461e449c02800fffb2b	66510
tests/Images/External/ReferenceOutput/GifEncoderTests/GifEncoder_CanDecode_AndEncode_Issue2866_Rgba32_issue_2866.gif/40.gif	823358342cbc25a9f7ae34abc2669096acd7c0e0c93a8a0b371e548822ed0897	66912
tests/Images/External/ReferenceOutput/GifEncoderTests/GifEncoder_CanDecode_AndEncode_Issue2866_Rgba32_issue_2866.gif/48.gif	90558311a7b7127d9f970a17ae0630d81507be246f511f1cc3b10c6ee953a25c	61986
tests/Images/External/ReferenceOutput/GifEncoderTests/GifEncoder_CanDecode_AndEncode_Issue2866_Rgba32_issue_2866.gif/56.gif	9514b736d946d4e93ba3f59b586d2c29e0c031155f7824756ecf468ef87ea8e6	61367
tests/Images/External/ReferenceOutput/GifEncoderTests/GifEncoder_CanDecode_AndEncode_Issue2866_Rgba32_issue_2866.gif/64.gif	0334c551b9efcaa9f5c16c4599884b4aabe5129e3f023222be3214cf8623242e	60825
tests/Images/External/ReferenceOutput/GifEncoderTests/GifEncoder_CanDecode_AndEncode_Issue2866_Rgba32_issue_2866.gif/72.gif	32a9fecdad6508c1c6beae839717d1854cca1f7b247bff36a00a93cc953f608c	57370
tests/Images/External/ReferenceOutput/GifEncoderTests/GifEncoder_CanDecode_AndEncode_Issue2866_Rgba32_issue_2866.gif/80.gif	5d50d4ccba947ef95b9e8a2c4acd08f57c414f4e38a0d03d65b5fee093e4481a	67784
tests/Images/External/ReferenceOutput/GifEncoderTests/GifEncoder_CanDecode_AndEncode_Issue2866_Rgba32_issue_2866.gif/88.gif	840780f2916cb9d010a95802d9c123c3051bcee5dde7b173a50854e3b5f3636a	72552
tests/Images/External/ReferenceOutput/GifEncoderTests/GifEncoder_CanDecode_AndEncode_Issue2866_Rgba32_issue_2866.gif/96.gif	41db6ded3de84d43dec1175c1481f75a045c5ad126369e4e82ae29ec4bad0bc4	76868
tests/Images/External/ReferenceOutput/GifEncoderTests/GifEncoder_CanDecode_AndEncode_Issue3142_Rgba32_issue_3142.gif/00.gif	ba81598dc214845f18064f987a55eebdab0e53149df8fd67904733b42c760ad6	7389
tests/Images/External/ReferenceOutput/GifEncoderTests/GifEncoder_CanDecode_AndEncode_Issue3142_Rgba32_issue_3142.gif/08.gif	ba81598dc214845f18064f987a55eebdab0e53149df8fd67904733b42c760ad6	7389
tests/Images/External/ReferenceOutput/GifEncoderTests/GifEncoder_CanDecode_AndEncode_Issue3142_Rgba32_issue_3142.gif/104.gif	a6bd47e66b07bab7edf53a07631016f8334ba337243d6b8d61b0c8a3cf7f3f0d	7974
tests/Images/External/ReferenceOutput/GifEncoderTests/GifEncoder_CanDecode_AndEncode_Issue3142_Rgba32_issue_3142.gif/112.gif	a6bd47e66b07bab7edf53a07631016f8334ba337243d6b8d61b0c8a3cf7f3f0d	7974
tests/Images/External/ReferenceOutput/GifEncoderTests/GifEncoder_CanDecode_AndEncode_Issue3142_Rgba32_issue_3142.gif/16.gif	03d4e5cdaed2def942ca8480c9e45bb3d7914c6dbe3eac2b287afc8ff815b95d	8705
tests/Images/External/ReferenceOutput/GifEncoderTests/GifEncoder_CanDecode_AndEncode_Issue3142_Rgba32_issue_3142.gif/24.gif	5ad084d64942ea1dec0c1b22a88400b47f14145d761aa22a8e7deb42b5bd9fb0	13011
tests/Images/External/ReferenceOutput/GifEncoderTests/GifEncoder_CanDecode_AndEncode_Issue3142_Rgba32_issue_3142.gif/32.gif	714cf4be4fc6c4164494ca1950796211577ab61cbd939f7cc53a36c3f7f742c5	16457
tests/Images/External/ReferenceOutput/GifEncoderTests/GifEncoder_CanDecode_AndEncode_Issue3142_Rgba32_issue_3142.gif/40.gif	eb04c45837b763abf2c326b3e831c5b772853d50c0bfc85fb7ac7ca62361292d	16872
tests/Images/External/ReferenceOutput/GifEncoderTests/GifEncoder_CanDecode_AndEncode_Issue3142_Rgba32_issue_3142.gif/48.gif	eb04c45837b763abf2c326b3e831c5b772853d50c0bfc85fb7ac7ca62361292d	16872
tests/Images/External/ReferenceOutput/GifEncoderTests/GifEncoder_CanDecode_AndEncode_Issue3142_Rgba32_issue_3142.gif/56.gif	8c68bad5aebb65e86e4295956b9f0bc21e181a6d8dadd9dbfbd5febf0a5ba0d8	17414
tests/Images/External/ReferenceOutput/GifEncoderTests/GifEncoder_CanDecode_AndEncode_Issue3142_Rgba32_issue_3142.gif/64.gif	2d0672248b0e45ea700aa0c484ed0e342284ce18cad1cdc233700614636bed11	16556
tests/Images/External/ReferenceOutput/GifEncoderTests/GifEncoder_CanDecode_AndEncode_Issue3142_Rgba32_issue_3142.gif/72.gif	0b12d34adf8c531c0d4ab02f7b57507a585bb1d31fb82d828c8c52732cef9f18	15590
tests/Images/External/ReferenceOutput/GifEncoderTests/GifEncoder_CanDecode_AndEncode_Issue3142_Rgba32_issue_3142.gif/80.gif	0b12d34adf8c531c0d4ab02f7b57507a585bb1d31fb82d828c8c52732cef9f18	15590
tests/Images/External/ReferenceOutput/GifEncoderTests/GifEncoder_CanDecode_AndEncode_Issue3142_Rgba32_issue_3142.gif/88.gif	a31b9aee61fbc7d5dd5f163f2c81cb36140a05d788a7ed2d15de550c0fe13232	14561
tests/Images/External/ReferenceOutput/GifEncoderTests/GifEncoder_CanDecode_AndEncode_Issue3142_Rgba32_issue_3142.gif/96.gif	8bc49ba55ee33a3aff5069b7a6bf45cdb429ad691f8701093ad7fe04abe25ea1	12156
tests/Images/External/ReferenceOutput/HistogramEqualizationTests/Adaptive_SlidingWindow_15Tiles_WithClipping_Rgba32_AsianCarvingLowContrast.png	1b58d63df4bc2912d8bfa352df9ef7fcd47d62cc01f5d9133480b0d99b9483fe	532096
tests/Images/External/ReferenceOutput/HistogramEqualizationTests/Adaptive_TileInterpolation_10Tiles_WithClipping_Rgba32_AsianCarvingLowContrast.png	4ccf3e04cc755ce7414a03eda4d298952a81b48871585d00672d62353fe3a433	516071
tests/Images/External/ReferenceOutput/HistogramEqualizationTests/AutoLevel_SeparateChannels_CompareToReferenceOutput_Rgba32_forest_bridge.png	4a4d2a3a1f320d3fcb121bd8edf716354b7e8ceb251a9eaa2087f443a3adbbc1	10896218
tests/Images/External/ReferenceOutput/HistogramEqualizationTests/AutoLevel_SynchronizedChannels_CompareToReferenceOutput_Rgba32_forest_bridge.png	0c3f30908a803ac5956dbd5959b225bceab1fc673a1b89d55d1096ba024c7bcc	12519351
tests/Images/External/ReferenceOutput/HistogramEqualizationTests/GlobalHistogramEqualization_CompareToReferenceOutput_Rgba32_640px-Unequalized_Hawkes_Bay_NZ.png	0d6705ee5e9c596b093817777a6679bc243c84a1bf1a72fff7618d7695a9b7d0	275596
tests/Images/External/ReferenceOutput/HistogramEqualizationTests/Issue984_Rgb24_TestPattern110x110.png	f950a1a637d215517201b160ad789824c97b898ac9743274746b338160b8e0fc	6720
tests/Images/External/ReferenceOutput/HistogramEqualizationTests/Issue984_Rgb24_TestPattern170x170.png	74a86d0ed3dc5a92dc5bfd469ec94450bc035b993dbf05f3d96f25fdb6a8b86c	11288
tests/Images/External/ReferenceOutput/IccProfileConverterTests/CanConvertToSRGB_Momiji-AdobeRGB-yes.png	650256637c7039c59e135bbdabd31bee1ad99c9d9ff014562300945d41b6ac3a	459515
tests/Images/External/ReferenceOutput/IccProfileConverterTests/CanConvertToSRGB_Momiji-AppleRGB-yes.png	4e2d477de13a3767a364260b7b54b1f2a46c833e8df7aa1fded7990a3ac60563	483943
tests/Images/External/ReferenceOutput/IccProfileConverterTests/CanConvertToSRGB_Momiji-ColorMatch-yes.png	7ee8f5c7f658b11a380e6da2130dc8563da3255f3ff5d9fd9cc98ec87bb1852b	465348
tests/Images/External/ReferenceOutput/IccProfileConverterTests/CanConvertToSRGB_Momiji-ProPhoto-yes.png	c702f52b08ac5be9eb65fd1f4e841fc46c897db45c709974954265b93d46b854	478310
tests/Images/External/ReferenceOutput/IccProfileConverterTests/CanConvertToSRGB_Momiji-WideRGB-yes.png	f06f61eca4187823cfb76255caaa9f9f9d43e9ea56da3cd0fac830f6198d9d8a	469400
tests/Images/External/ReferenceOutput/IccProfileConverterTests/CanConvertToSRGB_Momiji-sRGB-yes.png	dc3657d9aa0e36beee1d24144ace5bdd1198c0249ac661f302ae38b7d478d374	436479
tests/Images/External/ReferenceOutput/IccProfileConverterTests/CanConvertToSRGB_issue-129.png	d423959ad2f5c9a3fc8df0ca1ff9b3d6d6751bb552cee65dbda29623581cb816	2043144
tests/Images/External/ReferenceOutput/JpegDecoderTests/DecodeBaselineJpeg_Calliphora.png	9a6f484f06c0b466d16591db78fec3cd2c3f6ebc7578896075cd4af95d8ceaab	1411818
tests/Images/External/ReferenceOutput/JpegDecoderTests/DecodeBaselineJpeg_Issue373-safari-canvas.png	2de8725dca8c77f45f93c8c012cbda4c3565160e13d4f77fcc1979bd69c10390	76659
tests/Images/External/ReferenceOutput/JpegDecoderTests/DecodeBaselineJpeg_Issue394-MultiHuffmanBaseline-Speakers.png	88271ffea79e42914b8c37828da65afb691c7319b8e28fdd35942ecba4087baa	1060013
tests/Images/External/ReferenceOutput/JpegDecoderTests/DecodeBaselineJpeg_Issue694-Decode-Exif-OutOfRange.png	dfa9faa5717b28d933f74477f6c053cf1afd00ce7f4869b9ae567d706e67b9bb	244817
tests/Images/External/ReferenceOutput/JpegDecoderTests/DecodeBaselineJpeg_Issue695-Invalid-EOI.png	7d6f13dba90f4d9aedf8539b4a48fadeb9cbf9372d54452c7c9e47eab4637676	6375901
tests/Images/External/ReferenceOutput/JpegDecoderTests/DecodeBaselineJpeg_Issue696-Resize-Exif-OutOfRange.png	b648d5ed3514e9de994a79b97d888c1711b6d1051b348cf6ccaf22a52b624cc2	5673967
tests/Images/External/ReferenceOutput/JpegDecoderTests/DecodeBaselineJpeg_Issue721-InvalidAPP0.png	e917465b52d246fd3023fed044b17492f50072e96ea938f992d887e3c941c030	6036838
tests/Images/External/ReferenceOutput/JpegDecoderTests/DecodeBaselineJpeg_Issue824-IndexOutOfRangeException-C.png	297b875f926adc2aac6a0b182b4453b32414d1ea53b55336b459697b28fc5276	788
tests/Images/External/ReferenceOutput/JpegDecoderTests/DecodeBaselineJpeg_Issue825-ArgumentOutOfRangeException-B.png	b9d86b65deadcfd8dd3c222f72b5c531e0856da6d109b4788f31b3d4964555af	1455
tests/Images/External/ReferenceOutput/JpegDecoderTests/DecodeBaselineJpeg_Issue922-AccessViolationException.png	64e363f3f18260376fd7da2f7bf74b9300b8c375b68fd8825081d87b934a2857	3441980
tests/Images/External/ReferenceOutput/JpegDecoderTests/DecodeBaselineJpeg_MultiScanBaselineCMYK.png	3b160cc44490303c23c0abaa0dda827d68e11bfa67127e19da974073085abbe4	96042
tests/Images/External/ReferenceOutput/JpegDecoderTests/DecodeBaselineJpeg_badeof.png	7ce1a5d71cefd6527daecb8c1d9089f63189b833f1186971ddb89c6257d076ef	46745
tests/Images/External/ReferenceOutput/JpegDecoderTests/DecodeBaselineJpeg_badrst.png	522b0a2f9a97689217af461ab2a63a41553c0ae6ca28cde046b01019c87e2393	348228
tests/Images/External/ReferenceOutput/JpegDecoderTests/DecodeBaselineJpeg_cmyk.png	5e81ac851f979c017082180a13ee4ddfe26c4151bfc082f7915252e57da44ec7	416967
tests/Images/External/ReferenceOutput/JpegDecoderTests/DecodeBaselineJpeg_grayscale_sampling22.png	ad22f28d20ea0ceda983a138b3bf9503ed836d779ed75a313f668329c910665e	168405
tests/Images/External/ReferenceOutput/JpegDecoderTests/DecodeBaselineJpeg_issue-1076-invalid-subsampling.png	e251c0be31c3ea2b7f900c8476eddbd81503139d0d6c06c7d4366c5bf172ffeb	258065
tests/Images/External/ReferenceOutput/JpegDecoderTests/DecodeBaselineJpeg_issue750-exif-load.png	67273b46424bd21197e69e8a73e17ffb8dd671e174834c42cf1432b806f14130	66636
tests/Images/External/ReferenceOutput/JpegDecoderTests/DecodeBaselineJpeg_issue750-exif-tranform.png	e52a0b68d0284a652bd4aac9a6e1e0f4cae4f76aac2180e35a673451155f5847	13344917
tests/Images/External/ReferenceOutput/JpegDecoderTests/DecodeBaselineJpeg_issue855-incorrect-colorspace.png	8e690980f6638edcadb159cfe70402b38214ed1376b6ee4219fc365c65c45b37	527390
tests/Images/External/ReferenceOutput/JpegDecoderTests/DecodeBaselineJpeg_jpeg400jfif.png	ad22f28d20ea0ceda983a138b3bf9503ed836d779ed75a313f668329c910665e	168405
tests/Images/External/ReferenceOutput/JpegDecoderTests/DecodeBaselineJpeg_jpeg420small.png	79291e1eddee66548156fc40bb5c8b1209c7b0048fb56f2bb7890c7d89ce655e	27264
tests/Images/External/ReferenceOutput/JpegDecoderTests/DecodeBaselineJpeg_jpeg422.png	5196d5a20f639d833cf1ad979a290c144c97b41897fa5f0fa7454f5f4e8d3c11	28697
tests/Images/External/ReferenceOutput/JpegDecoderTests/DecodeBaselineJpeg_jpeg444.png	9894983085f3d3d45b8c4ea9acc680932f236a4602230046386130aa2af916f1	4936
tests/Images/External/ReferenceOutput/JpegDecoderTests/DecodeBaselineJpeg_testorig.png	7ce1a5d71cefd6527daecb8c1d9089f63189b833f1186971ddb89c6257d076ef	46745
tests/Images/External/ReferenceOutput/JpegDecoderTests/DecodeBaselineJpeg_testorig12.png	26ef4244aa761c7b6c51534e414f79438753b9dbd1fbf45d2f1e2fd2dd4ec4c1	46636
tests/Images/External/ReferenceOutput/JpegDecoderTests/DecodeBaselineJpeg_turtle.png	046fe6eae57fb46183752b51301adff256054d2a760214dad3fb9f9151e2bcb8	205475
tests/Images/External/ReferenceOutput/JpegDecoderTests/DecodeBaselineJpeg_ycck-subsample-1222.png	91a522b32485af3be304c2d98a60b9906112637a4627d69a072976474cef7485	66932
tests/Images/External/ReferenceOutput/JpegDecoderTests/DecodeBaselineJpeg_ycck.png	f374012655af194ebece2e9329da416be830d1cadd24a2bd584480d45751ea78	58272
tests/Images/External/ReferenceOutput/JpegDecoderTests/DecodeProgressiveJpeg_BadEofProgressive.png	36b557cd6d55389b8f02b811ecd2b14f1f1c440c7e8dd5a5a3c55cea57547203	564682
tests/Images/External/ReferenceOutput/JpegDecoderTests/DecodeProgressiveJpeg_ExifUndefType.png	ff9554b1f421ca04e0580fbb505895f002b80298feb128a15cdc045a1625a490	20111
tests/Images/External/ReferenceOutput/JpegDecoderTests/DecodeProgressiveJpeg_Festzug.png	6784f3cb639e85faee358355863a225a21a852dc5b70f8dc864241308f326d36	594836
tests/Images/External/ReferenceOutput/JpegDecoderTests/DecodeProgressiveJpeg_Issue159-MissingFF00-Progressive-Bedroom.png	d0cdf9392235cd259939f27cf798b2686841763a546fb8d8e6d711903593cdc0	2824881
tests/Images/External/ReferenceOutput/JpegDecoderTests/DecodeProgressiveJpeg_Issue159-MissingFF00-Progressive-Girl.png	26946518298219a1849c427aceceac9a7044481c8f6779159c4a330f6d405383	527325
tests/Images/External/ReferenceOutput/JpegDecoderTests/DecodeProgressiveJpeg_Issue178-BadCoeffsProgressive-Lemon.png	b0bf7820856841bc4de54fb9c28cdea73f0144f22c5b60c176a0d280f7a69087	685062
tests/Images/External/ReferenceOutput/JpegDecoderTests/DecodeProgressiveJpeg_Issue385-BadZigZag-Progressive.png	3b9f196e2068b19eee76795c2fa63b8693877e1a0c4393079553659dd03b3f8f	2985759
tests/Images/External/ReferenceOutput/JpegDecoderTests/DecodeProgressiveJpeg_Issue517-No-EOI-Progressive.png	9837490352431cd0d9cecd592af896f1c77015c06d78d3ec24ba8f288d686dcb	5101873
tests/Images/External/ReferenceOutput/JpegDecoderTests/DecodeProgressiveJpeg_Issue518-Bad-RST-Progressive.png	27aa686906175da3c2c757435c75687ddb1f07a4eb461a924e386cc967976611	17003842
tests/Images/External/ReferenceOutput/JpegDecoderTests/DecodeProgressiveJpeg_Issue624-DhtHasWrongLength-Progressive-N.png	d6590f717fa3838ef199ae462b36b1c98e7077211a3cb3be9b1c298a9bf99972	118171
tests/Images/External/ReferenceOutput/JpegDecoderTests/DecodeProgressiveJpeg_Issue723-Ordered-Interleaved-Progressive-A.png	1f5bd28773fc18b0d01b2216284a613438d668d583e7b8c60da3d8ac24b4b465	141528
tests/Images/External/ReferenceOutput/JpegDecoderTests/DecodeProgressiveJpeg_Issue723-Ordered-Interleaved-Progressive-B.png	b430c535d98abd54fd9efc03808efc9efed40b8a39ef1d09928835cbf8c2c315	166935
tests/Images/External/ReferenceOutput/JpegDecoderTests/DecodeProgressiveJpeg_Issue723-Ordered-Interleaved-Progressive-C.png	848e193354962b70cb6b1f330d56a509f6edc9a4ac20f2b6e1462fde7e995e3d	112013
tests/Images/External/ReferenceOutput/JpegDecoderTests/DecodeProgressiveJpeg_fb.png	c2eb2bd4db9b67466d96fe154cd771d6780a24a798a0c051f307425f1b0e3d15	115708
tests/Images/External/ReferenceOutput/JpegDecoderTests/DecodeProgressiveJpeg_progress.png	c5c5b5711041f22e8ee1afb344137c00ee80ba51e777689513e8dfeea855befa	297941
tests/Images/External/ReferenceOutput/JpegDecoderTests/Decode_CMYK_ICC_Jpeg_Rgba32_issue-129.png	9750b54f5220020e0c3f5ce22e4f108cb70290750c613c29beeb49473d5c80a6	1349665
tests/Images/External/ReferenceOutput/JpegDecoderTests/Decode_RGB_ICC_Jpeg_Issue3064_Rgba32_issue-3064.png	73497e1eaddaa86cc915fe59a177e9ab6423d725ab4e6af21c8414c9edc6ceaf	347
tests/Images/External/ReferenceOutput/JpegDecoderTests/Decode_RGB_ICC_Jpeg_Rgba32_Momiji-AdobeRGB-yes.png	dcc32a36dcdfe3b9cfae17a81d3eb180248db4507ae93fdd4bb92e1e5e29950d	466215
tests/Images/External/ReferenceOutput/JpegDecoderTests/Decode_RGB_ICC_Jpeg_Rgba32_Momiji-AppleRGB-yes.png	ae9a32eba21fa0bd2039803b5af8ffdba0409c104746455d5028741f214eb1a1	479922
tests/Images/External/ReferenceOutput/JpegDecoderTests/Decode_RGB_ICC_Jpeg_Rgba32_Momiji-ColorMatch-yes.png	e2bf66bb6d7eb3ff402b8564fb51bc951792ad47dc17fc9c7c886744638a59bb	469096
tests/Images/External/ReferenceOutput/JpegDecoderTests/Decode_RGB_ICC_Jpeg_Rgba32_Momiji-ProPhoto-yes.png	e9c015e599b1710fd50c4ad61104fb03f27f211c13686cb162baba492ec4a935	482675
tests/Images/External/ReferenceOutput/JpegDecoderTests/Decode_RGB_ICC_Jpeg_Rgba32_Momiji-WideRGB-yes.png	e25ba3afb3346633db52e91062c4266474bc9d9c0b3fcf686f1040b3a4d70d0d	476050
tests/Images/External/ReferenceOutput/JpegDecoderTests/Decode_RGB_ICC_Jpeg_Rgba32_Momiji-sRGB-yes.png	b80e88a7fdb27491687202c247eafbeb9d1c024affd5dc4633bcf15602fed990	464921
tests/Images/External/ReferenceOutput/JpegDecoderTests/Decode_RGB_ICC_Jpeg_Rgba32_Perceptual-cLUT-only.png	dbe96e449dfeadc71bbfb0b48d2f56e6357d5b64a225153eed60263ea3356e71	119987
tests/Images/External/ReferenceOutput/JpegDecoderTests/Decode_RGB_ICC_Jpeg_Rgba32_Perceptual.png	6e9e4da17b7270565fd592f4ff710ff317e1054794d966d33f11748defc7c35b	124944
tests/Images/External/ReferenceOutput/JpegDecoderTests/Decode_RGB_ICC_Jpeg_Rgba32_sRGB_Gray.png	0eaf217570e283b6fb9a7d52ba5087d760d9a98827e507cbae299915871e1c31	2595
tests/Images/External/ReferenceOutput/JpegDecoderTests/Decode_YCCK_ICC_Jpeg_Rgba32_issue_2723.png	de73fa7a2cdd79763e40c51381f9a0cf5c7d43db2dcd7a86dad0a5b68377665f	421249
tests/Images/External/ReferenceOutput/JpegDecoderTests/JpegDecoder_Decode_Resize_Bicubic_Calliphora_150_150.png	9be82bf220095b5650c7cd0a0eba9ee2b0fbe39881ff2bbde465ca9d2f94490f	27803
tests/Images/External/ReferenceOutput/JpegDecoderTests/JpegDecoder_Decode_Resize_Calliphora_150_150.png	b7e4b589fdbad2688895317fc760a834624f76cc9a027a65ce3cd6b35563ec85	28514
tests/Images/External/ReferenceOutput/JpegDecoderTests/JpegDecoder_Decode_Specialized_Combined_Resize_Calliphora_150_150.png	b7e4b589fdbad2688895317fc760a834624f76cc9a027a65ce3cd6b35563ec85	28514
tests/Images/External/ReferenceOutput/JpegDecoderTests/JpegDecoder_Decode_Specialized_IDCT_Resize_Calliphora_150_150.png	d28335f6ad2421b6bc7e420c2e61ead73cd64f63ba7e1c9bd98ac1c140188ddb	104381
tests/Images/External/ReferenceOutput/JpegDecoderTests/JpegDecoder_Decode_Specialized_Scale_Resize_Calliphora_150_150.png	d0db0474f28d6302aae207b09f63e2de9e9ce6a9777a95dbac69ccb957d08daa	28381
tests/Images/External/ReferenceOutput/Overlays/GlowTest/FullImage_ApplyColor_ducky_Blue.png	5914ffa2b1d53ceb89c41f367636948240820d4eaebc390709f327da58ab826b	31035
tests/Images/External/ReferenceOutput/Overlays/GlowTest/FullImage_ApplyColor_ducky_White.png	a69316f411f7e0b93685a1be5edbf7d7a958897bcb4cd489a2e78bbb70df31e0	29572
tests/Images/External/ReferenceOutput/Overlays/GlowTest/FullImage_ApplyColor_splash_Blue.png	96e8fb3433f941d09b943907f28a4f7c5dbc19adec4cfb2574d19b2df6a973f3	177065
tests/Images/External/ReferenceOutput/Overlays/GlowTest/FullImage_ApplyColor_splash_White.png	c074d00bd13915db29be2cc661d55abd98c778e5dad4db75a3a0795684b26d4c	173089
tests/Images/External/ReferenceOutput/Overlays/GlowTest/FullImage_ApplyRadius_ducky.png	b3ab23f50a7388dd037cff407d75a058b1ec5e1871dba9adf3223985272e8baa	28251
tests/Images/External/ReferenceOutput/Overlays/GlowTest/FullImage_ApplyRadius_splash.png	00107744d9d89c7f54c7b7c08263870a37e96ecea64d675db4bd40758cffa35b	185085
tests/Images/External/ReferenceOutput/Overlays/GlowTest/InBox_Rgba32_ducky.png	84fb55bd8a5f2e9ac5c9ba4d4ed91ed956e294f7d995e2e151d6e1bb775e18ea	28196
tests/Images/External/ReferenceOutput/Overlays/GlowTest/InBox_Rgba32_splash.png	eeb82d5bd94efec03cb8abd526fdd342be28a128cf27c871b9b2c0de5499db38	184811
tests/Images/External/ReferenceOutput/Overlays/VignetteTest/FullImage_ApplyColor_ducky_Blue.png	858101dc090f13e4505ae122264796c8f7f25c78af10f2e75597b69bd66dc601	32548
tests/Images/External/ReferenceOutput/Overlays/VignetteTest/FullImage_ApplyColor_ducky_White.png	2d937c56e560417375497a9cad9c975c6f26aac6288b660df0f289c527eba5f7	31077
tests/Images/External/ReferenceOutput/Overlays/VignetteTest/FullImage_ApplyColor_splash_Blue.png	e30e720280d640107ccb16774b9474ea3e1bb51075168a4909695fbc551b4e48	185595
tests/Images/External/ReferenceOutput/Overlays/VignetteTest/FullImage_ApplyColor_splash_White.png	28300b5e383a76529008c347c25c76342a0ef44920a7c5b609c228f44293d6a8	179871
tests/Images/External/ReferenceOutput/Overlays/VignetteTest/FullImage_ApplyRadius_ducky.png	2954849386fc73a3033b363e078a0bcc5e19578858e3842000a47586d771b89c	17164
tests/Images/External/ReferenceOutput/Overlays/VignetteTest/FullImage_ApplyRadius_splash.png	a4b23691b30785517aa151c8932d95e3b9876744a611c14cfac31131809a6894	98590
tests/Images/External/ReferenceOutput/Overlays/VignetteTest/InBox_Rgba32_ducky.png	7eef77407d0d941c2cafe5de0e3dccdf1a25c9e0d2533a30cb9e36a365a5bff2	27057
tests/Images/External/ReferenceOutput/Overlays/VignetteTest/InBox_Rgba32_splash.png	570cdf156974aa10f8b7148cfc8bb0a180afff6388f372a5b6817f8ec1e41be1	180694
tests/Images/External/ReferenceOutput/PbmDecoderTests/DecodeReferenceImage_L16_Gene-UP WebSocket RunImageMask.png	78fc668be9f82c01c277cb2560253b04a1ff74a5af4daaf19327591420a71fec	4521
tests/Images/External/ReferenceOutput/PbmDecoderTests/DecodeReferenceImage_L8_blackandwhite_binary.png	1339a8170408a7bcde261617cc599587c8f25c4dc94f780976ee1638879888e9	147
tests/Images/External/ReferenceOutput/PbmDecoderTests/DecodeReferenceImage_L8_blackandwhite_plain.png	82d0397f38971cf90d7c064db332093e686196e244ece1196cca2071d27f0a6f	147
tests/Images/External/ReferenceOutput/PbmDecoderTests/DecodeReferenceImage_L8_grayscale_plain.png	f8e8b8a1a05e76b1eeb577373c3a6f492e356f0dd58489afded248415cec4a07	145
tests/Images/External/ReferenceOutput/PbmDecoderTests/DecodeReferenceImage_L8_grayscale_plain_normalized.png	f8e8b8a1a05e76b1eeb577373c3a6f492e356f0dd58489afded248415cec4a07	145
tests/Images/External/ReferenceOutput/PbmDecoderTests/DecodeReferenceImage_L8_issue2477.png	670bc844ba878afa0f03574dea23ab774ac0cc5aa371d0f4b4dff7da4d32f916	2912
tests/Images/External/ReferenceOutput/PbmDecoderTests/DecodeReferenceImage_L8_rings.png	388c86b3dd472ef17fb911ae424b81baeeeff74c4161cf5825eab50698d54348	27884
tests/Images/External/ReferenceOutput/PbmDecoderTests/DecodeReferenceImage_Rgb24_00000_00000.png	2e3fc46b9f0546941ef95be7b750fb29376a679a921f2581403882b0e76e9caf	2250
tests/Images/External/ReferenceOutput/PbmDecoderTests/DecodeReferenceImage_Rgb24_rgb_plain.png	c44322c4bf461acea27053057f5241afb029d9a1e66e94dcf1be6f86f7f97727	152
tests/Images/External/ReferenceOutput/PbmDecoderTests/DecodeReferenceImage_Rgb24_rgb_plain_normalized.png	c44322c4bf461acea27053057f5241afb029d9a1e66e94dcf1be6f86f7f97727	152
tests/Images/External/ReferenceOutput/PbmDecoderTests/PbmDecoder_Decode_Resize_rgb_plain_150_150.png	ccd9636f787948659673936798e594a8a100909312350ec9d15da0a3317e6c6b	200
tests/Images/External/ReferenceOutput/PngDecoderTests/CanDecode_Issue2924_Rgba32_Issue_2924.png	4347cd89196c09496288724afdd876b227063149bba33615c338ebb474a0cb19	47260
tests/Images/External/ReferenceOutput/PngDecoderTests/Decode_AppleCgBI_Rgb24_flecks_ImageThreshold-0_PerPixelManhattanThreshold-0.png	10ee142fc1d3638ebe53fdd21c0a4c53008801befcc5e986051b796561cae887	237676
tests/Images/External/ReferenceOutput/PngDecoderTests/Decode_AppleCgBI_Rgba32_Issue_410_ImageThreshold-0_PerPixelManhattanThreshold-0.png	511cb90e72fcb837e4c9a31561a3c914f5201452d4ca63502cb5219cb4dc42be	619
tests/Images/External/ReferenceOutput/PngDecoderTests/Decode_AppleCgBI_Rgba32_clocks_ImageThreshold-0_PerPixelManhattanThreshold-0.png	2dc73f1b4435a26125d910f005b5df7a540168a954f44c01a8e46df201adb1b6	335851
tests/Images/External/ReferenceOutput/PngDecoderTests/Decode_AppleCgBI_Rgba32_colors_ImageThreshold-0_PerPixelManhattanThreshold-0.png	8cdcc80a8c662c50d2f72ad8e123d595c6e80394538c05666b8d3531d651e71a	11270
tests/Images/External/ReferenceOutput/PngDecoderTests/Decode_AppleCgBI_Rgba32_screen_ImageThreshold-0_PerPixelManhattanThreshold-0.png	00bb4c7b345389f5d95252c19d70fc2b654c4f0198e6a704b603da92b78e9a0a	102982
tests/Images/External/ReferenceOutput/PngDecoderTests/Decode_VerifyAllFrames_Rgba32_12-dispose-prev-first.png/00.png	cb2d35aad4996610f754a166ae30906b49f98979c14a71143f99911e465755a8	89
tests/Images/External/ReferenceOutput/PngDecoderTests/Decode_VerifyAllFrames_Rgba32_12-dispose-prev-first.png/01.png	6ea3f66d081c07c2eeefccae69084dbd0eabb824ace03280cb58a39b818de556	102
tests/Images/External/ReferenceOutput/PngDecoderTests/Decode_VerifyAllFrames_Rgba32_14-dispose-background-before-region.png/00.png	cb2d35aad4996610f754a166ae30906b49f98979c14a71143f99911e465755a8	89
tests/Images/External/ReferenceOutput/PngDecoderTests/Decode_VerifyAllFrames_Rgba32_14-dispose-background-before-region.png/01.png	6ea3f66d081c07c2eeefccae69084dbd0eabb824ace03280cb58a39b818de556	102
tests/Images/External/ReferenceOutput/PngDecoderTests/Decode_VerifyAllFrames_Rgba32_15-dispose-background-region.png/00.png	02c81691db45508be3fe8c6051e8b09937eaa347f332f1097026e00a0e084b38	99
tests/Images/External/ReferenceOutput/PngDecoderTests/Decode_VerifyAllFrames_Rgba32_15-dispose-background-region.png/01.png	02c81691db45508be3fe8c6051e8b09937eaa347f332f1097026e00a0e084b38	99
tests/Images/External/ReferenceOutput/PngDecoderTests/Decode_VerifyAllFrames_Rgba32_15-dispose-background-region.png/02.png	e1322aa335ad845cacfa20266bc0ffc31db117376373c15bcdb222abcf4b8f83	113
tests/Images/External/ReferenceOutput/PngDecoderTests/Decode_VerifyAllFrames_Rgba32_21-blend-over-multiple.png/00.png	cb2d35aad4996610f754a166ae30906b49f98979c14a71143f99911e465755a8	89
tests/Images/External/ReferenceOutput/PngDecoderTests/Decode_VerifyAllFrames_Rgba32_21-blend-over-multiple.png/01.png	11558f68c1a1c3ad32832c7fc91ae093b7351bef68222e4d28ea44f6f2d6511a	89
tests/Images/External/ReferenceOutput/PngDecoderTests/Decode_VerifyAllFrames_Rgba32_21-blend-over-multiple.png/02.png	11558f68c1a1c3ad32832c7fc91ae093b7351bef68222e4d28ea44f6f2d6511a	89
tests/Images/External/ReferenceOutput/PngDecoderTests/Decode_VerifyAllFrames_Rgba32_21-blend-over-multiple.png/03.png	11558f68c1a1c3ad32832c7fc91ae093b7351bef68222e4d28ea44f6f2d6511a	89
tests/Images/External/ReferenceOutput/PngDecoderTests/Decode_VerifyAllFrames_Rgba32_21-blend-over-multiple.png/04.png	11558f68c1a1c3ad32832c7fc91ae093b7351bef68222e4d28ea44f6f2d6511a	89
tests/Images/External/ReferenceOutput/PngDecoderTests/Decode_VerifyAllFrames_Rgba32_21-blend-over-multiple.png/05.png	11558f68c1a1c3ad32832c7fc91ae093b7351bef68222e4d28ea44f6f2d6511a	89
tests/Images/External/ReferenceOutput/PngDecoderTests/Decode_VerifyAllFrames_Rgba32_21-blend-over-multiple.png/06.png	11558f68c1a1c3ad32832c7fc91ae093b7351bef68222e4d28ea44f6f2d6511a	89
tests/Images/External/ReferenceOutput/PngDecoderTests/Decode_VerifyAllFrames_Rgba32_21-blend-over-multiple.png/07.png	11558f68c1a1c3ad32832c7fc91ae093b7351bef68222e4d28ea44f6f2d6511a	89
tests/Images/External/ReferenceOutput/PngDecoderTests/Decode_VerifyAllFrames_Rgba32_21-blend-over-multiple.png/08.png	11558f68c1a1c3ad32832c7fc91ae093b7351bef68222e4d28ea44f6f2d6511a	89
tests/Images/External/ReferenceOutput/PngDecoderTests/Decode_VerifyAllFrames_Rgba32_21-blend-over-multiple.png/104.png	11558f68c1a1c3ad32832c7fc91ae093b7351bef68222e4d28ea44f6f2d6511a	89
tests/Images/External/ReferenceOutput/PngDecoderTests/Decode_VerifyAllFrames_Rgba32_21-blend-over-multiple.png/112.png	11558f68c1a1c3ad32832c7fc91ae093b7351bef68222e4d28ea44f6f2d6511a	89
tests/Images/External/ReferenceOutput/PngDecoderTests/Decode_VerifyAllFrames_Rgba32_21-blend-over-multiple.png/120.png	11558f68c1a1c3ad32832c7fc91ae093b7351bef68222e4d28ea44f6f2d6511a	89
tests/Images/External/ReferenceOutput/PngDecoderTests/Decode_VerifyAllFrames_Rgba32_21-blend-over-multiple.png/128.png	11558f68c1a1c3ad32832c7fc91ae093b7351bef68222e4d28ea44f6f2d6511a	89
tests/Images/External/ReferenceOutput/PngDecoderTests/Decode_VerifyAllFrames_Rgba32_21-blend-over-multiple.png/16.png	11558f68c1a1c3ad32832c7fc91ae093b7351bef68222e4d28ea44f6f2d6511a	89
tests/Images/External/ReferenceOutput/PngDecoderTests/Decode_VerifyAllFrames_Rgba32_21-blend-over-multiple.png/24.png	11558f68c1a1c3ad32832c7fc91ae093b7351bef68222e4d28ea44f6f2d6511a	89
tests/Images/External/ReferenceOutput/PngDecoderTests/Decode_VerifyAllFrames_Rgba32_21-blend-over-multiple.png/32.png	11558f68c1a1c3ad32832c7fc91ae093b7351bef68222e4d28ea44f6f2d6511a	89
tests/Images/External/ReferenceOutput/PngDecoderTests/Decode_VerifyAllFrames_Rgba32_21-blend-over-multiple.png/40.png	11558f68c1a1c3ad32832c7fc91ae093b7351bef68222e4d28ea44f6f2d6511a	89
tests/Images/External/ReferenceOutput/PngDecoderTests/Decode_VerifyAllFrames_Rgba32_21-blend-over-multiple.png/48.png	11558f68c1a1c3ad32832c7fc91ae093b7351bef68222e4d28ea44f6f2d6511a	89
tests/Images/External/ReferenceOutput/PngDecoderTests/Decode_VerifyAllFrames_Rgba32_21-blend-over-multiple.png/56.png	11558f68c1a1c3ad32832c7fc91ae093b7351bef68222e4d28ea44f6f2d6511a	89
tests/Images/External/ReferenceOutput/PngDecoderTests/Decode_VerifyAllFrames_Rgba32_21-blend-over-multiple.png/64.png	11558f68c1a1c3ad32832c7fc91ae093b7351bef68222e4d28ea44f6f2d6511a	89
tests/Images/External/ReferenceOutput/PngDecoderTests/Decode_VerifyAllFrames_Rgba32_21-blend-over-multiple.png/72.png	11558f68c1a1c3ad32832c7fc91ae093b7351bef68222e4d28ea44f6f2d6511a	89
tests/Images/External/ReferenceOutput/PngDecoderTests/Decode_VerifyAllFrames_Rgba32_21-blend-over-multiple.png/80.png	11558f68c1a1c3ad32832c7fc91ae093b7351bef68222e4d28ea44f6f2d6511a	89
tests/Images/External/ReferenceOutput/PngDecoderTests/Decode_VerifyAllFrames_Rgba32_21-blend-over-multiple.png/88.png	11558f68c1a1c3ad32832c7fc91ae093b7351bef68222e4d28ea44f6f2d6511a	89
tests/Images/External/ReferenceOutput/PngDecoderTests/Decode_VerifyAllFrames_Rgba32_21-blend-over-multiple.png/96.png	11558f68c1a1c3ad32832c7fc91ae093b7351bef68222e4d28ea44f6f2d6511a	89
tests/Images/External/ReferenceOutput/PngDecoderTests/Decode_VerifyAllFrames_Rgba32_4-split-idat-zero-length.png/00.png	11558f68c1a1c3ad32832c7fc91ae093b7351bef68222e4d28ea44f6f2d6511a	89
tests/Images/External/ReferenceOutput/PngDecoderTests/Decode_VerifyAllFrames_Rgba32_7-dispose-none.png/00.png	cb2d35aad4996610f754a166ae30906b49f98979c14a71143f99911e465755a8	89
tests/Images/External/ReferenceOutput/PngDecoderTests/Decode_VerifyAllFrames_Rgba32_7-dispose-none.png/01.png	11558f68c1a1c3ad32832c7fc91ae093b7351bef68222e4d28ea44f6f2d6511a	89
tests/Images/External/ReferenceOutput/PngDecoderTests/Decode_VerifyAllFrames_Rgba32_7-dispose-none.png/02.png	11558f68c1a1c3ad32832c7fc91ae093b7351bef68222e4d28ea44f6f2d6511a	89
tests/Images/External/ReferenceOutput/PngDecoderTests/Decode_VerifyAllFrames_Rgba32_8-dispose-background.png/00.png	cb2d35aad4996610f754a166ae30906b49f98979c14a71143f99911e465755a8	89
tests/Images/External/ReferenceOutput/PngDecoderTests/Decode_VerifyAllFrames_Rgba32_8-dispose-background.png/01.png	cb2d35aad4996610f754a166ae30906b49f98979c14a71143f99911e465755a8	89
tests/Images/External/ReferenceOutput/PngDecoderTests/Decode_VerifyAllFrames_Rgba32_8-dispose-background.png/02.png	6ea3f66d081c07c2eeefccae69084dbd0eabb824ace03280cb58a39b818de556	102
tests/Images/External/ReferenceOutput/PngDecoderTests/Decode_VerifyAllFrames_Rgba32_apng.png/00.png	6118abf41302696bfe4a62baa32a7798b3833ca49fc3854dcde4a810905fc457	1012
tests/Images/External/ReferenceOutput/PngDecoderTests/Decode_VerifyAllFrames_Rgba32_apng.png/01.png	e8d11d84cab8580efc7397870116ff3ddde4c3a5da9c2c2baa473eb463326072	915
tests/Images/External/ReferenceOutput/PngDecoderTests/Decode_VerifyAllFrames_Rgba32_apng.png/02.png	f36ea3ed9e652fe005c2767d758da268feb444e90833e02ab3fb15d1155037fd	971
tests/Images/External/ReferenceOutput/PngDecoderTests/Decode_VerifyAllFrames_Rgba32_apng.png/03.png	eb61715535a98977f4a3cb89ac85bc56826a54b4bdd4393d89ca445f50865d22	990
tests/Images/External/ReferenceOutput/PngDecoderTests/Decode_VerifyAllFrames_Rgba32_apng.png/04.png	0648a06346a6ccca69503da187bc5901c7275ade03834030a8f3895ad03ff58a	941
tests/Images/External/ReferenceOutput/PngDecoderTests/Decode_VerifyAllFrames_Rgba32_default-not-animated.png/00.png	8d4716e18655be53630d6d50daebe8c38e0eedb2432c7a73840b55d1473d5944	1050
tests/Images/External/ReferenceOutput/PngDecoderTests/Decode_VerifyAllFrames_Rgba32_default-not-animated.png/01.png	9b5a6d3cf1a777f6b719c2a1cf79bffe2251355d75e6c0f7ce7a973b3d033419	1177
tests/Images/External/ReferenceOutput/PngDecoderTests/Decode_VerifyAllFrames_Rgba32_frame-offset.png/00.png	b85aaf7153e0ca538856a58d7b069bcc13fadc468ea603c85f8782cc691f86c3	387
tests/Images/External/ReferenceOutput/PngDecoderTests/Decode_VerifyAllFrames_Rgba32_frame-offset.png/01.png	fcb83d6893dcfd869b764ff9846c259eaa0caf26cec3f0fc2cbae2c26f2eeaa5	660
tests/Images/External/ReferenceOutput/PngDecoderTests/Decode_VerifyAllFrames_Rgba32_frame-offset.png/02.png	562ec382f6d2af68e66092bf6949f66147d5f608d3c618eea5a7c1ea400737ff	768
tests/Images/External/ReferenceOutput/PngDecoderTests/Decode_VerifyAllFrames_Rgba32_frame-offset.png/03.png	d12a7791b960072e32b78bd9aaf456dc99341eea1c66ea05050433d8c082c6ac	579
tests/Images/External/ReferenceOutput/PngDecoderTests/Decode_VerifyAllFrames_Rgba32_frame-offset.png/04.png	2db38d7ffcc95c23a5c94a06f10c6cc67406ae581a955c99ede4af97b1a044f8	628
tests/Images/External/ReferenceOutput/PngDecoderTests/Decode_WhenColorProfileHandlingIsConvert_ApplyIccProfile_Rgba32_Perceptual-cLUT-only.png	b72c885278a066e63c013885c42b772275f25a5f0b2290aa38c87f3dbeac984b	81432
tests/Images/External/ReferenceOutput/PngDecoderTests/Decode_WhenColorProfileHandlingIsConvert_ApplyIccProfile_Rgba32_Perceptual.png	936261278b1a9f5bf9a2bb4f8da09f2a82e1b5c693790e137c5f98fa4d885735	81785
tests/Images/External/ReferenceOutput/PngDecoderTests/Decode_WhenColorProfileHandlingIsConvert_ApplyIccProfile_Rgba32_sRGB_Gray.png	bf856e49e4ece7e59eea684f6fa533ba313a36955be4703894f16b100283cb4a	2687
tests/Images/External/ReferenceOutput/PngDecoderTests/Decode_WhenColorProfileHandlingIsConvert_ApplyIccProfile_Rgba32_sRGB_Gray_Interlaced_Rgba32.png	337e84b78fb07359a42e7eee0eed32e6728497c64aa30c6bd5ea8a3a5ec67ebc	5151
tests/Images/External/ReferenceOutput/PngDecoderTests/Decode_WhenColorProfileHandlingIsConvert_ApplyIccProfile_Rgba32_sRGB_Gray_Interlaced_Rgba64.png	456ae30184b13aa2dc3d922db433017e076ff969862fe506436ed96c2d9be0a1	6143
tests/Images/External/ReferenceOutput/PngDecoderTests/PngDecoder_Decode_Resize_ScalarResizeKernel_splash_150_150.png	11e8aa44e32ae133914c91cc32a58ecdba1a107d36a0ca252e0e088053e57be1	28129
tests/Images/External/ReferenceOutput/PngDecoderTests/PngDecoder_Decode_Resize_splash_150_150.png	1c87a09b28b3f857e13a2bb420d16caa131a67c45b0fe31404756042f30de6d0	28139
tests/Images/External/ReferenceOutput/PngEncoderTests/Encode_AnimatedFormatTransform_FromGif_Rgba32_issue_2866.gif/00.png	4aa1dea5da7a94fddd2259cd86e7171a57cb5cd2198decedd86149778b9aa20a	64030
tests/Images/External/ReferenceOutput/PngEncoderTests/Encode_AnimatedFormatTransform_FromGif_Rgba32_issue_2866.gif/08.png	16d4159e492162372a16b08fb3a4fdf36908ce759c6a0ad72a0da4bbeb477b72	68619
tests/Images/External/ReferenceOutput/PngEncoderTests/Encode_AnimatedFormatTransform_FromGif_Rgba32_issue_2866.gif/104.png	1095bc829b8fab3c5fda66b90cdd751b81439ad80e9fc7d564a5212c75155b2c	76100
tests/Images/External/ReferenceOutput/PngEncoderTests/Encode_AnimatedFormatTransform_FromGif_Rgba32_issue_2866.gif/112.png	0212cd29319c0d90c18a5f90716156a888c9925e4a36a6d9bbbe8d67a706db8f	66282
tests/Images/External/ReferenceOutput/PngEncoderTests/Encode_AnimatedFormatTransform_FromGif_Rgba32_issue_2866.gif/16.png	620ea89afc2e41b6199c47b2e4777f5ef9afe139e22bfabca9ec094b0adcbdc2	73862
tests/Images/External/ReferenceOutput/PngEncoderTests/Encode_AnimatedFormatTransform_FromGif_Rgba32_issue_2866.gif/24.png	d39997f18af5b97ed32ea30c15da879f70906b4f5cf12439ea6ff2d229e40199	75734
tests/Images/External/ReferenceOutput/PngEncoderTests/Encode_AnimatedFormatTransform_FromGif_Rgba32_issue_2866.gif/32.png	4b459edf763ffff8a8a016c1b7d9e13b7e99f6752e4452b52539d2eb0f7f31be	79505
tests/Images/External/ReferenceOutput/PngEncoderTests/Encode_AnimatedFormatTransform_FromGif_Rgba32_issue_2866.gif/40.png	f1957c82709b22abbaa354ecd679159eeddf135aabb301c266518c23ff4918f9	77588
tests/Images/External/ReferenceOutput/PngEncoderTests/Encode_AnimatedFormatTransform_FromGif_Rgba32_issue_2866.gif/48.png	ae33b303bd1feae301cf645ee6596c499ad4eaa9164c52a37fca760169f9f363	80317
tests/Images/External/ReferenceOutput/PngEncoderTests/Encode_AnimatedFormatTransform_FromGif_Rgba32_issue_2866.gif/56.png	d86360bd43de392a9cf4b671a4cf3cd7ba9f61952a6d0400a5baab7dbb5eeb6d	78578
tests/Images/External/ReferenceOutput/PngEncoderTests/Encode_AnimatedFormatTransform_FromGif_Rgba32_issue_2866.gif/64.png	60e1694b121d0d3fa17d62f4477de349376aa6c2a98b83f9a4525da9ea471662	75204
tests/Images/External/ReferenceOutput/PngEncoderTests/Encode_AnimatedFormatTransform_FromGif_Rgba32_issue_2866.gif/72.png	9348ef330a239bea501f41a3256107fc10a6bb323642118b1fcbe5227b742c88	79048
tests/Images/External/ReferenceOutput/PngEncoderTests/Encode_AnimatedFormatTransform_FromGif_Rgba32_issue_2866.gif/80.png	452dd2339b6ad3e35528601c289d88eafcc7e9a6e717f25da2bbf4267b85be97	81553
tests/Images/External/ReferenceOutput/PngEncoderTests/Encode_AnimatedFormatTransform_FromGif_Rgba32_issue_2866.gif/88.png	b67e3b57b62f9e1c924de6fbd2699f93a6594812ad8c4cafd6160323547b1a88	86402
tests/Images/External/ReferenceOutput/PngEncoderTests/Encode_AnimatedFormatTransform_FromGif_Rgba32_issue_2866.gif/96.png	887e94402f93a491820d3d25d641c5901cf796c1275a2feb9e1c072a6a63ce28	87335
tests/Images/External/ReferenceOutput/PngEncoderTests/Encode_AnimatedFormatTransform_FromGif_Rgba32_leo.gif/00.png	a6baac5db47ef2ee3ba72c7e8d5e04fc888c5e1460d4d7e348f63b597e1b5ff7	23660
tests/Images/External/ReferenceOutput/PngEncoderTests/Encode_AnimatedFormatTransform_FromGif_Rgba32_leo.gif/08.png	7fad45a0682a70a1fb84eec76d4a80ee054e85df59e6729508f3698d39999e31	29509
tests/Images/External/ReferenceOutput/PngEncoderTests/IsNotBoundToSinglePixelType_Bgra32_TestPattern24x24_Grayscale.png	ff65220be22a707edb8c0a5ad8b9fda3ed33759602854000d31d324504e6ca47	205
tests/Images/External/ReferenceOutput/PngEncoderTests/IsNotBoundToSinglePixelType_Bgra32_TestPattern24x24_GrayscaleWithAlpha.png	8eeec299c4781b373d6d30ca542ee6bdf53a6188e3b32c2f19ab007fab2de050	258
tests/Images/External/ReferenceOutput/PngEncoderTests/IsNotBoundToSinglePixelType_Bgra32_TestPattern24x24_Rgb.png	7013153c9b6f6b75d5272b24da147ac20b1a8c47b32d7e33447c370cc9d573f8	320
tests/Images/External/ReferenceOutput/PngEncoderTests/IsNotBoundToSinglePixelType_Bgra32_TestPattern24x24_RgbWithAlpha.png	5f97fcfd003c28ad8347541a5660b6f4cef63735473f167bda72a3f1e89fb51e	346
tests/Images/External/ReferenceOutput/PngEncoderTests/IsNotBoundToSinglePixelType_Rgb24_TestPattern24x24_Grayscale.png	ff65220be22a707edb8c0a5ad8b9fda3ed33759602854000d31d324504e6ca47	205
tests/Images/External/ReferenceOutput/PngEncoderTests/IsNotBoundToSinglePixelType_Rgb24_TestPattern24x24_GrayscaleWithAlpha.png	ff65220be22a707edb8c0a5ad8b9fda3ed33759602854000d31d324504e6ca47	205
tests/Images/External/ReferenceOutput/PngEncoderTests/IsNotBoundToSinglePixelType_Rgb24_TestPattern24x24_Rgb.png	7013153c9b6f6b75d5272b24da147ac20b1a8c47b32d7e33447c370cc9d573f8	320
tests/Images/External/ReferenceOutput/PngEncoderTests/IsNotBoundToSinglePixelType_Rgb24_TestPattern24x24_RgbWithAlpha.png	44347ef52a157829f9f3ae12847102d9114529f62820d24a5fcf503aaeb40f9e	347
tests/Images/External/ReferenceOutput/PngEncoderTests/IsNotBoundToSinglePixelType_Rgba32_TestPattern24x24_Grayscale.png	ff65220be22a707edb8c0a5ad8b9fda3ed33759602854000d31d324504e6ca47	205
tests/Images/External/ReferenceOutput/PngEncoderTests/IsNotBoundToSinglePixelType_Rgba32_TestPattern24x24_GrayscaleWithAlpha.png	8eeec299c4781b373d6d30ca542ee6bdf53a6188e3b32c2f19ab007fab2de050	258
tests/Images/External/ReferenceOutput/PngEncoderTests/IsNotBoundToSinglePixelType_Rgba32_TestPattern24x24_Rgb.png	7013153c9b6f6b75d5272b24da147ac20b1a8c47b32d7e33447c370cc9d573f8	320
tests/Images/External/ReferenceOutput/PngEncoderTests/IsNotBoundToSinglePixelType_Rgba32_TestPattern24x24_RgbWithAlpha.png	5f97fcfd003c28ad8347541a5660b6f4cef63735473f167bda72a3f1e89fb51e	346
tests/Images/External/ReferenceOutput/PngEncoderTests/Issue2469_Quantized_Encode_Artifacts_Rgba32_issue_2469.png	b33a960891c6b1e9cc6ac2ddc3cf49d8f49e0c749dfa7a67db49354988b129f6	935007
tests/Images/External/ReferenceOutput/PngEncoderTests/Issue2668_Quantized_Encode_Alpha_Rgba32_Issue_2668.png	ad1630f3da7c2b997d04c75de2ac1465255c977454461f2fdc7026b3f87e11f1	8232
tests/Images/External/ReferenceOutput/PngEncoderTests/PaletteColorType_WuQuantizer_palette-8bpp__PaletteSize-100.png	5dc9b81363a92aed7d9cd9764e025a139eb050aef95bfd65c6c5f3ad21d77319	18703
tests/Images/External/ReferenceOutput/PngEncoderTests/PaletteColorType_WuQuantizer_palette-8bpp__PaletteSize-120.png	81d4c0d7ef41bf871a9af3c9822bab24abc93635e8a3a7690ec382e4d03557e6	13802
tests/Images/External/ReferenceOutput/PngEncoderTests/PaletteColorType_WuQuantizer_palette-8bpp__PaletteSize-230.png	f4537406e7548f68291add108fb6d5eda8b673c1e0b66000e02a1a341cb293e5	8970
tests/Images/External/ReferenceOutput/PngEncoderTests/PaletteColorType_WuQuantizer_palette-8bpp__PaletteSize-80.png	da02e2b7e90609fec94ea37266c1d8f997bb6c09e7f7b5e1b16cab82f76616c9	26729
tests/Images/External/ReferenceOutput/PngEncoderTests/WorksWithAllCompressionLevels_TestPattern24x24__C1.png	951670a3539073b7ebf9266e520b0de9fec52e7624e744e15bef6a363b2fae00	381
tests/Images/External/ReferenceOutput/PngEncoderTests/WorksWithAllCompressionLevels_TestPattern24x24__C2.png	951670a3539073b7ebf9266e520b0de9fec52e7624e744e15bef6a363b2fae00	381
tests/Images/External/ReferenceOutput/PngEncoderTests/WorksWithAllCompressionLevels_TestPattern24x24__C3.png	605bbced9701ebd478d4a3652e202b9aea994dac8c73bba01c37ed9303d44bda	381
tests/Images/External/ReferenceOutput/PngEncoderTests/WorksWithAllCompressionLevels_TestPattern24x24__C4.png	605bbced9701ebd478d4a3652e202b9aea994dac8c73bba01c37ed9303d44bda	381
tests/Images/External/ReferenceOutput/PngEncoderTests/WorksWithAllCompressionLevels_TestPattern24x24__C5.png	55eaa24ca3071c1d8fa3386fe89b7f3312b83aa9e162c7bafbd775c41a9d367c	381
tests/Images/External/ReferenceOutput/PngEncoderTests/WorksWithAllCompressionLevels_TestPattern24x24__C6.png	5f97fcfd003c28ad8347541a5660b6f4cef63735473f167bda72a3f1e89fb51e	346
tests/Images/External/ReferenceOutput/PngEncoderTests/WorksWithAllCompressionLevels_TestPattern24x24__C7.png	482f180ba69acf181ee426fbc0772c150f5789c22ca5436a668427c5397818ba	346
tests/Images/External/ReferenceOutput/PngEncoderTests/WorksWithAllCompressionLevels_TestPattern24x24__C8.png	482f180ba69acf181ee426fbc0772c150f5789c22ca5436a668427c5397818ba	346
tests/Images/External/ReferenceOutput/PngEncoderTests/WorksWithAllCompressionLevels_TestPattern24x24__C9.png	482f180ba69acf181ee426fbc0772c150f5789c22ca5436a668427c5397818ba	346
tests/Images/External/ReferenceOutput/PngEncoderTests/WorksWithAllFilterMethods_TestPattern24x24_Adaptive.png	2bc648e6b717cbf9e0d6d59508ce40d10545e024e1822c15e71363b687a17774	318
tests/Images/External/ReferenceOutput/PngEncoderTests/WorksWithAllFilterMethods_TestPattern24x24_Average.png	b5e1803065a679cfd06da7360dcc3c5593ae9a299bc348dad5c6fbe2eeb128e4	453
tests/Images/External/ReferenceOutput/PngEncoderTests/WorksWithAllFilterMethods_TestPattern24x24_None.png	e096b4d0909f7945b9a1cb9469487a0878232ae181df465f4e08bf27194ec7d4	738
tests/Images/External/ReferenceOutput/PngEncoderTests/WorksWithAllFilterMethods_TestPattern24x24_Paeth.png	2bc648e6b717cbf9e0d6d59508ce40d10545e024e1822c15e71363b687a17774	318
tests/Images/External/ReferenceOutput/PngEncoderTests/WorksWithAllFilterMethods_TestPattern24x24_Sub.png	f8db52999e860c92622d87bccded2be2270f27f57e66e8c184c655445aa319df	293
tests/Images/External/ReferenceOutput/PngEncoderTests/WorksWithAllFilterMethods_TestPattern24x24_Up.png	afc1a1a3835b46b3814b664edf65a3b8d9b32706d58d418a7cadf3e125fa1d87	311
tests/Images/External/ReferenceOutput/PngEncoderTests/WorksWithDifferentSizes_Solid1x1_(255,100,50,255)_Grayscale.png	ea65e8b135b4720fbc68c6a8402909b97b65c948cc911a4ad7c6581483fd4be6	67
tests/Images/External/ReferenceOutput/PngEncoderTests/WorksWithDifferentSizes_Solid1x1_(255,100,50,255)_GrayscaleWithAlpha.png	ea65e8b135b4720fbc68c6a8402909b97b65c948cc911a4ad7c6581483fd4be6	67
tests/Images/External/ReferenceOutput/PngEncoderTests/WorksWithDifferentSizes_Solid1x1_(255,100,50,255)_Rgb.png	db7d8576f90d9da55c4fdcd119e5533c6e1bb3aef27135d9bcadbf28458fdd71	90
tests/Images/External/ReferenceOutput/PngEncoderTests/WorksWithDifferentSizes_Solid1x1_(255,100,50,255)_RgbWithAlpha.png	5e1f6c6a4cd27e3c462d60450c929fdcb93bb2f56a419aa7e1c79662e834b8dc	90
tests/Images/External/ReferenceOutput/PngEncoderTests/WorksWithDifferentSizes_TestPattern47x8_Grayscale.png	89e0c828c17a222455f5e8921576dd5d957ed5fc1a77f225b214abec30f1a727	166
tests/Images/External/ReferenceOutput/PngEncoderTests/WorksWithDifferentSizes_TestPattern47x8_GrayscaleWithAlpha.png	29bb576d3b8576b4dbaa51f27e0d42487e4337830768b150c87bf3511656af12	204
tests/Images/External/ReferenceOutput/PngEncoderTests/WorksWithDifferentSizes_TestPattern47x8_Rgb.png	c66cad0e2a813f622e5cf466eb379e9e916fb412b38bb0cfb8d53a1520ce6f23	218
tests/Images/External/ReferenceOutput/PngEncoderTests/WorksWithDifferentSizes_TestPattern47x8_RgbWithAlpha.png	b9a33310796ab7419e3e6a6a7db16c529263df8c9e36ade0a799faa0889351d5	256
tests/Images/External/ReferenceOutput/PngEncoderTests/WorksWithDifferentSizes_TestPattern48x24_Grayscale.png	4a04779aebceb5ba41f0819f02c9b687a0242b3298f669cfa386c41ff8dcda6a	286
tests/Images/External/ReferenceOutput/PngEncoderTests/WorksWithDifferentSizes_TestPattern48x24_GrayscaleWithAlpha.png	829f520aa0eb26b1332337e7a75999533682732f272a9e59fb0b02f35cb87065	354
tests/Images/External/ReferenceOutput/PngEncoderTests/WorksWithDifferentSizes_TestPattern48x24_Rgb.png	8d3e9cabfdfee0f7c630542a7459b26ca5f156dceefd8614e2f58ef1ed46465d	277
tests/Images/External/ReferenceOutput/PngEncoderTests/WorksWithDifferentSizes_TestPattern48x24_RgbWithAlpha.png	8e6cd212359a6c5e8c14b8e9e9b928be3c58c8ddd725d649818d8eecf2c5f8c1	343
tests/Images/External/ReferenceOutput/PngEncoderTests/WorksWithDifferentSizes_TestPattern49x7_Grayscale.png	6255fe1f072b6678ad0d84ce96484511e909ad46e5322a32df50d88085792a63	148
tests/Images/External/ReferenceOutput/PngEncoderTests/WorksWithDifferentSizes_TestPattern49x7_GrayscaleWithAlpha.png	26b4688239ef7074e342b1c4272fe8375cf86851a43f25256db7fb555e8cea42	178
tests/Images/External/ReferenceOutput/PngEncoderTests/WorksWithDifferentSizes_TestPattern49x7_Rgb.png	6f8a1ebadedeea9fbbfca336e74b94c20146c153e4a19dd40aaa8fc86ecfbb5c	272
tests/Images/External/ReferenceOutput/PngEncoderTests/WorksWithDifferentSizes_TestPattern49x7_RgbWithAlpha.png	fa1811959cf030f31f1312b9f4d4ed0d2484c966127dab49f5fcc6f640fa6b87	276
tests/Images/External/ReferenceOutput/PngEncoderTests/WorksWithDifferentSizes_TestPattern7x5_Grayscale.png	57ec7e645f7b84b2d80c417261c5989b8ede091b546bf971ca9c44abb8c00f83	99
tests/Images/External/ReferenceOutput/PngEncoderTests/WorksWithDifferentSizes_TestPattern7x5_GrayscaleWithAlpha.png	c388b21ae6dd5d75c13ce032694356dc025f0081081585babef87e72f228f591	114
tests/Images/External/ReferenceOutput/PngEncoderTests/WorksWithDifferentSizes_TestPattern7x5_Rgb.png	b375a3912dac12f68f85cf1b560def2cc5c4ef6b829709a17bdfb2e635b13c87	139
tests/Images/External/ReferenceOutput/PngEncoderTests/WorksWithDifferentSizes_TestPattern7x5_RgbWithAlpha.png	45ebbfc1451a278ae552ba976bdecf3d3171531926006c4a8aa2a33bebf027f9	150
tests/Images/External/ReferenceOutput/PngEncoderTests/WorksWithDifferentSizes_palette-8bpp_Grayscale.png	3908f71273e4b7d1b9a44c0842f6cb24cbe6300a52d0adba3f10a78d2ebdcda2	8371
tests/Images/External/ReferenceOutput/PngEncoderTests/WorksWithDifferentSizes_palette-8bpp_GrayscaleWithAlpha.png	3908f71273e4b7d1b9a44c0842f6cb24cbe6300a52d0adba3f10a78d2ebdcda2	8371
tests/Images/External/ReferenceOutput/PngEncoderTests/WorksWithDifferentSizes_palette-8bpp_Rgb.png	9277365e29296f63aeab22ada1de9a13a88111b65319ea7976dee39ba5d4e995	8971
tests/Images/External/ReferenceOutput/PngEncoderTests/WorksWithDifferentSizes_palette-8bpp_RgbWithAlpha.png	9277365e29296f63aeab22ada1de9a13a88111b65319ea7976dee39ba5d4e995	8971
tests/Images/External/ReferenceOutput/PorterDuffCompositorTests/PorterDuffOutputIsCorrect_Rgba32_pd-dest_Atop.png	f12f5c8259e679d9f4acf5c11232f9292f6f40543e2371aecd8fb43ec071fb58	2434
tests/Images/External/ReferenceOutput/PorterDuffCompositorTests/PorterDuffOutputIsCorrect_Rgba32_pd-dest_Clear.png	c65cffc9f97689cf51756007ac1e17e6efe2ca25dbd0e0e753a9ad481c56cd17	154
tests/Images/External/ReferenceOutput/PorterDuffCompositorTests/PorterDuffOutputIsCorrect_Rgba32_pd-dest_Dest.png	3cb54316e7a74eef0f7bf22bd1e9ced22c7760cf2f61519f221597a37f212031	1777
tests/Images/External/ReferenceOutput/PorterDuffCompositorTests/PorterDuffOutputIsCorrect_Rgba32_pd-dest_DestAtop.png	88f6568316c223e209c5270625621917f856fdbae0975569bc02c722434002d9	2812
tests/Images/External/ReferenceOutput/PorterDuffCompositorTests/PorterDuffOutputIsCorrect_Rgba32_pd-dest_DestIn.png	dcbb9056a5c0c9accf074076b17ea92b842d897fdfec7220fa198656efdd6f36	1745
tests/Images/External/ReferenceOutput/PorterDuffCompositorTests/PorterDuffOutputIsCorrect_Rgba32_pd-dest_DestOut.png	9562915ef66d9ca6a42108cae51ad08fa711dddc79aaedad2c4be83bd8c38534	1952
tests/Images/External/ReferenceOutput/PorterDuffCompositorTests/PorterDuffOutputIsCorrect_Rgba32_pd-dest_DestOver.png	fd75a792f7e72f4831a97297452eef3567fded1d319ddbe10bd69653f8b42329	3079
tests/Images/External/ReferenceOutput/PorterDuffCompositorTests/PorterDuffOutputIsCorrect_Rgba32_pd-dest_In.png	dfb99359c216d5aee6eabed9f549c406e3b18f50fb255db2a936cba217888cd0	1740
tests/Images/External/ReferenceOutput/PorterDuffCompositorTests/PorterDuffOutputIsCorrect_Rgba32_pd-dest_Out.png	d2049fbfdebb20807ea1d402e1a0b8c8bed0995d16900f5739ad0db5d2acd501	2273
tests/Images/External/ReferenceOutput/PorterDuffCompositorTests/PorterDuffOutputIsCorrect_Rgba32_pd-dest_Over.png	f4522f90e489c166a929f224fbad1dfdd57031221c83a57ef4c8779c69ed086e	3136
tests/Images/External/ReferenceOutput/PorterDuffCompositorTests/PorterDuffOutputIsCorrect_Rgba32_pd-dest_Src.png	e85a216b2d522d959042dd46a9ff4185868771f6666ff75a06db4dd3aa86c3ae	2238
tests/Images/External/ReferenceOutput/PorterDuffCompositorTests/PorterDuffOutputIsCorrect_Rgba32_pd-dest_Xor.png	5d6a1569a5c14a4513c5a5c4fe60bfe26daede6575575cdfdb236e8d56786e7c	3347
tests/Images/External/ReferenceOutput/PorterDuffCompositorTests/Set1/AlphaComposition_100_100-Clear.png	1cb3f8b6ed1e17ecc1d21d0714aaedd3a012288357ca356b023222eb37d09be6	456
tests/Images/External/ReferenceOutput/PorterDuffCompositorTests/Set1/AlphaComposition_100_100-Dest.png	ffd19acb8847faa6ca622e91b1826e5097d3f9dc4c3ad1593a4399decbb5b274	1740
tests/Images/External/ReferenceOutput/PorterDuffCompositorTests/Set1/AlphaComposition_100_100-DestAtop.png	fc703ef5018d6863161ef2f54e146f4890fccefc98c46e3fa18300074250427a	2009
tests/Images/External/ReferenceOutput/PorterDuffCompositorTests/Set1/AlphaComposition_100_100-DestIn.png	a0e1dd82691de4bd1af5943301b3755108bca807ccf0ca4c8489036b30a00260	1307
tests/Images/External/ReferenceOutput/PorterDuffCompositorTests/Set1/AlphaComposition_100_100-DestOut.png	f6ed02bad85f4778abc4547f65562a206067d1c09d61fc37c951e0ce59a1d63e	1693
tests/Images/External/ReferenceOutput/PorterDuffCompositorTests/Set1/AlphaComposition_100_100-DestOver.png	78a821911725368ca95d050ed3c8e2045f0adff6222cd737f70e071f3166c3b7	2417
tests/Images/External/ReferenceOutput/PorterDuffCompositorTests/Set1/AlphaComposition_100_100-Src.png	376b1545be400ae42208747f703fd6ef5bd9e89e602d349da4951d4c64ca40af	1471
tests/Images/External/ReferenceOutput/PorterDuffCompositorTests/Set1/AlphaComposition_100_100-SrcAtop.png	ed89722596249864322f0da8e2361f40c2775a430231398d115c379cadb5de99	2181
tests/Images/External/ReferenceOutput/PorterDuffCompositorTests/Set1/AlphaComposition_100_100-SrcIn.png	2bccd7d93e0ae0d7ca8e1b1347a6972e25064dc38386d6238d259daa77387095	1300
tests/Images/External/ReferenceOutput/PorterDuffCompositorTests/Set1/AlphaComposition_100_100-SrcOut.png	843ed090a0afb6b862482ed8594474ab5f2e13a33958eade4e7fa6e8870d8fad	1499
tests/Images/External/ReferenceOutput/PorterDuffCompositorTests/Set1/AlphaComposition_100_100-SrcOver.png	251ca7123e4fdd709b10c8aa4422ddba7875d5b15a0eb4d66781e3a1a0861f2b	2332
tests/Images/External/ReferenceOutput/PorterDuffCompositorTests/Set1/AlphaComposition_100_100-Xor.png	db29f362784772d0402b945bdfad332add380aa882c00a7535527322ebc18761	2530
tests/Images/External/ReferenceOutput/PorterDuffCompositorTests/Set1/AlphaComposition_50_50-Clear.png	1cb3f8b6ed1e17ecc1d21d0714aaedd3a012288357ca356b023222eb37d09be6	456
tests/Images/External/ReferenceOutput/PorterDuffCompositorTests/Set1/AlphaComposition_50_50-Dest.png	94fed8daf3953f72d536dddec211b1157d8cd12df212841076456ea31f06027d	1447
tests/Images/External/ReferenceOutput/PorterDuffCompositorTests/Set1/AlphaComposition_50_50-DestAtop.png	89e01c6d30a98a40db4200369d514dc0065df0ab742ff824125418c0dc7c665e	1806
tests/Images/External/ReferenceOutput/PorterDuffCompositorTests/Set1/AlphaComposition_50_50-DestIn.png	61f4222b4fc162283b5098f3e649368054bacc26121592192b051d76704e8aac	1066
tests/Images/External/ReferenceOutput/PorterDuffCompositorTests/Set1/AlphaComposition_50_50-DestOut.png	2fa6f68dc494a820c375096a011b78415bea150f2e0f3eae3fd3b086a1268b2d	1583
tests/Images/External/ReferenceOutput/PorterDuffCompositorTests/Set1/AlphaComposition_50_50-DestOver.png	2a8701b685dc00f3cb08c50f4e935e391aa9eb8738acf88c45a6ebf08fd5b20f	2619
tests/Images/External/ReferenceOutput/PorterDuffCompositorTests/Set1/AlphaComposition_50_50-Src.png	c23b99156cd398d59102abcf62b401b82b64ab5536ff704437f89ab9eb976989	1333
tests/Images/External/ReferenceOutput/PorterDuffCompositorTests/Set1/AlphaComposition_50_50-SrcAtop.png	48d766dd70abd95ec060db03ccd8fab6b5337ad19ad1031ca39064b345538ded	1871
tests/Images/External/ReferenceOutput/PorterDuffCompositorTests/Set1/AlphaComposition_50_50-SrcIn.png	093e8b875a8a45335f85eea52574cf6c135e8f20359eff5d1abaa86f110ae827	1053
tests/Images/External/ReferenceOutput/PorterDuffCompositorTests/Set1/AlphaComposition_50_50-SrcOut.png	ebacf629fed0f3f5ea3b1dd8a10d3db0ddf7dd27dca13f9d55a9620b3eb16dc4	1543
tests/Images/External/ReferenceOutput/PorterDuffCompositorTests/Set1/AlphaComposition_50_50-SrcOver.png	ab36f490f9fc1c75521f87fadcc3ede9a8983ce9ca01405ac59175e29cd0fbaa	2565
tests/Images/External/ReferenceOutput/PorterDuffCompositorTests/Set1/AlphaComposition_50_50-Xor.png	595af24828244ee03b365ad137fb77f57f7f40c45c509dd684c0f9d58cec8b30	2482
tests/Images/External/ReferenceOutput/PorterDuffCompositorTests/Set1/ColorBlending_100_100-Add.png	b3b1646fff1b16380ec87af89c7f1f5ec0245a420af3a1cdfac026eb0ee7ccb0	2486
tests/Images/External/ReferenceOutput/PorterDuffCompositorTests/Set1/ColorBlending_100_100-Darken.png	75d09a597c04076496f76035337cb6f0701df985e5879cb781abffa66ae7697c	2484
tests/Images/External/ReferenceOutput/PorterDuffCompositorTests/Set1/ColorBlending_100_100-HardLight.png	251ca7123e4fdd709b10c8aa4422ddba7875d5b15a0eb4d66781e3a1a0861f2b	2332
tests/Images/External/ReferenceOutput/PorterDuffCompositorTests/Set1/ColorBlending_100_100-Lighten.png	b3b1646fff1b16380ec87af89c7f1f5ec0245a420af3a1cdfac026eb0ee7ccb0	2486
tests/Images/External/ReferenceOutput/PorterDuffCompositorTests/Set1/ColorBlending_100_100-Multiply.png	75d09a597c04076496f76035337cb6f0701df985e5879cb781abffa66ae7697c	2484
tests/Images/External/ReferenceOutput/PorterDuffCompositorTests/Set1/ColorBlending_100_100-Normal.png	251ca7123e4fdd709b10c8aa4422ddba7875d5b15a0eb4d66781e3a1a0861f2b	2332
tests/Images/External/ReferenceOutput/PorterDuffCompositorTests/Set1/ColorBlending_100_100-Overlay.png	78a821911725368ca95d050ed3c8e2045f0adff6222cd737f70e071f3166c3b7	2417
tests/Images/External/ReferenceOutput/PorterDuffCompositorTests/Set1/ColorBlending_100_100-Screen.png	b3b1646fff1b16380ec87af89c7f1f5ec0245a420af3a1cdfac026eb0ee7ccb0	2486
tests/Images/External/ReferenceOutput/PorterDuffCompositorTests/Set1/ColorBlending_100_100-Subtract.png	78a821911725368ca95d050ed3c8e2045f0adff6222cd737f70e071f3166c3b7	2417
tests/Images/External/ReferenceOutput/PorterDuffCompositorTests/Set1/ColorBlending_50_50-Add.png	1280694140e81583767dbaad4117a9166bc1dd3601be12556aa0e8fd86f357ca	2647
tests/Images/External/ReferenceOutput/PorterDuffCompositorTests/Set1/ColorBlending_50_50-Darken.png	75d7e9cfc9979dfdd59f77a9ad91b9469baa13a003de53ae6ff09637b8e2a0ba	2639
tests/Images/External/ReferenceOutput/PorterDuffCompositorTests/Set1/ColorBlending_50_50-HardLight.png	ab36f490f9fc1c75521f87fadcc3ede9a8983ce9ca01405ac59175e29cd0fbaa	2565
tests/Images/External/ReferenceOutput/PorterDuffCompositorTests/Set1/ColorBlending_50_50-Lighten.png	1280694140e81583767dbaad4117a9166bc1dd3601be12556aa0e8fd86f357ca	2647
tests/Images/External/ReferenceOutput/PorterDuffCompositorTests/Set1/ColorBlending_50_50-Multiply.png	75d7e9cfc9979dfdd59f77a9ad91b9469baa13a003de53ae6ff09637b8e2a0ba	2639
tests/Images/External/ReferenceOutput/PorterDuffCompositorTests/Set1/ColorBlending_50_50-Normal.png	ab36f490f9fc1c75521f87fadcc3ede9a8983ce9ca01405ac59175e29cd0fbaa	2565
tests/Images/External/ReferenceOutput/PorterDuffCompositorTests/Set1/ColorBlending_50_50-Overlay.png	2a8701b685dc00f3cb08c50f4e935e391aa9eb8738acf88c45a6ebf08fd5b20f	2619
tests/Images/External/ReferenceOutput/PorterDuffCompositorTests/Set1/ColorBlending_50_50-Screen.png	1280694140e81583767dbaad4117a9166bc1dd3601be12556aa0e8fd86f357ca	2647
tests/Images/External/ReferenceOutput/PorterDuffCompositorTests/Set1/ColorBlending_50_50-Subtract.png	2a8701b685dc00f3cb08c50f4e935e391aa9eb8738acf88c45a6ebf08fd5b20f	2619
tests/Images/External/ReferenceOutput/PorterDuffCompositorTests/Set1/DEST.png	7b8c04ef21e91dfa1f6d771a47e62a2e73a996bcfb2c9b1994bbda7e76f2c137	1327
tests/Images/External/ReferenceOutput/PorterDuffCompositorTests/Set1/SRC.png	49e31bff806fcc4beca659a388f76faeac82ab6e52c43153c3de05c9553571d2	1290
tests/Images/External/ReferenceOutput/ProjectiveTransformTests/Identity_Rgba32_TestPattern100x100.png	da8229605bda413676a42f587df250a743540e6e00c04eacb1e622f223e19595	3564
tests/Images/External/ReferenceOutput/ProjectiveTransformTests/PerspectiveTransformMatchesCSS_Rgba32_Solid290x154_(0,0,255,255).png	455b17bc432490435c2453424d17b92b77d036dcbc2b2ab06b960a398bd3136b	11119
tests/Images/External/ReferenceOutput/ProjectiveTransformTests/RawTransformMatchesDocumentedExample_Rgba32_Solid100x100_(0,0,255,255).png	75b1b9df1e5364a75ecda822a4bf811584d75244ffc1d3b608bc0ce6b9ff19da	192
tests/Images/External/ReferenceOutput/ProjectiveTransformTests/Transform_WithQuadDistortion_Rgba32_TestPattern150x150_PointF [ X=-50, Y=-50 ]-PointF [ X=200, Y=-50 ]-PointF [ X=200, Y=200 ]-PointF [ X=-50, Y=200 ].png	ac986987f25d25ab964a5bef710fe81166cb643d85511906218b4f0e72e9e840	30532
tests/Images/External/ReferenceOutput/ProjectiveTransformTests/Transform_WithQuadDistortion_Rgba32_TestPattern150x150_PointF [ X=0, Y=0 ]-PointF [ X=150, Y=0 ]-PointF [ X=150, Y=150 ]-PointF [ X=0, Y=150 ].png	e0ada2a4d32a3a757b803dbf08148f113f5d358b31af79a77e97c660ce96c302	1608
tests/Images/External/ReferenceOutput/ProjectiveTransformTests/Transform_WithQuadDistortion_Rgba32_TestPattern150x150_PointF [ X=150, Y=0 ]-PointF [ X=150, Y=150 ]-PointF [ X=0, Y=150 ]-PointF [ X=0, Y=0 ].png	ffc30373989ec6857797b460931f011b30baaec633b095b6fc3d8fd5d43c77ec	2467
tests/Images/External/ReferenceOutput/ProjectiveTransformTests/Transform_WithQuadDistortion_Rgba32_TestPattern150x150_PointF [ X=25, Y=50 ]-PointF [ X=210, Y=25 ]-PointF [ X=140, Y=210 ]-PointF [ X=15, Y=125 ].png	9828ef0faf1a6709673cfe39028ed4202920d346bcc172bda6683bb3d1d0a7a3	36577
tests/Images/External/ReferenceOutput/ProjectiveTransformTests/Transform_WithSampler_Rgba32_TestPattern150x150_Bicubic.png	6bff913e6e67129325203fae91278ca17407b10d99c4e4f571e6cfe3b5b7f93c	10889
tests/Images/External/ReferenceOutput/ProjectiveTransformTests/Transform_WithSampler_Rgba32_TestPattern150x150_Box.png	54b761b76d03216e7aa6238eee92755c03f7b016bffd1400be66ecf136b29c26	2747
tests/Images/External/ReferenceOutput/ProjectiveTransformTests/Transform_WithSampler_Rgba32_TestPattern150x150_CatmullRom.png	16da371a29269dade522b3d602beee8f769723c5712a348d960805b75619376d	10889
tests/Images/External/ReferenceOutput/ProjectiveTransformTests/Transform_WithSampler_Rgba32_TestPattern150x150_Hermite.png	b25b190603828131be8d82a27e019353c9bf80dcb38536e325abc5aa065762ed	10230
tests/Images/External/ReferenceOutput/ProjectiveTransformTests/Transform_WithSampler_Rgba32_TestPattern150x150_Lanczos2.png	0cc07a20532c52151388c42d7add4f9749913c4dd7629253400a51d40760df23	13566
tests/Images/External/ReferenceOutput/ProjectiveTransformTests/Transform_WithSampler_Rgba32_TestPattern150x150_Lanczos3.png	64aae32ec91233b6a139d2f515db4a3e609fa3ab6c660cb53b05d672e7f70e6f	16795
tests/Images/External/ReferenceOutput/ProjectiveTransformTests/Transform_WithSampler_Rgba32_TestPattern150x150_Lanczos5.png	c6167a1fb585b49167f4c8fa1f19111f10c825ea7d41ae4e266680d22b2bb28e	17094
tests/Images/External/ReferenceOutput/ProjectiveTransformTests/Transform_WithSampler_Rgba32_TestPattern150x150_Lanczos8.png	131e831cc2e2d8eb4f5860d0e685b31006ab846433e38440b6a85a445aed1a12	17890
tests/Images/External/ReferenceOutput/ProjectiveTransformTests/Transform_WithSampler_Rgba32_TestPattern150x150_MitchellNetravali.png	aedcc9342e0b37d60759330f62db446646c31da172e21d931ee8e8451ee720ae	11193
tests/Images/External/ReferenceOutput/ProjectiveTransformTests/Transform_WithSampler_Rgba32_TestPattern150x150_NearestNeighbor.png	34f21056cac1ec3f1bd37a6c50466210e7ca7d8263963d2c503535b40e5b31d8	2752
tests/Images/External/ReferenceOutput/ProjectiveTransformTests/Transform_WithSampler_Rgba32_TestPattern150x150_Robidoux.png	b4e0cbe71672de45880111fb45c7b544203f67154060fa0707ba9216dfd6d883	11217
tests/Images/External/ReferenceOutput/ProjectiveTransformTests/Transform_WithSampler_Rgba32_TestPattern150x150_RobidouxSharp.png	e8208cf34114bc87c6244f83a73e7c9dd4455da2fb6d25c34e32ed2fef3cfc9a	11214
tests/Images/External/ReferenceOutput/ProjectiveTransformTests/Transform_WithSampler_Rgba32_TestPattern150x150_Spline.png	c4ee4328adcc71b1d9b3786ab2c03906aa725fefadd1d521206d5a04af421d8d	11711
tests/Images/External/ReferenceOutput/ProjectiveTransformTests/Transform_WithSampler_Rgba32_TestPattern150x150_Triangle.png	fbc694ac18a702c127c588bb9184bcc39a01c1b8be5ceecadeaab4477260afec	9984
tests/Images/External/ReferenceOutput/ProjectiveTransformTests/Transform_WithSampler_Rgba32_TestPattern150x150_Welch.png	8e85f331d7c4304fcd8ea8788da04982d9a5e43951be642bd7dbacd8907c3151	15784
tests/Images/External/ReferenceOutput/ProjectiveTransformTests/Transform_WithTaperMatrix_Rgba32_Solid30x30_(255,0,0,255)_Bottom-Both.png	92153056f19a20cc1d6ff65dd36ffd215eb50509cc3544e338e76c8d5665fb27	278
tests/Images/External/ReferenceOutput/ProjectiveTransformTests/Transform_WithTaperMatrix_Rgba32_Solid30x30_(255,0,0,255)_Bottom-LeftOrTop.png	0db75a869ae36fbca7f57daa4495f2c16050b226474d203aba98cb8e0766d3fb	249
tests/Images/External/ReferenceOutput/ProjectiveTransformTests/Transform_WithTaperMatrix_Rgba32_Solid30x30_(255,0,0,255)_Bottom-RightOrBottom.png	09a80b11d888da121313d5f00ab0ec79ccf7bc49800135aa5eb411bd15fc6b86	204
tests/Images/External/ReferenceOutput/ProjectiveTransformTests/Transform_WithTaperMatrix_Rgba32_Solid30x30_(255,0,0,255)_Left-Both.png	1ff446c4bb62d4492fc561a9dd48c4c0d95d8f4bcd9bbadf1675b2621baf9fa1	212
tests/Images/External/ReferenceOutput/ProjectiveTransformTests/Transform_WithTaperMatrix_Rgba32_Solid30x30_(255,0,0,255)_Left-LeftOrTop.png	2d76e8055ddbdaaa8f21117ab5e06d3e7d0f5da9d21dd2a992d82e284f028606	235
tests/Images/External/ReferenceOutput/ProjectiveTransformTests/Transform_WithTaperMatrix_Rgba32_Solid30x30_(255,0,0,255)_Left-RightOrBottom.png	c7e594fd12ea7863d297d66852d3f80d5d3645636cdd39611c7b6fae068a6dc9	230
tests/Images/External/ReferenceOutput/ProjectiveTransformTests/Transform_WithTaperMatrix_Rgba32_Solid30x30_(255,0,0,255)_Right-Both.png	50f7f407d040b1071f7f6fbad96d6cfb2907d87060c671e74f6122ac5d381c30	208
tests/Images/External/ReferenceOutput/ProjectiveTransformTests/Transform_WithTaperMatrix_Rgba32_Solid30x30_(255,0,0,255)_Right-LeftOrTop.png	f305e35f0f4fac1c099b5d9f0b2775c1bb17f382aba13a068dedff45eda4632d	215
tests/Images/External/ReferenceOutput/ProjectiveTransformTests/Transform_WithTaperMatrix_Rgba32_Solid30x30_(255,0,0,255)_Right-RightOrBottom.png	c41784431d5a50746f66b3c34e966cb21fa8a088de797825633349cb077b4f97	212
tests/Images/External/ReferenceOutput/ProjectiveTransformTests/Transform_WithTaperMatrix_Rgba32_Solid30x30_(255,0,0,255)_Top-Both.png	7a6b2c8e072993c00a96692f10c7ebe6fcc6f4cfdcb9dff2d0aa6c65db54e1c4	267
tests/Images/External/ReferenceOutput/ProjectiveTransformTests/Transform_WithTaperMatrix_Rgba32_Solid30x30_(255,0,0,255)_Top-LeftOrTop.png	018fe6af5dd7ed2edd163bf3da5e22f8333d3e3287629a2065ebfd15b7a2a8b3	256
tests/Images/External/ReferenceOutput/ProjectiveTransformTests/Transform_WithTaperMatrix_Rgba32_Solid30x30_(255,0,0,255)_Top-RightOrBottom.png	530501bed8301799b68ba3dc8d50c877ed3f58073ab1a8a283e8f776e761cd28	200
tests/Images/External/ReferenceOutput/ProjectiveTransformTests/Transform_With_Custom_Dimensions_Rgba32_TestPattern100x100_0.0001.png	f5aef9cd3b8bfd9859e5d2401e82f89d89407ab2834b09c43f0a3229c735e92b	724
tests/Images/External/ReferenceOutput/ProjectiveTransformTests/Transform_With_Custom_Dimensions_Rgba32_TestPattern100x100_0.png	c86a0ceb875e02b58084fd95e5c439791af313e1fb273baf00b35187a2678d2f	657
tests/Images/External/ReferenceOutput/ProjectiveTransformTests/Transform_With_Custom_Dimensions_Rgba32_TestPattern100x100_57.png	73a18d217d0db5e6ed55cbf52801b7f083e083ca2f0a6ac20d320fd29961e6e0	4399
tests/Images/External/ReferenceOutput/QoiDecoderTests/Decode_Rgba32_dice.png	8e4a5cf4e80ed1e1106eceb3e873aecf7b8e0022dfe39aa4c0c64ffc41091f09	243458
tests/Images/External/ReferenceOutput/QoiDecoderTests/Decode_Rgba32_edgecase.png	12c966382b318c58578e3823ac066c597ce1e16ce7c2315b0f9d66451803a082	1245
tests/Images/External/ReferenceOutput/QoiDecoderTests/Decode_Rgba32_kodim10.png	ca18bd41b7d6db902e86c7a1be32ceb0989aaec0bf9fa94ca599887970b83e63	598510
tests/Images/External/ReferenceOutput/QoiDecoderTests/Decode_Rgba32_kodim23.png	f6c7a229a652bfcaba998e713e169072475bea9bba35374be9219eb19c6ab42b	562295
tests/Images/External/ReferenceOutput/QoiDecoderTests/Decode_Rgba32_qoi_logo.png	593549012cf9573c457c4de9161c347f1ae81d80c057ea70b89fbb197bdd028f	16953
tests/Images/External/ReferenceOutput/QoiDecoderTests/Decode_Rgba32_testcard.png	4ad1df5a4549a4860e00fbb53328208d4458e1961ae2fac290278c612432d1e7	12299
tests/Images/External/ReferenceOutput/QoiDecoderTests/Decode_Rgba32_testcard_rgba.png	ed62e82f1fed2bf16569298a61f792706a1b61e99026acefcbf8aeb0da6f6e08	16075
tests/Images/External/ReferenceOutput/QoiDecoderTests/Decode_Rgba32_wikipedia_008.png	ed7705c6ccb440f6bff77b0b9ac8275576d3f1c1fa4ecaa83ff80a72359e6f2f	1376202
tests/Images/External/ReferenceOutput/QuantizerTests/ApplyQuantizationInBox_Bike_HexadecatreeQuantizer_ErrorDither.png	27f6e8e195c4431dc7354a379152d3a8664582bc2bb1c8960ebf4088aa6505e2	248709
tests/Images/External/ReferenceOutput/QuantizerTests/ApplyQuantizationInBox_Bike_HexadecatreeQuantizer_NoDither.png	46b5751dc43e9ad5541913cf851ef1b061aa474a95283c712511531202d7015e	239326
tests/Images/External/ReferenceOutput/QuantizerTests/ApplyQuantizationInBox_Bike_HexadecatreeQuantizer_OrderedDither.png	4ee35a7c21e90a2de1bf953e1c0be96d4f63492d0c8b2809fe9f39a9d0e64191	266755
tests/Images/External/ReferenceOutput/QuantizerTests/ApplyQuantizationInBox_Bike_WebSafePaletteQuantizer_ErrorDither.png	af40e835e2f3cf0f406e15248169d058dc1ae69219f2bc5c3413ecea4eb4985f	215873
tests/Images/External/ReferenceOutput/QuantizerTests/ApplyQuantizationInBox_Bike_WebSafePaletteQuantizer_NoDither.png	af40e835e2f3cf0f406e15248169d058dc1ae69219f2bc5c3413ecea4eb4985f	215873
tests/Images/External/ReferenceOutput/QuantizerTests/ApplyQuantizationInBox_Bike_WebSafePaletteQuantizer_OrderedDither.png	5eb87f02c7924b764bbd2c951047b7204c56a0a1a0d6853a0fb3d30a56ed0184	226633
tests/Images/External/ReferenceOutput/QuantizerTests/ApplyQuantizationInBox_Bike_WernerPaletteQuantizer_ErrorDither.png	84b55eefd699cd74a1a7de958762b095f196275d2bbde2750936aed9a47f68f3	220099
tests/Images/External/ReferenceOutput/QuantizerTests/ApplyQuantizationInBox_Bike_WernerPaletteQuantizer_NoDither.png	84b55eefd699cd74a1a7de958762b095f196275d2bbde2750936aed9a47f68f3	220099
tests/Images/External/ReferenceOutput/QuantizerTests/ApplyQuantizationInBox_Bike_WernerPaletteQuantizer_OrderedDither.png	c4548abed72e4f833b33eed14392206d7232112fc651becb2351fdee27da5bc1	230687
tests/Images/External/ReferenceOutput/QuantizerTests/ApplyQuantizationInBox_Bike_WuQuantizer_ErrorDither.png	832173c8ca6bd7a8bf417d83b459ccddb541daed1c31539bf596cacea455441d	263018
tests/Images/External/ReferenceOutput/QuantizerTests/ApplyQuantizationInBox_Bike_WuQuantizer_NoDither.png	15a6dc485f0c3fd4c9fbbdb6b50437d58d68210790e37f8aab32e66a864e2746	261872
tests/Images/External/ReferenceOutput/QuantizerTests/ApplyQuantizationInBox_Bike_WuQuantizer_OrderedDither.png	457a0b4e27a09440ff4e13792b68fb5a9da82b7ce6129ea15a5ea8dcd99bd522	274300
tests/Images/External/ReferenceOutput/QuantizerTests/ApplyQuantizationInBox_CalliphoraPartial_HexadecatreeQuantizer_ErrorDither.png	f6eeed563b407940e2a05f068c42b52738e6e1217a1500c9230f7068ca4e9f1e	304162
tests/Images/External/ReferenceOutput/QuantizerTests/ApplyQuantizationInBox_CalliphoraPartial_HexadecatreeQuantizer_NoDither.png	3dc7dc55af4ef0741a66c569876ad8a2df27164a653baa5bae536e6d121b2c11	300528
tests/Images/External/ReferenceOutput/QuantizerTests/ApplyQuantizationInBox_CalliphoraPartial_HexadecatreeQuantizer_OrderedDither.png	0b65e7903fbfa1ed0682221fdd86c6f0448b3f6a886cae5379720cce881a1f1e	305962
tests/Images/External/ReferenceOutput/QuantizerTests/ApplyQuantizationInBox_CalliphoraPartial_WebSafePaletteQuantizer_ErrorDither.png	97c277005703b029a9e791e4c9dc3adcbe06054885fdd31e361e8a0a0222a291	268504
tests/Images/External/ReferenceOutput/QuantizerTests/ApplyQuantizationInBox_CalliphoraPartial_WebSafePaletteQuantizer_NoDither.png	97c277005703b029a9e791e4c9dc3adcbe06054885fdd31e361e8a0a0222a291	268504
tests/Images/External/ReferenceOutput/QuantizerTests/ApplyQuantizationInBox_CalliphoraPartial_WebSafePaletteQuantizer_OrderedDither.png	b5fa657236e12cbb2a8d2cd747029723a6b3829b475f28626d7647d7b2150918	271579
tests/Images/External/ReferenceOutput/QuantizerTests/ApplyQuantizationInBox_CalliphoraPartial_WernerPaletteQuantizer_ErrorDither.png	532fa8044bb424b451343f89bf7cb954311641056bdbd5685cd7c4fa4ad8f3c8	284056
tests/Images/External/ReferenceOutput/QuantizerTests/ApplyQuantizationInBox_CalliphoraPartial_WernerPaletteQuantizer_NoDither.png	532fa8044bb424b451343f89bf7cb954311641056bdbd5685cd7c4fa4ad8f3c8	284056
tests/Images/External/ReferenceOutput/QuantizerTests/ApplyQuantizationInBox_CalliphoraPartial_WernerPaletteQuantizer_OrderedDither.png	61ed5f4d77428be46357609d80a66e884dedbb8c255fdcc71d49eeba0eed2bf2	285037
tests/Images/External/ReferenceOutput/QuantizerTests/ApplyQuantizationInBox_CalliphoraPartial_WuQuantizer_ErrorDither.png	1cc2ef3cb819b5a82e0af32c3ab44aff0206530e291b00bdade58da2ebe4494a	308246
tests/Images/External/ReferenceOutput/QuantizerTests/ApplyQuantizationInBox_CalliphoraPartial_WuQuantizer_NoDither.png	575c8d81152642fa0eec0ea9901d1941fea58b7686cfaac1d01e0bf59f393c4b	308330
tests/Images/External/ReferenceOutput/QuantizerTests/ApplyQuantizationInBox_CalliphoraPartial_WuQuantizer_OrderedDither.png	ba295a5ddb79bc61f0be9a28a636fdcc63055c26c46872d407fe20ff785f11ed	310415
tests/Images/External/ReferenceOutput/QuantizerTests/ApplyQuantizationWithDitheringScale_david_HexadecatreeQuantizer_ErrorDither_0.25.png	3e8a5da54da08f7450ffb5b49c412e654215e2c2e72c32919abc78b77dc828f5	13160
tests/Images/External/ReferenceOutput/QuantizerTests/ApplyQuantizationWithDitheringScale_david_HexadecatreeQuantizer_ErrorDither_0.5.png	d9a87ef109c08411ca61d91ddcf010c272303a17abd90b6ba2204eac021055e5	13665
tests/Images/External/ReferenceOutput/QuantizerTests/ApplyQuantizationWithDitheringScale_david_HexadecatreeQuantizer_ErrorDither_0.75.png	81496d88b42edf4b39ab723d0b5414b56140892f45d30fc2435904b630fa9af5	13886
tests/Images/External/ReferenceOutput/QuantizerTests/ApplyQuantizationWithDitheringScale_david_HexadecatreeQuantizer_ErrorDither_0.png	3e8a5da54da08f7450ffb5b49c412e654215e2c2e72c32919abc78b77dc828f5	13160
tests/Images/External/ReferenceOutput/QuantizerTests/ApplyQuantizationWithDitheringScale_david_HexadecatreeQuantizer_ErrorDither_1.png	997e5281abd8cf3a587984ec1b7e31487ec5ddf16326d025124833d536e4ac27	13910
tests/Images/External/ReferenceOutput/QuantizerTests/ApplyQuantizationWithDitheringScale_david_HexadecatreeQuantizer_OrderedDither_0.25.png	dd8b648b89f9420a0004a5f95dd54dc3769d1f78816b6708c5c6e1c14e8533a1	17802
tests/Images/External/ReferenceOutput/QuantizerTests/ApplyQuantizationWithDitheringScale_david_HexadecatreeQuantizer_OrderedDither_0.5.png	7e559263bd8c293797d59166e723fdaf8b1b6ff9ae20fabac0efc86d8306123e	19266
tests/Images/External/ReferenceOutput/QuantizerTests/ApplyQuantizationWithDitheringScale_david_HexadecatreeQuantizer_OrderedDither_0.75.png	5ae4ba533dd19271937d7e02e8ed3d243f164820b7d3bb20a4390e2deaa1d0d6	19639
tests/Images/External/ReferenceOutput/QuantizerTests/ApplyQuantizationWithDitheringScale_david_HexadecatreeQuantizer_OrderedDither_0.png	3e8a5da54da08f7450ffb5b49c412e654215e2c2e72c32919abc78b77dc828f5	13160
tests/Images/External/ReferenceOutput/QuantizerTests/ApplyQuantizationWithDitheringScale_david_HexadecatreeQuantizer_OrderedDither_1.png	ac17dd1abc6405cb84e9d8a6404da2c2bdb220b3390d09613d3644baad6e8e99	20128
tests/Images/External/ReferenceOutput/QuantizerTests/ApplyQuantizationWithDitheringScale_david_WebSafePaletteQuantizer_ErrorDither_0.25.png	ea836214840a5da2b89dad3cd9e916413d3f9e21f9b855dc8161faa3544edcfc	9266
tests/Images/External/ReferenceOutput/QuantizerTests/ApplyQuantizationWithDitheringScale_david_WebSafePaletteQuantizer_ErrorDither_0.5.png	346c9e4239d917614525a99f7ae58ed0c0a22dc09d639f3a54dad1975e75ec44	8833
tests/Images/External/ReferenceOutput/QuantizerTests/ApplyQuantizationWithDitheringScale_david_WebSafePaletteQuantizer_ErrorDither_0.75.png	717fe46156f3d144f31cfce066dd13532ee8721d7d3a7b8c8425c646f411e8a5	11099
tests/Images/External/ReferenceOutput/QuantizerTests/ApplyQuantizationWithDitheringScale_david_WebSafePaletteQuantizer_ErrorDither_0.png	9e01c7276f1c4e905b1d8f4c84259f1047c0949f7a6a81f43a790bd1bd3201e3	7932
tests/Images/External/ReferenceOutput/QuantizerTests/ApplyQuantizationWithDitheringScale_david_WebSafePaletteQuantizer_ErrorDither_1.png	ae18d22edc011d576d6a1e9545bc52084ca0bed55a6ce19d391d2a5f97b1843c	11763
tests/Images/External/ReferenceOutput/QuantizerTests/ApplyQuantizationWithDitheringScale_david_WebSafePaletteQuantizer_OrderedDither_0.25.png	74b3f36e3fbac940d1f3bf90089b6b40234aa2ce3570b094534a4448c1d98aec	8875
tests/Images/External/ReferenceOutput/QuantizerTests/ApplyQuantizationWithDitheringScale_david_WebSafePaletteQuantizer_OrderedDither_0.5.png	80e60c42fa11e973e1c865ed93448d3af0503e32d7b119bfe7162738efe691db	9086
tests/Images/External/ReferenceOutput/QuantizerTests/ApplyQuantizationWithDitheringScale_david_WebSafePaletteQuantizer_OrderedDither_0.75.png	fd5a9c76ee332603877624e219d84f85fe159389e7f9e72d1fb6177289dd1fb7	9777
tests/Images/External/ReferenceOutput/QuantizerTests/ApplyQuantizationWithDitheringScale_david_WebSafePaletteQuantizer_OrderedDither_0.png	9e01c7276f1c4e905b1d8f4c84259f1047c0949f7a6a81f43a790bd1bd3201e3	7932
tests/Images/External/ReferenceOutput/QuantizerTests/ApplyQuantizationWithDitheringScale_david_WebSafePaletteQuantizer_OrderedDither_1.png	240743d5f742b872c0f66f4033ad065402372605a76cda23f4c506d254a9d127	9791
tests/Images/External/ReferenceOutput/QuantizerTests/ApplyQuantizationWithDitheringScale_david_WernerPaletteQuantizer_ErrorDither_0.25.png	074842dcbdf60690f41da31e12c290045d05ab6dc587f3f5ba29c9496871391c	11209
tests/Images/External/ReferenceOutput/QuantizerTests/ApplyQuantizationWithDitheringScale_david_WernerPaletteQuantizer_ErrorDither_0.5.png	29e1ff6d454efca61852a88946e25dcf29708230bfc47c2625c4d1b2407070c6	12072
tests/Images/External/ReferenceOutput/QuantizerTests/ApplyQuantizationWithDitheringScale_david_WernerPaletteQuantizer_ErrorDither_0.75.png	f7838c37c32134f325960312095ed8e1decbb0dd7e14a84e82637258c7ea117e	12826
tests/Images/External/ReferenceOutput/QuantizerTests/ApplyQuantizationWithDitheringScale_david_WernerPaletteQuantizer_ErrorDither_0.png	0166ad5236ecdcc943d839fad092fe3899dcd4e418703846c492edb7700e4726	10682
tests/Images/External/ReferenceOutput/QuantizerTests/ApplyQuantizationWithDitheringScale_david_WernerPaletteQuantizer_ErrorDither_1.png	aaeee39c61b86d9ce569ca2288f998b8461a3f2169dac23cf2f750dd475d8b81	14145
tests/Images/External/ReferenceOutput/QuantizerTests/ApplyQuantizationWithDitheringScale_david_WernerPaletteQuantizer_OrderedDither_0.25.png	5908ff88ddaa6eb3faea6174d87b0182e4407b11812ad70ddcd39c6619b6a5c5	12615
tests/Images/External/ReferenceOutput/QuantizerTests/ApplyQuantizationWithDitheringScale_david_WernerPaletteQuantizer_OrderedDither_0.5.png	b6852daae665638e38c0b7ff58b2a0de1d5df9dd771c5cbccbbb83ff78e6a1d7	12741
tests/Images/External/ReferenceOutput/QuantizerTests/ApplyQuantizationWithDitheringScale_david_WernerPaletteQuantizer_OrderedDither_0.75.png	6d86473ff1024fc53373b1dba49fc14283b8a323d6b85ba3e16f41ebff8288d0	12845
tests/Images/External/ReferenceOutput/QuantizerTests/ApplyQuantizationWithDitheringScale_david_WernerPaletteQuantizer_OrderedDither_0.png	0166ad5236ecdcc943d839fad092fe3899dcd4e418703846c492edb7700e4726	10682
tests/Images/External/ReferenceOutput/QuantizerTests/ApplyQuantizationWithDitheringScale_david_WernerPaletteQuantizer_OrderedDither_1.png	dd31b6fc59e1f9f88230d57b39362b76cedd0bd94e15904f69071ba3f465e48d	13656
tests/Images/External/ReferenceOutput/QuantizerTests/ApplyQuantizationWithDitheringScale_david_WuQuantizer_ErrorDither_0.25.png	0e88f74acac9cfa1a47a4402aa032975ec4bf698d51e6eb1ae103480e2e10489	13160
tests/Images/External/ReferenceOutput/QuantizerTests/ApplyQuantizationWithDitheringScale_david_WuQuantizer_ErrorDither_0.5.png	dd738ee2a397bb1ee305f03c70e185dea6f67827dc15b9df1966cfe8c0f28040	13177
tests/Images/External/ReferenceOutput/QuantizerTests/ApplyQuantizationWithDitheringScale_david_WuQuantizer_ErrorDither_0.75.png	2a2df64f89df17428415932c2ef0028d8ad408b5276264d99e6038b70473ebde	13417
tests/Images/External/ReferenceOutput/QuantizerTests/ApplyQuantizationWithDitheringScale_david_WuQuantizer_ErrorDither_0.png	0e88f74acac9cfa1a47a4402aa032975ec4bf698d51e6eb1ae103480e2e10489	13160
tests/Images/External/ReferenceOutput/QuantizerTests/ApplyQuantizationWithDitheringScale_david_WuQuantizer_ErrorDither_1.png	234854be2a3f774a58baf79f20e68c7331b6caff486ab4b1e509a96e2a3d70b9	13455
tests/Images/External/ReferenceOutput/QuantizerTests/ApplyQuantizationWithDitheringScale_david_WuQuantizer_OrderedDither_0.25.png	ef65ce360293ca5659730747087c15735c15df1143204acb60120a5b68cd7cd4	15905
tests/Images/External/ReferenceOutput/QuantizerTests/ApplyQuantizationWithDitheringScale_david_WuQuantizer_OrderedDither_0.5.png	47b2265af41ba042904cab387bf1de4715bd4d8a318bc6c1f69bfdbff5eabe2c	16928
tests/Images/External/ReferenceOutput/QuantizerTests/ApplyQuantizationWithDitheringScale_david_WuQuantizer_OrderedDither_0.75.png	6618f169cf4b585979f8e9261af88fe4a61c3c40b453a159cb643cc062a6a9dc	17517
tests/Images/External/ReferenceOutput/QuantizerTests/ApplyQuantizationWithDitheringScale_david_WuQuantizer_OrderedDither_0.png	0e88f74acac9cfa1a47a4402aa032975ec4bf698d51e6eb1ae103480e2e10489	13160
tests/Images/External/ReferenceOutput/QuantizerTests/ApplyQuantizationWithDitheringScale_david_WuQuantizer_OrderedDither_1.png	4acf21f23978c83c9872bb2575ab45e4f0bbc86c8610c99479b1469fc12df5f2	18112
tests/Images/External/ReferenceOutput/QuantizerTests/ApplyQuantization_Bike_HexadecatreeQuantizer_ErrorDither.png	822f4ae1d8676e2231a0c938296931be42a74c0a51b4ec63fdf6dcd17d64dc7e	83924
tests/Images/External/ReferenceOutput/QuantizerTests/ApplyQuantization_Bike_HexadecatreeQuantizer_NoDither.png	af9e6c3b9e9e90186fb66be188bad9f3f0738d558aab915b3c8dd78652010674	55419
tests/Images/External/ReferenceOutput/QuantizerTests/ApplyQuantization_Bike_HexadecatreeQuantizer_OrderedDither.png	aba024f962e5dc96e118b68c19903045f43a327c6cf45643da195382ef79a778	84368
tests/Images/External/ReferenceOutput/QuantizerTests/ApplyQuantization_Bike_WebSafePaletteQuantizer_ErrorDither.png	b63810145832db459bb7a6b37a028a7b778f6b6b4e6eae00e50e6e21c5a06086	62199
tests/Images/External/ReferenceOutput/QuantizerTests/ApplyQuantization_Bike_WebSafePaletteQuantizer_NoDither.png	f90db3ce2153cc9ba4d1d79e5749dc4d49e916dff8a0e121ebce9b00702cfcc8	33880
tests/Images/External/ReferenceOutput/QuantizerTests/ApplyQuantization_Bike_WebSafePaletteQuantizer_OrderedDither.png	8af98bfcc5edef3f3ff33ee8f76f33ce2906a6677167e2b29e1dbe63b00a78d8	44202
tests/Images/External/ReferenceOutput/QuantizerTests/ApplyQuantization_Bike_WernerPaletteQuantizer_ErrorDither.png	828b082a1892f0200ef84254637b340b1276e1bee44e01c6b715de8838e4818f	35301
tests/Images/External/ReferenceOutput/QuantizerTests/ApplyQuantization_Bike_WernerPaletteQuantizer_NoDither.png	f70d1aa2f985dfb7227ea5fd7b4b98effc1a31c89fd05bbee9cfa8f003b9cb4e	34261
tests/Images/External/ReferenceOutput/QuantizerTests/ApplyQuantization_Bike_WernerPaletteQuantizer_OrderedDither.png	4ded8db323023a7c7620bba3b2259a549571442fe0a37883c7755ac69ae9d6d5	44646
tests/Images/External/ReferenceOutput/QuantizerTests/ApplyQuantization_Bike_WuQuantizer_ErrorDither.png	83c8403f5d0e5457721d992c1e6980134e8a65a1f646163a4f091cf34583ca02	101417
tests/Images/External/ReferenceOutput/QuantizerTests/ApplyQuantization_Bike_WuQuantizer_NoDither.png	e5412b892143bb433804c662750a64a1660b2072520db53d76ec6897c636ec50	81742
tests/Images/External/ReferenceOutput/QuantizerTests/ApplyQuantization_Bike_WuQuantizer_OrderedDither.png	a88a48586502de786aca0b36341cf6033fb3ec3ce7924ce1e2819fd14791ffe4	102235
tests/Images/External/ReferenceOutput/QuantizerTests/ApplyQuantization_CalliphoraPartial_HexadecatreeQuantizer_ErrorDither.png	22920fb2379dee7d12fee52f6a39b8e46e1e99f77b91f879c51bb33a981dfdcb	98851
tests/Images/External/ReferenceOutput/QuantizerTests/ApplyQuantization_CalliphoraPartial_HexadecatreeQuantizer_NoDither.png	7c7137e1b87d317d7e139cde8499deafa89f27bddba146cc5736f9c0566778c5	81609
tests/Images/External/ReferenceOutput/QuantizerTests/ApplyQuantization_CalliphoraPartial_HexadecatreeQuantizer_OrderedDither.png	3fa41128fd3f7a6b4b74b758186494ce7ed780561b9825277fae0c345116b1d7	95067
tests/Images/External/ReferenceOutput/QuantizerTests/ApplyQuantization_CalliphoraPartial_WebSafePaletteQuantizer_ErrorDither.png	7fb3743098a8147fd24294d933d93a61ec0155d754f52544650f6589719905be	60688
tests/Images/External/ReferenceOutput/QuantizerTests/ApplyQuantization_CalliphoraPartial_WebSafePaletteQuantizer_NoDither.png	6fc2f82bdbf4b204ad78f3bb54bfdea7452a2d1430814f45262fd309225f2fc0	46727
tests/Images/External/ReferenceOutput/QuantizerTests/ApplyQuantization_CalliphoraPartial_WebSafePaletteQuantizer_OrderedDither.png	ef033a419e2e1b06b57a66175bad9068f71ae4c862a66c5734f65cdaae8a27f0	51461
tests/Images/External/ReferenceOutput/QuantizerTests/ApplyQuantization_CalliphoraPartial_WernerPaletteQuantizer_ErrorDither.png	e2f4f4e2237925403fd0228344f9fce9be96c0f26e3465775763aca775779763	68222
tests/Images/External/ReferenceOutput/QuantizerTests/ApplyQuantization_CalliphoraPartial_WernerPaletteQuantizer_NoDither.png	ac1424c6c4c18feb42106e14da6b161ce3f48276d0aa6603ca60ad5caa0a5338	63764
tests/Images/External/ReferenceOutput/QuantizerTests/ApplyQuantization_CalliphoraPartial_WernerPaletteQuantizer_OrderedDither.png	aee197677c3276d4abb8fc027358b38be26462374e364841781626f0aa67e1a4	69769
tests/Images/External/ReferenceOutput/QuantizerTests/ApplyQuantization_CalliphoraPartial_WuQuantizer_ErrorDither.png	0b3c8dc7e653ef1846c7359e9a0f719bee91549846f160abb547cd0aab6a8a59	110711
tests/Images/External/ReferenceOutput/QuantizerTests/ApplyQuantization_CalliphoraPartial_WuQuantizer_NoDither.png	4b95721a963def9e82dd32e277ed4594213920d7808ad26696d01e4f8fda842e	103855
tests/Images/External/ReferenceOutput/QuantizerTests/ApplyQuantization_CalliphoraPartial_WuQuantizer_OrderedDither.png	cb174c104cdcf35433c98522a1d9d52ccf42e8927e0b59fec3556aeee8b15a47	110505
tests/Images/External/ReferenceOutput/ResizeTests/CanResizeLargeImageWithCropMode_issue1006-incorrect-resize.png	473805d7a372281d24f53c43780cbf54c75850d59b4d13dc210cbafefe5e2d44	172367
tests/Images/External/ReferenceOutput/ResizeTests/Issue1625_LimitedAllocator.png	bedaced9c302ff735319f189d867b6a722ed4eade63152b67cf07881f8b3964d	289
tests/Images/External/ReferenceOutput/ResizeTests/LargeImage_TestPattern4000x4000.png	b284baaa311a18733077be29c29a840819f0dad22e1a593642908895f7826a8c	23484
tests/Images/External/ReferenceOutput/ResizeTests/ResizeFromSourceRectangle_CalliphoraPartial.png	a2474d0a97e367730b71f95f87cffcda37d8edd20a67eba02231cfeaa668f2bf	77710
tests/Images/External/ReferenceOutput/ResizeTests/ResizeHeightAndKeepAspect_CalliphoraPartial.png	019f29b73ab5b6c4dfd94613ed0d0e484abcf580e6cf46a9e35ffccdfb60f64d	34199
tests/Images/External/ReferenceOutput/ResizeTests/ResizeWidthAndKeepAspect_CalliphoraPartial.png	019f29b73ab5b6c4dfd94613ed0d0e484abcf580e6cf46a9e35ffccdfb60f64d	34199
tests/Images/External/ReferenceOutput/ResizeTests/ResizeWithBoxPadMode_CalliphoraPartial.png	77086032bab11b91c68bc1686179063edbadc9d453574e4f087b2bbd677b4c8e	402367
tests/Images/External/ReferenceOutput/ResizeTests/ResizeWithCropHeightMode_CalliphoraPartial.png	ca81c5ff92e41df0e8fc4807982fdf650d3bbff4027735ed30fc2d17e14b77ce	155071
tests/Images/External/ReferenceOutput/ResizeTests/ResizeWithCropWidthMode_CalliphoraPartial.png	33213eabb71a67a5bc7e3cdfcf764328b2fee63b613e0648f62910935114eec0	165724
tests/Images/External/ReferenceOutput/ResizeTests/ResizeWithMaxMode_CalliphoraPartial.png	09c8343e6acd1bd294040edfeb443604b7f0a5d903319ca759beb91d3557381a	197994
tests/Images/External/ReferenceOutput/ResizeTests/ResizeWithMinMode_CalliphoraPartial.png	ae2c985405fbb856dbef0637048acc7f4d6a05df3def3307730e96a9de1a1ef4	281262
tests/Images/External/ReferenceOutput/ResizeTests/ResizeWithPadMode_CalliphoraPartial.png	5c0653aa2b726574fbea4cc308c269ff5e534d38bb48c0e77470c11042a395fd	400267
tests/Images/External/ReferenceOutput/ResizeTests/ResizeWithStretchMode_CalliphoraPartial.png	79ae82683d812ba7180cc8ca50d3fab7808b4867f738bceaf41298a6e6b71a31	156509
tests/Images/External/ReferenceOutput/ResizeTests/Resize_Compand_Rgba32_TestPattern100x100.png	143c528d178f31ed11c45ae60778266b22768ea2ca7cc3dbd274463d56d1a243	4227
tests/Images/External/ReferenceOutput/ResizeTests/Resize_DoesNotBleedAlphaPixels.png	3c9e66228746bb298c7b3c2088457adb3aa83dcd01934c7ff51fe64368c66cdd	88510
tests/Images/External/ReferenceOutput/ResizeTests/Resize_DoesNotBleedAlphaPixels_Compand.png	96efbf6a0861dc899f1dae9995aaf68cff27083f192ef988233e8125afb23af3	88432
tests/Images/External/ReferenceOutput/ResizeTests/Resize_IsAppliedToAllFrames_Rgba32_giphy.gif	a77b7fa90ae9f92c5d31a0de7abfd3ec7e15c9465d1c7f78454adac6c6c283e3	23765
tests/Images/External/ReferenceOutput/ResizeTests/Resize_IsNotBoundToSinglePixelType_Bgr24_TestPattern50x50.png	4a9940410cca3fe98a6d7aaf0e2184779f908c569a5a34f9965fb3a4f9e6fa8f	1066
tests/Images/External/ReferenceOutput/ResizeTests/Resize_IsNotBoundToSinglePixelType_Bgra32_TestPattern50x50.png	953fc2e66b8666c62773a0224f6bbe7ff5eee8da68182c3d714a1bc6012ab692	1532
tests/Images/External/ReferenceOutput/ResizeTests/Resize_IsNotBoundToSinglePixelType_Rgba32_TestPattern50x50.png	953fc2e66b8666c62773a0224f6bbe7ff5eee8da68182c3d714a1bc6012ab692	1532
tests/Images/External/ReferenceOutput/ResizeTests/Resize_IsNotBoundToSinglePixelType_RgbaVector_TestPattern50x50.png	bbc66de56ab05c3d98139ea4e8b2cd7f534852710f0620da2e8b7b9c25ca82b1	1533
tests/Images/External/ReferenceOutput/ResizeTests/Resize_PremultiplyAlpha_Off.png	72400ad12a726c71127fb53de713e0cbfbb0a74171667c67c89201383ae0da75	83140
tests/Images/External/ReferenceOutput/ResizeTests/Resize_PremultiplyAlpha_On.png	2a568089d1163c02e2435335f41a85565f0e6f1212c4753fe19a27e724fc7387	88512
tests/Images/External/ReferenceOutput/ResizeTests/Resize_WorksWithAllParallelismLevels_MDP-1.png	147370fecca5ef6e90653c4ee4ee94f3a535a1a0c9c79fbf9948e9cb19c3341f	78863
tests/Images/External/ReferenceOutput/ResizeTests/Resize_WorksWithAllParallelismLevels_MDP1.png	147370fecca5ef6e90653c4ee4ee94f3a535a1a0c9c79fbf9948e9cb19c3341f	78863
tests/Images/External/ReferenceOutput/ResizeTests/Resize_WorksWithAllParallelismLevels_MDP4.png	147370fecca5ef6e90653c4ee4ee94f3a535a1a0c9c79fbf9948e9cb19c3341f	78863
tests/Images/External/ReferenceOutput/ResizeTests/Resize_WorksWithAllParallelismLevels_MDP8.png	147370fecca5ef6e90653c4ee4ee94f3a535a1a0c9c79fbf9948e9cb19c3341f	78863
tests/Images/External/ReferenceOutput/ResizeTests/Resize_WorksWithAllResamplers_CalliphoraPartial_Bicubic-0.3.png	b35b3ac63840d16137b91407968fe16ef09ebf7253cf5f050ea6e1ce3ac598fb	27117
tests/Images/External/ReferenceOutput/ResizeTests/Resize_WorksWithAllResamplers_CalliphoraPartial_Bicubic-0.5.png	58b08a7fbd708eed222d6941608d5d9f4a4438cc76d6c84119dd6eaa1eef2995	78863
tests/Images/External/ReferenceOutput/ResizeTests/Resize_WorksWithAllResamplers_CalliphoraPartial_Bicubic-1.8.png	fd216f1fdcec4bd1d02ffcddd07d01638f27528bb430289a4dcc8f27defb9819	844830
tests/Images/External/ReferenceOutput/ResizeTests/Resize_WorksWithAllResamplers_CalliphoraPartial_Box-0.3.png	faac9be73e472d45138258cd3624c10e0e75cc45a7e7c5c7ab05af2d2b816ba1	28619
tests/Images/External/ReferenceOutput/ResizeTests/Resize_WorksWithAllResamplers_CalliphoraPartial_Box-0.5.png	307cee04c98332cd4783caec027e841c4130382996a0fd3d5e50e5cf278c2b30	81225
tests/Images/External/ReferenceOutput/ResizeTests/Resize_WorksWithAllResamplers_CalliphoraPartial_Box-1.8.png	d73445fe4a8e521c67b7ffaab348b352b40295e0b30c598e3e5d5b6476316000	390833
tests/Images/External/ReferenceOutput/ResizeTests/Resize_WorksWithAllResamplers_CalliphoraPartial_CatmullRom-0.5.png	c08c396c20539fb1dcdf99bf307744fec33531a218a39e3e447d62d1ba479c73	78864
tests/Images/External/ReferenceOutput/ResizeTests/Resize_WorksWithAllResamplers_CalliphoraPartial_Hermite-0.5.png	0bdd04a25e4985b696358221afb5c02e37b19b44bdc2f8eda3034068da3ff9a7	76480
tests/Images/External/ReferenceOutput/ResizeTests/Resize_WorksWithAllResamplers_CalliphoraPartial_Lanczos2-0.5.png	6fd77a694e5788c615bb4d1b5b5824c90e28700dd1ae766ab26e8125d2700a28	78983
tests/Images/External/ReferenceOutput/ResizeTests/Resize_WorksWithAllResamplers_CalliphoraPartial_Lanczos3-0.5.png	6725244be68f7205a5bfedf7f729fd0f78f3210df67c047b02565336c4baf43f	81025
tests/Images/External/ReferenceOutput/ResizeTests/Resize_WorksWithAllResamplers_CalliphoraPartial_Lanczos5-0.3.png	63f5148bc4be1bd1747f87dcbe562f4496228fe62ac60a561b48e7068e9a95fa	27791
tests/Images/External/ReferenceOutput/ResizeTests/Resize_WorksWithAllResamplers_CalliphoraPartial_Lanczos5-0.5.png	ccf90bfe570cffd4f4043ce62a172b5a184676469d4e91e1f345f5a923b8c8b2	82136
tests/Images/External/ReferenceOutput/ResizeTests/Resize_WorksWithAllResamplers_CalliphoraPartial_Lanczos5-1.8.png	60adf1e3ace2e95d6dd405156e97f60fb62b3578e66d5c6dc2d4d0258c665741	883267
tests/Images/External/ReferenceOutput/ResizeTests/Resize_WorksWithAllResamplers_CalliphoraPartial_Lanczos8-0.5.png	dbc43b51b761b73531dadefa9e2faa44d6fd9f0c03d104a62e06a4ced39e3103	82703
tests/Images/External/ReferenceOutput/ResizeTests/Resize_WorksWithAllResamplers_CalliphoraPartial_MitchellNetravali-0.5.png	06d66b1587b4404e14cc43914fc97e6073304bb69fd74887f80dacb778c3d3cf	75157
tests/Images/External/ReferenceOutput/ResizeTests/Resize_WorksWithAllResamplers_CalliphoraPartial_NearestNeighbor-0.3.png	5696b258fcfaf4b36ba6f32c9a74b01096133099cd3d4ab60b1d4d2fa7a3d98a	32354
tests/Images/External/ReferenceOutput/ResizeTests/Resize_WorksWithAllResamplers_CalliphoraPartial_NearestNeighbor-0.5.png	82266a7ee38196d335b7da383cace05aed360fb21d6b6aae4215fe8b7c4b4a0b	87247
tests/Images/External/ReferenceOutput/ResizeTests/Resize_WorksWithAllResamplers_CalliphoraPartial_NearestNeighbor-1.8.png	bffe3d287d4ef65428a97d71e1f678777b91b4a68e0cb1f58d7b8e39c0c567b4	390582
tests/Images/External/ReferenceOutput/ResizeTests/Resize_WorksWithAllResamplers_CalliphoraPartial_Robidoux-0.5.png	2f46c3bc410c94bc060914df04c6673053c1803c079026c6cdae62a93a1583b7	74598
tests/Images/External/ReferenceOutput/ResizeTests/Resize_WorksWithAllResamplers_CalliphoraPartial_RobidouxSharp-0.5.png	0643e188266539b688085ff3f0e324755e8c733244cdb386dfde719a82e26efd	75976
tests/Images/External/ReferenceOutput/ResizeTests/Resize_WorksWithAllResamplers_CalliphoraPartial_Spline-0.5.png	c9757a5cf94dccd2361d65ed7f7f460bffb2c02ef59bec0251030bfb61adc78b	67019
tests/Images/External/ReferenceOutput/ResizeTests/Resize_WorksWithAllResamplers_CalliphoraPartial_Triangle-0.5.png	77e0e2701d666ef0751b52bb5bf2a6b113d0e35cf8b79e00806701fa6fb636cb	73993
tests/Images/External/ReferenceOutput/ResizeTests/Resize_WorksWithAllResamplers_CalliphoraPartial_Welch-0.5.png	7d03837d2fd33f63581fd87c4bfae8daf7f1ede861de4ef66ddb1a446e8362c1	81566
tests/Images/External/ReferenceOutput/ResizeTests/Resize_WorksWithAllResamplers_TestPattern100x100_Bicubic-0.5.png	94528052f7dd14b7062751c033470d5ee3482800341445306ed00394b29f626a	3174
tests/Images/External/ReferenceOutput/ResizeTests/Resize_WorksWithAllResamplers_TestPattern100x100_Bicubic-1.png	d8ccad53509a924097e2f1e2c8536e13298b06d091b5298acba5e11b87561a78	1238
tests/Images/External/ReferenceOutput/ResizeTests/Resize_WorksWithAllResamplers_TestPattern100x100_Box-0.5.png	39c15e43385da0fe1f03b81e5280eee5f30f245693176c718b3bde12b31f8fb0	1825
tests/Images/External/ReferenceOutput/ResizeTests/Resize_WorksWithAllResamplers_TestPattern100x100_Box-1.png	d8ccad53509a924097e2f1e2c8536e13298b06d091b5298acba5e11b87561a78	1238
tests/Images/External/ReferenceOutput/ResizeTests/Resize_WorksWithAllResamplers_TestPattern100x100_Lanczos5-0.5.png	8635fcb4faf3ca47a258b4165c42b1485be03bd63db1be0a878194de7af59118	3818
tests/Images/External/ReferenceOutput/ResizeTests/Resize_WorksWithAllResamplers_TestPattern100x100_Lanczos5-1.png	d8ccad53509a924097e2f1e2c8536e13298b06d091b5298acba5e11b87561a78	1238
tests/Images/External/ReferenceOutput/ResizeTests/Resize_WorksWithAllResamplers_TestPattern100x100_NearestNeighbor-0.5.png	858c74f4eb5b69b546294371f826a197037deb70a8eb9960f9192e94d76c4ec7	664
tests/Images/External/ReferenceOutput/ResizeTests/Resize_WorksWithAllResamplers_TestPattern100x100_NearestNeighbor-1.png	d8ccad53509a924097e2f1e2c8536e13298b06d091b5298acba5e11b87561a78	1238
tests/Images/External/ReferenceOutput/ResizeTests/Resize_WorksWithAllResamplers_TestPattern201x199_Bicubic-100x99.png	e58033a90199093e078591422a1e9ef3f07de6cbe5ae524a4b1b2ffcd3de1fea	8183
tests/Images/External/ReferenceOutput/ResizeTests/Resize_WorksWithAllResamplers_TestPattern201x199_Box-100x99.png	e7e628738e9c3ba2b43720a58e2467588b184787a543c319e9a4f41e7ae6b48b	4122
tests/Images/External/ReferenceOutput/ResizeTests/Resize_WorksWithAllResamplers_TestPattern201x199_Lanczos5-100x99.png	0102922c84028e63e6dfedd302e44384a5d8acc891beb78b5ce89f857851af98	9485
tests/Images/External/ReferenceOutput/ResizeTests/Resize_WorksWithAllResamplers_TestPattern201x199_NearestNeighbor-100x99.png	706d34e65803ee40b5ffc3c1a941d8a59e5dc0bf257db220a794f2bd38c5866e	1219
tests/Images/External/ReferenceOutput/ResizeTests/Resize_WorksWithAllResamplers_TestPattern301x1180_Bicubic-300x480.png	458d1c64ffd2bb62bf63babbde30fa167eba650fc81a8a953fc8dc64eef8c885	95713
tests/Images/External/ReferenceOutput/ResizeTests/Resize_WorksWithAllResamplers_TestPattern301x1180_Box-300x480.png	cfaf090ed7b756f52ae32cfe02f48e25e2295c899d71434c199391ef61e2da6a	16558
tests/Images/External/ReferenceOutput/ResizeTests/Resize_WorksWithAllResamplers_TestPattern301x1180_Lanczos5-300x480.png	97244f62df0c7ee3c9205c49707995e0d3490fae02b49360e5dd4be49521f066	106447
tests/Images/External/ReferenceOutput/ResizeTests/Resize_WorksWithAllResamplers_TestPattern301x1180_NearestNeighbor-300x480.png	4f03343e91a938995a11beab3ef4c82a96131d567245ac31137411ad986f33da	6949
tests/Images/External/ReferenceOutput/ResizeTests/Resize_WorksWithAllResamplers_TestPattern49x80_Bicubic-301x100.png	5f52cbbcd835b447ebfd55919b612db436fc0ab9fc583c501683f6ee88460b80	22229
tests/Images/External/ReferenceOutput/ResizeTests/Resize_WorksWithAllResamplers_TestPattern49x80_Box-301x100.png	89b6ebdd44855bfead0341a1607f62be9a42f96a17f92c2c035ce74a3a8e1752	1142
tests/Images/External/ReferenceOutput/ResizeTests/Resize_WorksWithAllResamplers_TestPattern49x80_Lanczos5-301x100.png	a0e8a9eab1a24fda93f6ad0c4444bf32e235a72ff13fdf8560636dfb1d95c18b	29708
tests/Images/External/ReferenceOutput/ResizeTests/Resize_WorksWithAllResamplers_TestPattern49x80_NearestNeighbor-301x100.png	fdc2c1ec00b11f695cbbbe53dffcb9ff98ce8bb53ff0b61b3ba8d354010e02d7	1119
tests/Images/External/ReferenceOutput/ResizeTests/Resize_WorksWithAllResamplers_TestPattern50x50_Bicubic-8.png	d52b0d837d609d59f8ef559e5397d0e010f19e931cf3abf12f68bba0d03ba5f8	98716
tests/Images/External/ReferenceOutput/ResizeTests/Resize_WorksWithAllResamplers_TestPattern50x50_Box-8.png	4f1cec814cb9c1d1adf9971d3bedeef2daa30d114b32803a2a2b5366414bf2d9	2362
tests/Images/External/ReferenceOutput/ResizeTests/Resize_WorksWithAllResamplers_TestPattern50x50_Lanczos5-8.png	7c2bf273a77204766b656fe3a526c4717d3e86340a425ead52f7252d144a0157	132328
tests/Images/External/ReferenceOutput/ResizeTests/Resize_WorksWithAllResamplers_TestPattern50x50_NearestNeighbor-8.png	2214531deeecfd3db97eb9bbd9b2daa3bd02e0ec1317961a808fdc18e4415a1b	2361
tests/Images/External/ReferenceOutput/ResizeTests/WorkingBufferSizeHintInBytes_IsAppliedCorrectly_TestPattern100x100_50.png	24dd9cbedd34091fb1a812c349925fa2c4ca0ffeaf6191693dd049d773fc5d97	1141
tests/Images/External/ReferenceOutput/ResizeTests/WorkingBufferSizeHintInBytes_IsAppliedCorrectly_TestPattern100x100_60.png	24dd9cbedd34091fb1a812c349925fa2c4ca0ffeaf6191693dd049d773fc5d97	1141
tests/Images/External/ReferenceOutput/ResizeTests/WorkingBufferSizeHintInBytes_IsAppliedCorrectly_TestPattern100x400_110.png	da4bde43ef0945720c64af88642765d9809c3fafc3f74ea766cc73b92c65c5f6	2284
tests/Images/External/ReferenceOutput/ResizeTests/WorkingBufferSizeHintInBytes_IsAppliedCorrectly_TestPattern23x211_31.png	1483d2c06b845864390ac179b68d391c6adcb415c15759a5d5fd140afb0b155b	737
tests/Images/External/ReferenceOutput/ResizeTests/WorkingBufferSizeHintInBytes_IsAppliedCorrectly_TestPattern47x193_73.png	e67978dfc069dd8d056c7a85aa68fc47ce222ecb4e586ea683c62bad556620d5	1331
tests/Images/External/ReferenceOutput/ResizeTests/WorkingBufferSizeHintInBytes_IsAppliedCorrectly_TestPattern79x97_5.png	b774c66aa2655ae5c9d5b4bc61f8002466878ffd1ae403fe27cc276bb7c70730	1010
tests/Images/External/ReferenceOutput/ResizeTests/WorkingBufferSizeHintInBytes_IsAppliedCorrectly_TestPattern79x97_73.png	b774c66aa2655ae5c9d5b4bc61f8002466878ffd1ae403fe27cc276bb7c70730	1010
tests/Images/External/ReferenceOutput/TestImageExtensionsTests/CompareToReferenceOutput_DoNotAppendPixelType_Solid10x10_(0,0,255,255).png	00cc79110b20d81196a1b7fd780c8f2f7eaf52daaebf3c34e2381b464d60374f	103
tests/Images/External/ReferenceOutput/TestImageExtensionsTests/CompareToReferenceOutput_WhenReferenceOutputDoesNotMatch_Throws_Rgba32_Solid10x10_(0,0,255,255).png	ca7319480ee1c25db571436f92034fba6a9683eae30ba9d75772be9a7f65ad2b	189
tests/Images/External/ReferenceOutput/TestImageExtensionsTests/CompareToReferenceOutput_WhenReferenceOutputMatches_ShouldNotThrow_Rgba32_Solid10x10_(0,0,255,255).png	00cc79110b20d81196a1b7fd780c8f2f7eaf52daaebf3c34e2381b464d60374f	103
tests/Images/External/ReferenceOutput/TgaDecoderTests/TgaDecoder_CanDecode_Gray_16Bit_Rgba32_grayscale_a_UL.png	e49f62fb9696ebe7eb2c398b39f70d9ec3b49f8698e1e3006796af10f432f902	53867
tests/Images/External/ReferenceOutput/TgaDecoderTests/TgaDecoder_CanDecode_Gray_WithBottomLeftOrigin_16Bit_Rgba32_grayscale_a_LL.png	886afbd1a07fe62599c22e565e16779e3b08a33c0c1a7dcb872a5de9c07f006a	53670
tests/Images/External/ReferenceOutput/TgaDecoderTests/TgaDecoder_CanDecode_Gray_WithBottomRightOrigin_16Bit_Rgba32_grayscale_a_LR.png	1e9a76387d395379713a4cff6be5679494394c627ca6048fdd6354739589dfc4	53811
tests/Images/External/ReferenceOutput/TgaDecoderTests/TgaDecoder_CanDecode_Gray_WithTopRightOrigin_16Bit_Rgba32_grayscale_a_UR.png	cc0bbdb2c3deeda73fff95934437d661b949a5009e743710d002332f636f3cda	53684
tests/Images/External/ReferenceOutput/TgaDecoderTests/TgaDecoder_CanDecode_RunLengthEncoded_Gray_16Bit_Rgba32_grayscale_a_rle_UL.png	7d63ff3a14370883e36c77ebe3ea090b8ecbcab7bc3a4b6f308a4b0516c11c8b	54249
tests/Images/External/ReferenceOutput/TgaDecoderTests/TgaDecoder_CanDecode_RunLengthEncoded_Gray_WithBottomLeftOrigin_16Bit_Rgba32_grayscale_a_rle_LL.png	7eaadc4c41d33c66198624e3fef8f465a3b7abfe2597ad15b7bdfb15175a6f6d	54044
tests/Images/External/ReferenceOutput/TgaDecoderTests/TgaDecoder_CanDecode_RunLengthEncoded_Gray_WithBottomRightOrigin_16Bit_Rgba32_grayscale_a_rle_LR.png	e6979613d4c419757b8455612a29a69c12c072b86e2e502e63a1614cfd4ba0f1	54192
tests/Images/External/ReferenceOutput/TgaDecoderTests/TgaDecoder_CanDecode_RunLengthEncoded_Gray_WithTopRightOrigin_16Bit_Rgba32_grayscale_a_rle_UR.png	24bb93cf8157d155ae7245ee9a8c0d8851876a77e8230387a7b0ebc8cb7dae9f	54062
tests/Images/External/ReferenceOutput/TgaDecoderTests/TgaDecoder_Decode_Resize_rgb_a_rle_UL_150_150.png	cb67006d156cff0fa8d4d1b131ac0eaa98279ae6dcc477818b2fc65f2dfb77aa	23396
tests/Images/External/ReferenceOutput/TiffDecoderTests/Decode_WhenColorProfileHandlingIsConvert_ApplyIccProfile_Rgba32_Perceptual_CIELAB.png	8dd7d54f362b33c2d2d4b4b3cb3bbece23c14138073403234db7b53012939101	383
tests/Images/External/ReferenceOutput/TiffDecoderTests/Decode_WhenColorProfileHandlingIsConvert_ApplyIccProfile_Rgba32_Perceptual_CMYK.png	370af73b800622a671c0718b2c137ead8401adf20c39b45f153d2c9bb09b40ed	385
tests/Images/External/ReferenceOutput/TiffDecoderTests/Decode_WhenColorProfileHandlingIsConvert_ApplyIccProfile_Rgba32_Perceptual_RGB16.png	de9cfa53a82b169c533999908c7ace43aa35a8b456d5f0378b539669c7857d1c	386
tests/Images/External/ReferenceOutput/TiffDecoderTests/Decode_WhenColorProfileHandlingIsConvert_ApplyIccProfile_Rgba32_Perceptual_RGB8.png	de9cfa53a82b169c533999908c7ace43aa35a8b456d5f0378b539669c7857d1c	386
tests/Images/External/ReferenceOutput/TiffDecoderTests/TiffDecoder_CanDecode_64Bit_WithAssociatedAlpha_Rgba64_Issue3031.png	c33a2f63836975bdc7631f26634b3fb0ae98bfaff730300877339cb568141cde	124
tests/Images/External/ReferenceOutput/TiffDecoderTests/TiffDecoder_CanDecode_64Bit_WithAssociatedAlpha_Rgba64_RgbaAssociatedAlpha16bit_lsb.png	e50dfa103459d21642df5e1ca760081fbdfe3b7244624d9d87d8a20f45b51bbe	117953
tests/Images/External/ReferenceOutput/TiffDecoderTests/TiffDecoder_CanDecode_64Bit_WithAssociatedAlpha_Rgba64_RgbaAssociatedAlpha16bit_msb.png	3333503012aa29e23f0d0e52993ad3499514251208fb3318e2bb1560d54650fa	117956
tests/Images/External/ReferenceOutput/TiffDecoderTests/TiffDecoder_CanDecode_BigEndian_AssociatedAlpha_Rgba16161616_Rgba64_Issue3031.png	c33a2f63836975bdc7631f26634b3fb0ae98bfaff730300877339cb568141cde	124
tests/Images/External/ReferenceOutput/TiffDecoderTests/TiffDecoder_CanDecode_CieLab_Rgba32_CieLab.png	13bc9da102f85124855217fad757ca907f5d68442e54e3b7039ac048d7b2ad3f	25791
tests/Images/External/ReferenceOutput/TiffDecoderTests/TiffDecoder_CanDecode_CieLab_Rgba32_CieLabPlanar.png	13bc9da102f85124855217fad757ca907f5d68442e54e3b7039ac048d7b2ad3f	25791
tests/Images/External/ReferenceOutput/TiffDecoderTests/TiffDecoder_CanDecode_CieLab_Rgba32_CieLab_lzwcompressed_predictor.png	6f9481c91c58ca7bbab9de4b9ae95fe4a2197ae4b6ef6b15b72d4858aba3a1a4	25782
tests/Images/External/ReferenceOutput/TiffDecoderTests/TiffDecoder_CanDecode_Cmyk_Rgba32_Cmyk-jpeg.png	b1ff0ce13bf0521b8a6f0d77806473c837c45428391786f751186a53fd951c0c	394
tests/Images/External/ReferenceOutput/TiffDecoderTests/TiffDecoder_CanDecode_Cmyk_Rgba32_Cmyk-lzw-predictor.png	db076491d7afc78cb5de99cb1e7a9c53f891157bf064994c60d453aec75b9c90	512
tests/Images/External/ReferenceOutput/TiffDecoderTests/TiffDecoder_CanDecode_Cmyk_Rgba32_Cmyk.png	db076491d7afc78cb5de99cb1e7a9c53f891157bf064994c60d453aec75b9c90	512
tests/Images/External/ReferenceOutput/TiffDecoderTests/TiffDecoder_CanDecode_JpegCompressedWithIssue2679_Issue2679.png	96729898fee87fc4305913c111a5841af205564d032b916aeb04425a20c6b22c	46540
tests/Images/External/ReferenceOutput/TiffDecoderTests/TiffDecoder_CanDecode_TiledWithBadZlib_tiled-0000023664.png	456f0699fbba95953fbdba0164168583cc7d2efe1f858a6570938e8797b398cd	15586
tests/Images/External/ReferenceOutput/TiffDecoderTests/TiffDecoder_CanDecode_YCbCr_24Bit_Rgba32_flower-ycbcr-contig-08_h1v1.png	4f43aec94a8febc4174d1c3b0637b9e613781acccc1dc988cb62f521e26c4038	9775
tests/Images/External/ReferenceOutput/TiffDecoderTests/TiffDecoder_CanDecode_YCbCr_24Bit_Rgba32_flower-ycbcr-contig-08_h2v1.png	f874b0a5172d494a8c8e9760fe87e02d138d78e15de637506ff46334ad7d0629	9792
tests/Images/External/ReferenceOutput/TiffDecoderTests/TiffDecoder_CanDecode_YCbCr_24Bit_Rgba32_flower-ycbcr-contig-08_h2v2.png	fa07f9f6a85a87e145224a6e2d42c7ecc26b9128d01eee3f45fc4333f05d560c	9808
tests/Images/External/ReferenceOutput/TiffDecoderTests/TiffDecoder_CanDecode_YCbCr_24Bit_Rgba32_flower-ycbcr-contig-08_h4v4.png	c34d570b0e6d7d9fe830e4696c6acb279929b86e6f4b9f572d4b379fee383315	9504
tests/Images/External/ReferenceOutput/TiffDecoderTests/TiffDecoder_CanDecode_YCbCr_24Bit_Rgba32_flower-ycbcr-planar-08_h1v1.png	4f43aec94a8febc4174d1c3b0637b9e613781acccc1dc988cb62f521e26c4038	9775
tests/Images/External/ReferenceOutput/TiffDecoderTests/TiffDecoder_CanDecode_YCbCr_24Bit_Rgba32_rgb-ycbcr-contig-08_h2v2.png	77a101bcc2059d8ca98ac7b1c4fe67a286c33f0d9fa7d37bb4a5073377f70c62	91016
tests/Images/External/ReferenceOutput/TiffDecoderTests/TiffDecoder_CanDecode_YCbCr_24Bit_Rgba32_rgb-ycbcr-contig-08_h4v4.png	cbe7c1ab6862e2f6ad5ad5f0a02634a2a3e99fbf1a404168b1fbcd7aafb27884	84732
tests/Images/External/ReferenceOutput/TiffDecoderTests/TiffDecoder_CanDecode_YccK_ICC_Rgba32_Issue2454_A.png	13f51f69b061303d06b73fa7e626d7252a9fd14aa84c961ea894f6e7cd7218cc	7603818
tests/Images/External/ReferenceOutput/TiffDecoderTests/TiffDecoder_CanDecode_YccK_ICC_Rgba32_Issue2454_B.png	b6a35853e44d06a6f74e3aaf558e6a4b9c3209c6c3fa2c8f3ee650bf049ac0d3	7624359
tests/Images/External/ReferenceOutput/TiffDecoderTests/TiffDecoder_CanDecode_YccK_Rgba32_Issue2454_A.png	9e91f6ae534b95a9e052158043e929e1da22e0851b4d6dfdb8b802605396758f	7888373
tests/Images/External/ReferenceOutput/TiffDecoderTests/TiffDecoder_CanDecode_YccK_Rgba32_Issue2454_B.png	81bb1f05a6f72aebee41941b2390ca0a35c4368758af2d27b3e81bbee8901c56	7956102
tests/Images/External/ReferenceOutput/TiffDecoderTests/TiffDecoder_Decode_Resize_RgbaUnassociatedAlpha3bit_150_150.png	53b9dabffaae6a9250bf16f201ef8c9e933327874e8be91785c4fb6cd7e787a8	10767
tests/Images/External/ReferenceOutput/Transforms/AutoOrientTests/AutoOrient_WorksForAllExifOrientations_F_0.png	57102166a1b0457232a294625f1caef8ed9066dd7fdbedc125030499bda26240	243
tests/Images/External/ReferenceOutput/Transforms/AutoOrientTests/AutoOrient_WorksForAllExifOrientations_F_1.png	57102166a1b0457232a294625f1caef8ed9066dd7fdbedc125030499bda26240	243
tests/Images/External/ReferenceOutput/Transforms/AutoOrientTests/AutoOrient_WorksForAllExifOrientations_F_2.png	c0736b8603de9f1d44b43a96b4daf3338cbaa569a9e344798d3d2ff9e071b3f6	246
tests/Images/External/ReferenceOutput/Transforms/AutoOrientTests/AutoOrient_WorksForAllExifOrientations_F_3.png	34ae9c4ce6d8b9d2a0440022593d065eac52f177a5b990746f71be454baeec29	250
tests/Images/External/ReferenceOutput/Transforms/AutoOrientTests/AutoOrient_WorksForAllExifOrientations_F_4.png	6d0f8f7fe6c51cfc6dce4e08b2a2311655c98b6786ce582a7e6d2e4386740843	244
tests/Images/External/ReferenceOutput/Transforms/AutoOrientTests/AutoOrient_WorksForAllExifOrientations_F_5.png	bfbade89fb32597754e9ce741a1ce074a59a9d644e883eb13013255eb4557030	281
tests/Images/External/ReferenceOutput/Transforms/AutoOrientTests/AutoOrient_WorksForAllExifOrientations_F_6.png	2ff8172dedafe18c943de5c9969bb1630757644f34a839118b3b06e637a027fc	275
tests/Images/External/ReferenceOutput/Transforms/AutoOrientTests/AutoOrient_WorksForAllExifOrientations_F_7.png	a329f10a752098a977758249c4944c0e4939000bbb1bc59ea204978b2baf9b08	268
tests/Images/External/ReferenceOutput/Transforms/AutoOrientTests/AutoOrient_WorksForAllExifOrientations_F_8.png	408228d069af84eff0f5be013bfe8a1ffe8a00027472050b8e14a90f21d4a891	274
tests/Images/External/ReferenceOutput/Transforms/CropTest/Crop_TestPattern30x70_X7Y13.W20H50.png	21e0b9998b48e865da0bbc3a272ed7a2853d8403a0e3a06dac550f41d9a736d8	496
tests/Images/External/ReferenceOutput/Transforms/CropTest/Crop_TestPattern50x50_X-1Y-1.W100H200.png	813b76f8504e846df55c441d94df98910061f085ae577a9cbb9cbd1f4945b2d2	1008
tests/Images/External/ReferenceOutput/Transforms/CropTest/Crop_TestPattern70x30_X0Y0.W70H30.png	c9c2ffd517a52c9e6c60033893bfa13646c8617f2bc9e52e4337291aeb24acab	500
tests/Images/External/ReferenceOutput/Transforms/EntropyCropTest/EntropyCrop_MultiScanBaselineCMYK_0.25.png	1f312445263030ea79e2d1a05c62d19ade816c9cda9f0d3494ab76fde1e03ace	92534
tests/Images/External/ReferenceOutput/Transforms/EntropyCropTest/EntropyCrop_MultiScanBaselineCMYK_0.75.png	672f167d514f01c625145701ea0d45ced503a6e84cae75fbdb67e6b0db179aee	92318
tests/Images/External/ReferenceOutput/Transforms/EntropyCropTest/EntropyCrop_ducky_0.25.png	7a7a525320284ad8424614e2c18cb686ff9f4d8317c6fd6f5a395ad4ff62ec25	27445
tests/Images/External/ReferenceOutput/Transforms/EntropyCropTest/EntropyCrop_ducky_0.75.png	7a7a525320284ad8424614e2c18cb686ff9f4d8317c6fd6f5a395ad4ff62ec25	27445
tests/Images/External/ReferenceOutput/Transforms/EntropyCropTest/EntropyCrop_jpeg400jfif_0.25.png	589289a67e29883cbe17459fc1e6d44f1deab85bcea70c87bb07ebcf4a626e23	167355
tests/Images/External/ReferenceOutput/Transforms/EntropyCropTest/EntropyCrop_jpeg400jfif_0.75.png	9628c9674323db2983a14e7edb63663400dda2a1c86d01997620c9509b42d349	108104
tests/Images/External/ReferenceOutput/Transforms/FlipTests/Flip_TestPattern17x32_Horizontal.png	3efdbd62d9923dcbe19b67a6af8c97e74786edad5d8c046554885995f2509f80	716
tests/Images/External/ReferenceOutput/Transforms/FlipTests/Flip_TestPattern17x32_None.png	9e8604559e2812867bb427c83f3752d23046a4275cde09eb3c72d138d499cdc5	714
tests/Images/External/ReferenceOutput/Transforms/FlipTests/Flip_TestPattern17x32_Vertical.png	fe80819519587472325c7534640c99917866c9316dafd0e23d648fbf754d1c7c	716
tests/Images/External/ReferenceOutput/Transforms/FlipTests/Flip_TestPattern20x37_Horizontal.png	de933ecd5d553ba278d29156d08ff6405fe498a4dae92b1b24c57b65f23e831e	1096
tests/Images/External/ReferenceOutput/Transforms/FlipTests/Flip_TestPattern20x37_None.png	ea42b20f513e45a81e6979315d4a32411d78339414e4c27968c82bfd66458f7c	1097
tests/Images/External/ReferenceOutput/Transforms/FlipTests/Flip_TestPattern20x37_Vertical.png	a26b7e67ab4f1f8395bf814ac256c26f9d4d58253fb1de9a92174b4896d1f5cc	1093
tests/Images/External/ReferenceOutput/Transforms/FlipTests/Flip_TestPattern53x37_Horizontal.png	28d7048bef027c6454899c7901121754821ef19245c1d2444827270d9188a5c0	623
tests/Images/External/ReferenceOutput/Transforms/FlipTests/Flip_TestPattern53x37_None.png	e8733b3a1106be440042c47b5271c74c169d8450c2fbd2fdb505efe544e8895d	560
tests/Images/External/ReferenceOutput/Transforms/FlipTests/Flip_TestPattern53x37_Vertical.png	7ba67e21cd47395d09fb8c92acb76bcac14f6d482cd04ec08f1b59bfca50c3a6	564
tests/Images/External/ReferenceOutput/Transforms/FlipTests/Flip_WorksOnWrappedMemoryImage_TestPattern17x32_Horizontal.png	3efdbd62d9923dcbe19b67a6af8c97e74786edad5d8c046554885995f2509f80	716
tests/Images/External/ReferenceOutput/Transforms/FlipTests/Flip_WorksOnWrappedMemoryImage_TestPattern17x32_None.png	9e8604559e2812867bb427c83f3752d23046a4275cde09eb3c72d138d499cdc5	714
tests/Images/External/ReferenceOutput/Transforms/FlipTests/Flip_WorksOnWrappedMemoryImage_TestPattern17x32_Vertical.png	fe80819519587472325c7534640c99917866c9316dafd0e23d648fbf754d1c7c	716
tests/Images/External/ReferenceOutput/Transforms/FlipTests/Flip_WorksOnWrappedMemoryImage_TestPattern53x37_Horizontal.png	28d7048bef027c6454899c7901121754821ef19245c1d2444827270d9188a5c0	623
tests/Images/External/ReferenceOutput/Transforms/FlipTests/Flip_WorksOnWrappedMemoryImage_TestPattern53x37_None.png	e8733b3a1106be440042c47b5271c74c169d8450c2fbd2fdb505efe544e8895d	560
tests/Images/External/ReferenceOutput/Transforms/FlipTests/Flip_WorksOnWrappedMemoryImage_TestPattern53x37_Vertical.png	7ba67e21cd47395d09fb8c92acb76bcac14f6d482cd04ec08f1b59bfca50c3a6	564
tests/Images/External/ReferenceOutput/Transforms/RotateTests/Rotate_WithAngle_TestPattern100x50_-170.png	881daeef5b8db99af8b89e7d4e968fb4c43e13c904e936aefa1d0156b767803e	9051
tests/Images/External/ReferenceOutput/Transforms/RotateTests/Rotate_WithAngle_TestPattern100x50_-50.png	86032d5b7e49574655c1cd54886ac57d6385714481ba6bd72176d858f884cd1a	10720
tests/Images/External/ReferenceOutput/Transforms/RotateTests/Rotate_WithAngle_TestPattern100x50_170.png	cb823498eacf5bab12f7607d230523a3488e26fcc10fe1b3ab51de900a9dff97	8835
tests/Images/External/ReferenceOutput/Transforms/RotateTests/Rotate_WithAngle_TestPattern100x50_50.png	afe7ddbff155b918a4eff91af31e01100355c146cb9c8a12ab2496da8b22821d	10446
tests/Images/External/ReferenceOutput/Transforms/RotateTests/Rotate_WithAngle_TestPattern50x100_-170.png	be885eca2d9771be335a29d3da533a17376efa4c563996ac4cb37138fd1899eb	9826
tests/Images/External/ReferenceOutput/Transforms/RotateTests/Rotate_WithAngle_TestPattern50x100_-50.png	afea3d7ec03c945d695b3cd85e9ea1d79cb35745256efe1e32273eb08789e5ce	11476
tests/Images/External/ReferenceOutput/Transforms/RotateTests/Rotate_WithAngle_TestPattern50x100_170.png	096eba716663179933fe6eb526822ac9dedf83c3633d43df328ed33fb16900f6	9687
tests/Images/External/ReferenceOutput/Transforms/RotateTests/Rotate_WithAngle_TestPattern50x100_50.png	c7367063704e10827bb81f46ebb56b6fe87a816eb8ec258ca95d8e26d9276f0f	11408
tests/Images/External/ReferenceOutput/Transforms/RotateTests/Rotate_WithRotateTypeEnum_TestPattern100x50_None.png	eb5c9a20be4ffb92095a7c52747ab4827e9148a4a2f25ecdd97b13c48ce381ea	882
tests/Images/External/ReferenceOutput/Transforms/RotateTests/Rotate_WithRotateTypeEnum_TestPattern100x50_Rotate180.png	1bee59ee4be347d16c1d22a2d35ea7fef87c44ad57d0336da9e1b605cc15f707	966
tests/Images/External/ReferenceOutput/Transforms/RotateTests/Rotate_WithRotateTypeEnum_TestPattern100x50_Rotate270.png	77226d61a79c94af981cbad0fcf1af3643b7834f8f6b72e8d115b5e9d88afaa1	1036
tests/Images/External/ReferenceOutput/Transforms/RotateTests/Rotate_WithRotateTypeEnum_TestPattern100x50_Rotate90.png	07f064f60a532aa7ff86a99ef0894bdd1e41c2a6b4e9486c107644aeed9a55a9	934
tests/Images/External/ReferenceOutput/Transforms/RotateTests/Rotate_WithRotateTypeEnum_TestPattern50x100_None.png	e081d2d3e1dd921459887a5d2715f2697d63844c55a465411f86766d8c657798	1032
tests/Images/External/ReferenceOutput/Transforms/RotateTests/Rotate_WithRotateTypeEnum_TestPattern50x100_Rotate180.png	bb9e7281b019e2681034ee4a16b739ffe4e8de6e4ec925f7b29eaeb97b9b2216	973
tests/Images/External/ReferenceOutput/Transforms/RotateTests/Rotate_WithRotateTypeEnum_TestPattern50x100_Rotate270.png	f8bd244b20e42588f1cd62c7dcc9f9ba398abd61ffb3d9f17fe41e618c4dac7f	908
tests/Images/External/ReferenceOutput/Transforms/RotateTests/Rotate_WithRotateTypeEnum_TestPattern50x100_Rotate90.png	ff7e04e8f651ef69cb5ea4d0f9d0b567450c72dbdf30efd6e9cb9c32f80546dd	1027
tests/Images/External/ReferenceOutput/Transforms/SkewTests/Skew_IsNotBoundToSinglePixelType_Bgra32_TestPattern100x50_-20_-10.png	37acdbbcebe56ab98e17b025312e5860c471d807603c2ce6f4a50fd5f219c0f7	8732
tests/Images/External/ReferenceOutput/Transforms/SkewTests/Skew_IsNotBoundToSinglePixelType_Bgra32_TestPattern100x50_20_10.png	722d191e930331e296a548641a80ac163430bdb4017e3d68e4638fbb1d6ed45c	9021
tests/Images/External/ReferenceOutput/Transforms/SkewTests/Skew_IsNotBoundToSinglePixelType_Rgb24_TestPattern100x50_-20_-10.png	ce2bbe927b718a1b4de05b2baad7016b69490d1b5dfb085420192b7ac6c0ec5d	6367
tests/Images/External/ReferenceOutput/Transforms/SkewTests/Skew_IsNotBoundToSinglePixelType_Rgb24_TestPattern100x50_20_10.png	d79a7044e95a1ca032124366e4705bd93a866609547ebb489ff7d2228547cea5	6330
tests/Images/External/ReferenceOutput/Transforms/SkewTests/Skew_WorksWithAllResamplers_ducky_Bicubic.png	677e4419a1cac8692da2d852f6e169c4a66ef8f164fffa65550fccb71bb54563	26606
tests/Images/External/ReferenceOutput/Transforms/SkewTests/Skew_WorksWithAllResamplers_ducky_Box.png	0f700e854d2d4ee9c12150ef300e0041fa4706ae595eeea6869894a1e2947eaf	24963
tests/Images/External/ReferenceOutput/Transforms/SkewTests/Skew_WorksWithAllResamplers_ducky_CatmullRom.png	965248b773ea4b3f8e870ff598ccf88784dd700d9aa063b70b0146a00fc806bc	26613
tests/Images/External/ReferenceOutput/Transforms/SkewTests/Skew_WorksWithAllResamplers_ducky_Hermite.png	cd8e29141de12f1c1a2b3fb057a58b5a017b6db3498023a8f77dc8ac02d7845c	24396
tests/Images/External/ReferenceOutput/Transforms/SkewTests/Skew_WorksWithAllResamplers_ducky_Lanczos2.png	a28ac3e9bd2edc2aa7163275006f701672cd7f0b92454a0453a6e73387c70138	26611
tests/Images/External/ReferenceOutput/Transforms/SkewTests/Skew_WorksWithAllResamplers_ducky_Lanczos3.png	2a57780c4145cf1eef6028d7e58ef94ab6d47f80a024f43fe98297f2d398a7fc	33409
tests/Images/External/ReferenceOutput/Transforms/SkewTests/Skew_WorksWithAllResamplers_ducky_Lanczos5.png	129f1770502c71fcbe67da35a6966a4c72e4d17ee70a8e951a5229db99d03089	35607
tests/Images/External/ReferenceOutput/Transforms/SkewTests/Skew_WorksWithAllResamplers_ducky_Lanczos8.png	0b7a58c5219ce2b6c91f98b7a75a9c89292e69d816451425b9b829d6a2b1711c	39420
tests/Images/External/ReferenceOutput/Transforms/SkewTests/Skew_WorksWithAllResamplers_ducky_MitchellNetravali.png	b80944705b204ab37b1a1a0b7d0705fba4f4eae4ea9453ae8ed0e39104765ee9	25836
tests/Images/External/ReferenceOutput/Transforms/SkewTests/Skew_WorksWithAllResamplers_ducky_NearestNeighbor.png	0f700e854d2d4ee9c12150ef300e0041fa4706ae595eeea6869894a1e2947eaf	24963
tests/Images/External/ReferenceOutput/Transforms/SkewTests/Skew_WorksWithAllResamplers_ducky_Robidoux.png	314e15b8d690b17aa67ee856bcaf55afc62ce86c1b1d86b0f17dffe8739a2d17	25739
tests/Images/External/ReferenceOutput/Transforms/SkewTests/Skew_WorksWithAllResamplers_ducky_RobidouxSharp.png	abf063ddd974a8eef6b24da9e58a10143d9fefa29369b11f7b27685312a0c74b	26084
tests/Images/External/ReferenceOutput/Transforms/SkewTests/Skew_WorksWithAllResamplers_ducky_Spline.png	f417e1771b2a367f857888ae90bd75f9922d9e5fc8826009ded592d9da010a44	24155
tests/Images/External/ReferenceOutput/Transforms/SkewTests/Skew_WorksWithAllResamplers_ducky_Triangle.png	6aebe33dad1ea3a709f54f234cb779956f5b561a9a5ecf23a95e7ec42d91c535	23905
tests/Images/External/ReferenceOutput/Transforms/SkewTests/Skew_WorksWithAllResamplers_ducky_Welch.png	bb7684478edd471057076a408c6b32102838db466476929ee58e248f5c20a2b2	31872
tests/Images/External/ReferenceOutput/WebpDecoderTests/Decode_AnimatedLossless_VerifyAllFrames_Rgba32_leo_animated_lossless.webp/00.png	d99914f1a4dc3e554b9dded9e547194685b1b9ecc5d816d9f329cef483c525d5	50298
tests/Images/External/ReferenceOutput/WebpDecoderTests/Decode_AnimatedLossless_VerifyAllFrames_Rgba32_leo_animated_lossless.webp/01.png	391ed80dc5ba4a21bdc4ea4db9fde4c6dad8556d1b8f0bf198db3c2bb5dc50ad	49389
tests/Images/External/ReferenceOutput/WebpDecoderTests/Decode_AnimatedLossless_VerifyAllFrames_Rgba32_leo_animated_lossless.webp/02.png	84bf215392014c2d7dbeb495bd1717bc2da4566b285bc388ed7bc8e88ebb0e85	52686
tests/Images/External/ReferenceOutput/WebpDecoderTests/Decode_AnimatedLossless_VerifyAllFrames_Rgba32_leo_animated_lossless.webp/03.png	0e7a47ba473440f699f337fb8886cd170c6610452b3145c068a0f18584541559	53244
tests/Images/External/ReferenceOutput/WebpDecoderTests/Decode_AnimatedLossless_VerifyAllFrames_Rgba32_leo_animated_lossless.webp/04.png	a4e7572c91c73e63e74c795e16ce951fbbdba5a015921102844d7bdf0fb0b473	56046
tests/Images/External/ReferenceOutput/WebpDecoderTests/Decode_AnimatedLossless_VerifyAllFrames_Rgba32_leo_animated_lossless.webp/05.png	6681af3640adb85452f9c1fa0cb5dce04638b48d80994c20c40d11e07670f1de	62469
tests/Images/External/ReferenceOutput/WebpDecoderTests/Decode_AnimatedLossless_VerifyAllFrames_Rgba32_leo_animated_lossless.webp/06.png	8549aeb786fc12d4e947b3b5f862701fab8158576193a03877f4b891815077e0	61068
tests/Images/External/ReferenceOutput/WebpDecoderTests/Decode_AnimatedLossless_VerifyAllFrames_Rgba32_leo_animated_lossless.webp/07.png	474a6bbf07604de5a412d1eed2d3ba6ce191a85b88464c5848a50bef42566de5	60411
tests/Images/External/ReferenceOutput/WebpDecoderTests/Decode_AnimatedLossless_VerifyAllFrames_Rgba32_leo_animated_lossless.webp/08.png	f296bbd4b5637d1583ea337e8b807b34613640e0eabfb5e13e4e6cefe8ae2527	58793
tests/Images/External/ReferenceOutput/WebpDecoderTests/Decode_AnimatedLossless_VerifyAllFrames_Rgba32_leo_animated_lossless.webp/09.png	b16c16f9663b5ba80fa2ef06503851009b15700ff257375bd41cdb362098a391	57157
tests/Images/External/ReferenceOutput/WebpDecoderTests/Decode_AnimatedLossless_VerifyAllFrames_Rgba32_leo_animated_lossless.webp/10.png	b5c39781b77219a6e9c05233d2376dfde04bd0dbe39f63274168073abf7a0e4d	55424
tests/Images/External/ReferenceOutput/WebpDecoderTests/Decode_AnimatedLossless_VerifyAllFrames_Rgba32_leo_animated_lossless.webp/11.png	5133dc9a5f8f6d26d388f40fd1df3a262f489d80a0d1eed588f7662bef7523de	59950
tests/Images/External/ReferenceOutput/WebpDecoderTests/Decode_AnimatedLossy_VerifyAllFrames_Rgba32_leo_animated_lossy.webp/00.png	d99914f1a4dc3e554b9dded9e547194685b1b9ecc5d816d9f329cef483c525d5	50298
tests/Images/External/ReferenceOutput/WebpDecoderTests/Decode_AnimatedLossy_VerifyAllFrames_Rgba32_leo_animated_lossy.webp/01.png	391ed80dc5ba4a21bdc4ea4db9fde4c6dad8556d1b8f0bf198db3c2bb5dc50ad	49389
tests/Images/External/ReferenceOutput/WebpDecoderTests/Decode_AnimatedLossy_VerifyAllFrames_Rgba32_leo_animated_lossy.webp/02.png	84bf215392014c2d7dbeb495bd1717bc2da4566b285bc388ed7bc8e88ebb0e85	52686
tests/Images/External/ReferenceOutput/WebpDecoderTests/Decode_AnimatedLossy_VerifyAllFrames_Rgba32_leo_animated_lossy.webp/03.png	0e7a47ba473440f699f337fb8886cd170c6610452b3145c068a0f18584541559	53244
tests/Images/External/ReferenceOutput/WebpDecoderTests/Decode_AnimatedLossy_VerifyAllFrames_Rgba32_leo_animated_lossy.webp/04.png	a4e7572c91c73e63e74c795e16ce951fbbdba5a015921102844d7bdf0fb0b473	56046
tests/Images/External/ReferenceOutput/WebpDecoderTests/Decode_AnimatedLossy_VerifyAllFrames_Rgba32_leo_animated_lossy.webp/05.png	6681af3640adb85452f9c1fa0cb5dce04638b48d80994c20c40d11e07670f1de	62469
tests/Images/External/ReferenceOutput/WebpDecoderTests/Decode_AnimatedLossy_VerifyAllFrames_Rgba32_leo_animated_lossy.webp/06.png	8549aeb786fc12d4e947b3b5f862701fab8158576193a03877f4b891815077e0	61068
tests/Images/External/ReferenceOutput/WebpDecoderTests/Decode_AnimatedLossy_VerifyAllFrames_Rgba32_leo_animated_lossy.webp/07.png	474a6bbf07604de5a412d1eed2d3ba6ce191a85b88464c5848a50bef42566de5	60411
tests/Images/External/ReferenceOutput/WebpDecoderTests/Decode_AnimatedLossy_VerifyAllFrames_Rgba32_leo_animated_lossy.webp/08.png	f296bbd4b5637d1583ea337e8b807b34613640e0eabfb5e13e4e6cefe8ae2527	58793
tests/Images/External/ReferenceOutput/WebpDecoderTests/Decode_AnimatedLossy_VerifyAllFrames_Rgba32_leo_animated_lossy.webp/09.png	b16c16f9663b5ba80fa2ef06503851009b15700ff257375bd41cdb362098a391	57157
tests/Images/External/ReferenceOutput/WebpDecoderTests/Decode_AnimatedLossy_VerifyAllFrames_Rgba32_leo_animated_lossy.webp/10.png	b5c39781b77219a6e9c05233d2376dfde04bd0dbe39f63274168073abf7a0e4d	55424
tests/Images/External/ReferenceOutput/WebpDecoderTests/Decode_AnimatedLossy_VerifyAllFrames_Rgba32_leo_animated_lossy.webp/11.png	5133dc9a5f8f6d26d388f40fd1df3a262f489d80a0d1eed588f7662bef7523de	59950
tests/Images/External/ReferenceOutput/WebpDecoderTests/Decode_WhenColorProfileHandlingIsConvert_ApplyIccProfile_Rgba32_Perceptual-cLUT-only.png	9a2cbd483eed31cf7b410ef1ee45ae78e77b36e5b9c31f87764a1dfdb9c4e5c8	79768
tests/Images/External/ReferenceOutput/WebpDecoderTests/Decode_WhenColorProfileHandlingIsConvert_ApplyIccProfile_Rgba32_Perceptual.png	547f3ddb5bdb3a3cb5c87440b65728be295c2b5f3c10a1b0b44299bb3d80e8d7	79651
tests/Images/External/ReferenceOutput/WebpDecoderTests/WebpDecoder_Decode_Resize_bike_lossless_150_150.png	d73ae8bfad75c8b169fb050653eb4f8351edf173d1cc121ff1e23e3f1e594a97	36342
tests/Images/External/ReferenceOutput/WebpEncoderTests/Encode_AnimatedLossy_Rgba32_landscape.webp	f9ece3c7acc6f40318e3cda6b0189607df6b9b60dd112212c72ec0f6aa26431d	409346
tests/Images/External/ReferenceOutput/WebpEncoderTests/Encode_AnimatedLossy_Rgba32_leo_animated_lossy.webp	71800dff476f50ebd2a3d0cf0b4f5bef427a1c2cd8732b415511f10d3d93f9a0	126382
tests/Images/Input/Bmp/9S.bmp	b54244f4ef0968568e0d8255707763f6c2027238ff66a22580ae12a019c33a9f	2684
tests/Images/Input/Bmp/BITMAPV5HEADER.bmp	9d99f80a05e0ddb6309c84846dfac7d2ef4e9cdda6ed437646bc0edfee7d3130	174026
tests/Images/Input/Bmp/BMP_v5_with_ICC_2.bmp	b5b483e9a9d3f3ebdeada2eff70800002c27c046bf971206af0ecc73fa1416e6	27782
tests/Images/Input/Bmp/BitmapCoreHeaderQR.bmp	04709a3b7e9a73e87f12c5c63f66bc608e3cd61c23fcd38629bb8638bbb1b4de	2580
tests/Images/Input/Bmp/Car.bmp	9d3a4a30cd67db6ded1e57126c7ba275404703e64b3dfb1c9c711128c15b0124	810054
tests/Images/Input/Bmp/DIAMOND.bmp	1a7133850f670732c39cb343615f4443c934272002edfa5373a7286c1967e2cc	2684
tests/Images/Input/Bmp/F.bmp	6da008d2b285b2db946e6d4ebf8569b0ddd4a05ef273b38304cb65afccac87b3	65502
tests/Images/Input/Bmp/GMARBLE.bmp	575d176563c98e71ec68ad9ee96e192393ba7a6296b0a27c55a3c1037fc18a96	49585
tests/Images/Input/Bmp/PINES.bmp	e6b6aa7b3f34cf370f7e34912fe5079b8e72cb5475722d658867d1a164957672	61377
tests/Images/Input/Bmp/RunLengthEncoded-inverted.bmp	4113b0ec1a834b902efa18fc8dc050eda1e18f9228cbc6b06b45d6337ad22c88	7278
tests/Images/Input/Bmp/RunLengthEncoded.bmp	37d9fe070ed05309a4baa81acc1e63c690b5a706d238ca200034d17dd53c8bb5	7278
tests/Images/Input/Bmp/SKATER.bmp	2a5d21e7eb2b48e277cd06c884dd98b66c2d036af57a8545316e0c68278bcf21	7242
tests/Images/Input/Bmp/SPADE.bmp	9f97211351e9fd297d81ab5cc359eab8fdf09c821c66458d722e3f3a80dc5e4a	2684
tests/Images/Input/Bmp/SUNFLOW.bmp	8456fc57a11d2d5f53eafc1aa49865db8df615bcbd4ccfd2a78e2ba024b9af2d	51753
tests/Images/Input/Bmp/WARPD.bmp	ad3623de4da91c037866a2a504d5b9c62c48224a1b399b5cbb72fb6b5a5f5230	2363136
tests/Images/Input/Bmp/ba-bm.bmp	5ec70510334952d3fbeae51a9a49d4e50e5afc292a1f9232970a7cf22b1a18fc	9000
tests/Images/Input/Bmp/bit1datamatrix.bmp	3b2288e2a059b15c7855eb141c05e3ce69431e7c3ddef851033f7fd9ca39a2d4	102
tests/Images/Input/Bmp/invalidPaletteSize.bmp	eaea78be2e8e5579e2469400b8d811b125be805459888c3bd390570d21ffeab8	9270
tests/Images/Input/Bmp/issue-2696.bmp	bc42cda9bac8fc73351ad03bf55214069bb8d31ea5bdd806321a8cc8b56c282e	126
tests/Images/Input/Bmp/issue735.bmp	2d4b076196ca2559581b1e64f448b3dcefc78ba38a6f91953b2d7cfa95465d11	1334298
tests/Images/Input/Bmp/neg_height.bmp	81437b88a5d92fcb545fae4991643a0c73d95d0277dac0b79074971780008c8c	6220854
tests/Images/Input/Bmp/pal1.bmp	c631861fa4c4e959d2abc6e0db0106253989b0101223cb08020e116e19c97f77	1086
tests/Images/Input/Bmp/pal1p1.bmp	620eb83715dd99a640b6c61f5337c2f01fd19246d4759a2bc0480b8ee960bf63	1082
tests/Images/Input/Bmp/pal2.bmp	bac6eec4100831e635fcd34a9e0e34a8a9082abdec132ac327aa1bfc7137d40f	2118
tests/Images/Input/Bmp/pal2color.bmp	6ac541592afb207524091aa19d59614851c293193600eacb1170b4854d351dae	2118
tests/Images/Input/Bmp/pal4.bmp	01f7bfaaf5110a404fb68451a860970750c155e5c46e1721fa6b9c500be0ca2c	4198
tests/Images/Input/Bmp/pal4rle.bmp	3c26b6bdd22311e03b1ac0713b0a3b6af5e579bef16694cbea74ae0c4a2599e4	3836
tests/Images/Input/Bmp/pal4rlecut.bmp	e3dcbe1f39144845f339a88c9cbf34adc3e0b355440dbcb13e987aec77bb2137	3610
tests/Images/Input/Bmp/pal4rletrns.bmp	2fcbaa0f387c57ba678ced91dfb2db5b2e544e2ed28a7875459e551b514daf84	4326
tests/Images/Input/Bmp/pal8-0.bmp	5ae0f808fea31352b8667fdaf897d057c7e02483c43d43cd735f92f4f149fe8d	9270
tests/Images/Input/Bmp/pal8gs.bmp	abb09008dc6af0b33db70ed01e4183f946cc90b647bd84b078794b2d97eb9c33	9254
tests/Images/Input/Bmp/pal8offs.bmp	15ad578b6a6253334616b9e7e3a958f827b885eeffac1e3cf7e5247f96aca342	9354
tests/Images/Input/Bmp/pal8os2sp.bmp	e58eb53dcbf1c0920ad5af8d07f576ee794c1c5d051e1d950060ab6f6f253f50	8974
tests/Images/Input/Bmp/pal8os2v1_winv2.bmp	2bfe739377020722872f7fa3ba3ff3ff0daa17f2f202c80e25cf66c4ec30e506	8986
tests/Images/Input/Bmp/pal8os2v2-16.bmp	8085c60533095d9a756009f84c050d01605fc029a980a13d1bdabe943c50de5a	9246
tests/Images/Input/Bmp/pal8os2v2.bmp	e2597b53091d734900068b42cddaed7430261cc5eade32b4f19fd6c2c4568a52	9278
tests/Images/Input/Bmp/pal8oversizepal.bmp	51c89919fc6b85cc11850054ff16bb947c11dead620e35a92e46d7b0fde79faf	9446
tests/Images/Input/Bmp/pal8rlecut.bmp	726c092da72e5412d2e1a0e3d9e35ee3630869e368fd4534c631f53bb5608a11	7980
tests/Images/Input/Bmp/pal8rletrns.bmp	445b856331c5d03054887d6555f56a8882f0aabbe0d59e322d9ff0be7f0eee94	9212
tests/Images/Input/Bmp/pal8v4.bmp	4dc4a9725f4c7b7b8ea1e181d1aee9355fe724dbd949ab562b3b364df9c90d64	9322
tests/Images/Input/Bmp/pal8v5.bmp	65ac4a579189d2fc30b3499b8246f30127e032f35d6cde90335dafe87a1b23c3	9338
tests/Images/Input/Bmp/rgb16-565.bmp	c2ffadac9c1239fb397834415c7b5f85d5c6044bd9c31fa66e23056a19b82b1d	16450
tests/Images/Input/Bmp/rgb16-565pal.bmp	bcf485398db9c92235e5e9a7c20aaf3899ecf00ccdf25680f85e0797df610ea4	17474
tests/Images/Input/Bmp/rgb16.bmp	fcecd482048c853d08255430c5bac462821522683f4429626442580058aa5e5e	16438
tests/Images/Input/Bmp/rgb16bfdef.bmp	3c5d1d67482b769d875b552e6012b80434880f763c9d56a45a94d07bbbe16fba	16450
tests/Images/Input/Bmp/rgb24.bmp	a9c4fbfbf8cb6df8d2d9d1484359d037aebd25078b21137bfd6c69739fcbe2e1	24630
tests/Images/Input/Bmp/rgb24jpeg.bmp	c09aad5b4717408e42d7cdd3d51d884d20be6a69adf73c7afcc47201df051f30	2457
tests/Images/Input/Bmp/rgb24largepal.bmp	62976c8077dddd97b7de7396d70d6aaded717c387a5272f3f6e18bb4abcd5f45	25830
tests/Images/Input/Bmp/rgb24png.bmp	07dcf8ac7fceee50ba5c3d89ece956e14b9bb4ea05f0a2b75f6958150d3d7a03	1210
tests/Images/Input/Bmp/rgb24rle24.bmp	351d358824671a79dc63147a78fc555d46cbee357661674e80c898e133e0b5c5	21432
tests/Images/Input/Bmp/rgb32.bmp	b4c79cb8ffd2f1c096af27f9d82b5feaa0aa2cb049c791e0f6251de0435066e5	32566
tests/Images/Input/Bmp/rgb32bf.bmp	4c1189e3a039b1e5aae6347024684937c495a5736a3c309dc7c2e3c161f89751	32578
tests/Images/Input/Bmp/rgb32bfdef.bmp	54d89660058b6ade17f54d0664b67ced375bbd67db9b89a4ada3addeaab7381a	32578
tests/Images/Input/Bmp/rgb32h52.bmp	9baf23d23b75ad2a641decce0e5b59640b3359ff327eecfa1b888595a6b502d6	32578
tests/Images/Input/Bmp/rgba32-1010102.bmp	3a784719de2d33f8678ea0efb8b52be662e0f126e723150010057cf8fd89e777	32650
tests/Images/Input/Bmp/rgba32.bmp	257e0127fa0ccdb6eb8381338dda0fb692b2ea4d38775f1aed56dfdccaed2ab4	32650
tests/Images/Input/Bmp/rgba32abf.bmp	1d2183466e05c768b5a9d2ce5d132d72db2272bb331c7b27560d24f197f4165e	32582
tests/Images/Input/Bmp/rgba32h56.bmp	12d76fd71a341c80a80a5c0116dea8d7338fe801d8483b594124d7b20ed1d782	32582
tests/Images/Input/Bmp/rgba32v4.bmp	c932d7241122b221ab8f35c427082643ea0241493276c5aef0e64a49b8b55b6c	32634
tests/Images/Input/Bmp/rle24rlecut.bmp	15b84ee3e41934653939197267758e6719da93d017200a7b9e61820b368af04c	16748
tests/Images/Input/Bmp/rle24rletrns.bmp	37caf0742ebc94e4ff73b822052091db543559fa96352b83a3e5f5545999c5f7	20036
tests/Images/Input/Bmp/rle4-delta-320x240.bmp	514d8bafa663017276ce0a91eb90025bd5e0296984c50f0da2f477cd27ff6d68	3686
tests/Images/Input/Bmp/rle8-blank-160x120.bmp	ffb99a2ee179388c1e379492fee83e67d600fbf740fbcfb0a4cf8e4d42a662b3	1080
tests/Images/Input/Bmp/rle8-delta-320x240.bmp	522a154731ea38e4ee29b4f27672b7d881bcfb1f0954fae126e79a27a63d5f06	4646
tests/Images/Input/Bmp/test16-inverted.bmp	474f93277f764b75ec91446fdffb8f290a6073236aed468a65cba5a333707c7d	16438
tests/Images/Input/Bmp/test16.bmp	472193f2506d768c45ec167518cb7da56e0e8707887431db20d1cfa5f61bd235	16438
tests/Images/Input/Bmp/test8-inverted.bmp	407c948e576330f603b3692c3d37248f8df31067f79e424dba6757066c97845e	9270
tests/Images/Input/Bmp/test8.bmp	3551fbb385b6d7d54e2f0372f79e5701ca9215e4efdddb429ec5d7942367107f	9270
tests/Images/Input/Exr/Calliphora_b44.exr	7a6ac7fd879fc2dae646adaa14382aa10e5b8d02634af4668dd04bce09148151	157973
tests/Images/Input/Exr/Calliphora_benchmark.exr	e3368860692927e709365f2d37b92411068e77a0f23624ff57af6089ec69f357	2592888
tests/Images/Input/Exr/Calliphora_float_pxr24.exr	ca6c29eb36395b923298d2bf4ba1f73fd7f081f7b1af2e72b94b92ad2acb638b	226997
tests/Images/Input/Exr/Calliphora_float_uncompressed.exr	926996c647c1c54921db0a623e58e5edeb92b447cb4eceb53b8c0e86fd24f11e	720281
tests/Images/Input/Exr/Calliphora_gray.exr	0a5daadcfd4ff0e45282d39d6c54f9a13651da3fd8841abda580e76661555470	124245
tests/Images/Input/Exr/Calliphora_half_pxr24.exr	927778a73832b5ad68473e46df6be52076d98294271f2cd0ead66691db41b7bf	195063
tests/Images/Input/Exr/Calliphora_rgb.exr	f54e5e57df1b8cdf1b26418d5696dd9cefbd7ed3bf31cdcde06fd9a7bf5e3724	362681
tests/Images/Input/Exr/Calliphora_rle.exr	ccd25a952240a75d9c8b646be5001a2b006c053314e30cdf12e35ac865a31ae2	292545
tests/Images/Input/Exr/Calliphora_uint32_uncompressed.exr	bed68d2e491cad0bdd0fa668ce57328951927d722f130ba7c5c5475f6a3e0d96	289183
tests/Images/Input/Exr/Calliphora_uint_pxr24.exr	fc72685224ba818ac77d914f5e4c91162503f88f775e16b5c745baef6bc7b790	187914
tests/Images/Input/Exr/Calliphora_uncompressed.exr	f54e5e57df1b8cdf1b26418d5696dd9cefbd7ed3bf31cdcde06fd9a7bf5e3724	362681
tests/Images/Input/Exr/Calliphora_uncompressed_rgba.exr	8e9f6b5afa3c10c895ba67b51568295be40c2b1057224437600028487c581291	481899
tests/Images/Input/Exr/Calliphora_zip.exr	a8b8e3b9a74179cb51a7a85031b3d177e109c20a56392804b10873273ff2163e	181871
tests/Images/Input/Exr/Calliphora_zips.exr	9c6962a5b06c677648d5e22ff30ba8a28e7801fffb32259984e23bbaa97061b1	220159
tests/Images/Input/Exr/rgba_uint_uncompressed.exr	0b45345cb1e4539e5298ccce3ccfc0f27b7a469836bfd7aa13c4d9f6c52baa7a	482731
tests/Images/Input/Gif/18-bit_RGB_Cube.gif	5148c8c192385966ec6ad5b3d35195a878355d71146a958e5ef02b7642a4e883	4311986
tests/Images/Input/Gif/GlobalQuantizationTest.gif	c67df4b08561c14054ed911e6cfc99f1fc726b32e2c7a5e2dbb8392e24109b5a	101868
tests/Images/Input/Gif/animated_loop.gif	a8750149c953e9e910472684158c07a2cb551c1f7e95744ab48db1a67f63f342	873
tests/Images/Input/Gif/animated_loop_interlaced.gif	c2bc2f895f03092b1c26381a32b5dd5838aacd3331e07f7e4dae55d5cbb4e149	878
tests/Images/Input/Gif/animated_transparent_firstframerestoreprev_loop.gif	6b0cf18d386dc979fcf853d6a9adac673a2709a8751d31a94930199dededa25f	536
tests/Images/Input/Gif/animated_transparent_frame_norestore_loop.gif	ad7359801fa6ed89fb041de1e88faea856b1028d9f477fdc4eda774df6e5f1ce	685
tests/Images/Input/Gif/animated_transparent_frame_restorebackground_loop.gif	12254f22eeee9eac6babbfbfb34b6ae9302342454fd6677e8c7c9937656cc127	685
tests/Images/Input/Gif/animated_transparent_frame_restoreprev_loop.gif	0cdfba6efea653bb94ede6edd0577ba6af1f7c130307b94903dd94f0f8bbc4f9	685
tests/Images/Input/Gif/animated_transparent_loop.gif	3297987894ba27c2acc6a5c447c3d3a52cc169447b451409535decccc1743e55	536
tests/Images/Input/Gif/animated_transparent_restoreprev_loop.gif	9418561ef2f2307456bb068ecc1a9d5aa02da5e314e7aadd722985e27503926b	536
tests/Images/Input/Gif/base_1x4.gif	56e2409223f140145db2ba405f5562451dc0fa9d4274830fb02bd78d42552162	1620
tests/Images/Input/Gif/base_4x1.gif	24fd7e9dd3c6516ddab7336a30efc5901754b6d43a9d989c6fbb3e06d8944c80	1620
tests/Images/Input/Gif/cheers.gif	b5202bd7af61f7ff689dbb5338eb8d143dc7a90e6d42ac2d9e822bbeb0c1f57e	3083670
tests/Images/Input/Gif/giphy.gif	3f42abd9f3e493a0acd5303ab0d37a6179835c5a14364a1f001abd9d9e906f96	53655
tests/Images/Input/Gif/global-256-no-trans.gif	ce8ed23b4e21328886f5aa7579079123ff6401efdf65e162e565b056ffddab56	669286
tests/Images/Input/Gif/image-zero-height.gif	37248eeb127e43bb002f621409cb6dabaa6b58a62612d26009722c4ae7c83dd6	30
tests/Images/Input/Gif/image-zero-size.gif	518aa6f50b003b76e8b65e798d2a37b6dad7dade96d0a7db73da88eec07efe0e	30
tests/Images/Input/Gif/image-zero-width.gif	4cde31fe4bcc863f70f66c5a57d62647b11512920328fc5658399ef566ebebef	30
tests/Images/Input/Gif/issues/bugzilla-55918.gif	d11148669a093c2e39be62bc3482c5863362d28c03c7f26c5a2386d5de28c339	14551
tests/Images/Input/Gif/issues/issue1505_argumentoutofrange.png	bea0faf09782d0d972e72ad94e53b8ca9c823fd3056fc6a97aba8c43105fcd66	102581
tests/Images/Input/Gif/issues/issue1530.gif	08b33cab34de2622a7d22edff25fe479a5018c2e0fbc65870b2f21ea7901fc61	1844876
tests/Images/Input/Gif/issues/issue1668_invalidcolorindex.gif	712d53330f8774ec4ec73fe8321641e2a457ec4bdef813352940dfc93c83c789	3256
tests/Images/Input/Gif/issues/issue1962_tiniest_gif_1st.gif	3b7b8a4b411ddf8db9bacc2f3aabf406f8e4c0c087829b336ca331c40adfdff1	26
tests/Images/Input/Gif/issues/issue2012_Stronghold-Crusader-Extreme-Cover.gif	97f8fdbabfbd9663bf9940dc33f81edf330b62789d1aa573ae85a520903723e5	77498
tests/Images/Input/Gif/issues/issue2012_drona1.gif	cbb23b2a19e314969c6da99374ae133d834d76c3f0ab9df4a7edc9334bb065e6	10508
tests/Images/Input/Gif/issues/issue403_baddescriptorwidth.gif	c108091ffddd87178378656e37a7e975aa69be56376b9105adbbc14fe8d9a010	707660
tests/Images/Input/Gif/issues/issue405_badappextlength252-2.gif	151d394c7c57a1696fedc32116514b667ad70c4a2c7d34db7c489c17d5755eed	24724
tests/Images/Input/Gif/issues/issue405_badappextlength252.gif	0549f4500693cdf7eac8351d8cd64d1093da9e9eaaed923e8c6f00476e350f43	41721
tests/Images/Input/Gif/issues/issue_2198.gif	48bd8a2992c3aeda920250effb53d4e9aef09c76dc5d0c5fade545ec5ba522a4	1863378
tests/Images/Input/Gif/issues/issue_2288.gif	d38bc98de425322bc0d435b7ff538c170897bfc728ea77ee26dd172106dcf99a	1223216
tests/Images/Input/Gif/issues/issue_2288_2.gif	8919e83c8a19502b3217c75e0a7c98be46732c2126816f8882e9bed19478ded7	811449
tests/Images/Input/Gif/issues/issue_2288_3.gif	d3f0fd68a03e9c1c896e021828f470d9ceeb8f10e1aead230e42e55670520840	958995
tests/Images/Input/Gif/issues/issue_2288_4.gif	0ac8bc8677a1eb4e26161e5255a5c651321ff063892f3caec3f95264aee38057	1971226
tests/Images/Input/Gif/issues/issue_2450.gif	de38adf0b7347862db03ef10f17df231e2985e6f0bfa2eb824d9bbca007ff04e	4107068
tests/Images/Input/Gif/issues/issue_2450_2.gif	af7c04d8a5db464be782aba904ad1fc6168d5ab196fef84314b1e2f6d703e923	29995
tests/Images/Input/Gif/issues/issue_2743.gif	4be51cb9c258a6518d791ad2810fa0d71449805a5d5a8f95dcc7da2dc558ed73	166413
tests/Images/Input/Gif/issues/issue_2758.gif	13e9374181c7536d1d2ecb514753a5290c0ec06234ca079c6c8c8a832586b668	199
tests/Images/Input/Gif/issues/issue_2859_A.gif	50a1a4afc62a3a36ff83596f1eb55d91cdd184c64e0d1339bbea17205c23eee1	3406142
tests/Images/Input/Gif/issues/issue_2859_B.gif	db9b2992be772a4f0ac495e994a17c7c50fb6de9794cfb9afc4a3dc26ffdfae0	4543
tests/Images/Input/Gif/issues/issue_2866.gif	0b2a9e3728c41e1b45d6f865e4692eadbed28dcaec65806e6bda22a9a16f930f	7526725
tests/Images/Input/Gif/issues/issue_2953.gif	4fa4a002b264a41677cc10f115f3572111852993a53ee8cea5f4ec0bf8dec195	40
tests/Images/Input/Gif/issues/issue_2980.gif	b3737a411dde845e20fc151e610434b96fb0a47297341db6f435e1ea64ae789b	507
tests/Images/Input/Gif/issues/issue_3142.gif	982c394dbee297bb3bc5cc532827742260acb6e5aa07e1dca3f0b17e57bc3bbe	386565
tests/Images/Input/Gif/kumin.gif	345556b9a0e064412acc3b2ee87a9226113eb65c0a1791c2f855ac3fa1e6b7ad	868269
tests/Images/Input/Gif/large_comment.gif	1dd294f02004595498918567295a52d1f95243933f7c068ccbcce936a88d1b70	1236
tests/Images/Input/Gif/leo.gif	6ee2bf4404165d534dcbfaebece0eee2a93999c47aec26850a7021b8c5d25f5c	454544
tests/Images/Input/Gif/m4nb.gif	b5b495caf1eb1f1cf7b15a1998faa33a6f4a49999e5edd435d4ff91265ff1ce5	2100
tests/Images/Input/Gif/max-height.gif	8853634077f425f4b2077f4ca0c986e4ac0e549a8601859b0578a3ccbdbdd5d4	405
tests/Images/Input/Gif/max-width.gif	008e2a84afed6c31b6635aa9d8c7ee2176f01a0eb0a04143883a8533d7ca33c9	405
tests/Images/Input/Gif/mixed-disposal.gif	bd7d4093d6d75aa149418936bac73f66c3d81d9e01252993f321ee792514a47a	16636
tests/Images/Input/Gif/receipt.gif	bac212852eee73f3c29f30be0be375e5caccbe86e5f4adfaa8c0a7a3673a91ab	50686
tests/Images/Input/Gif/rings.gif	a7b9b5f5056a8d90134d72b462bf37675ab37aa2551ffeae0072037a0a27ad74	53457
tests/Images/Input/Gif/static_nontransparent.gif	d0a5e1b2f0c5c1763eb950a1d92c5317f048875e04e88dca7f1a966552c2774c	678
tests/Images/Input/Gif/static_transparent.gif	f73f56bbe2206bd1cd8a4625b6a4d61506214b37b61ff3e8194e2030b28abca5	341
tests/Images/Input/Gif/trans.gif	99b20b417a63c30f62fa69a00fa0a76c2cb9848988e5def1b886460a129197f7	13707
tests/Images/Input/Icon/1bpp_size_15x15.ico	846dda605ee23bb641534b272fa57300eacd85038feea5dd1a3f6d4b543a935e	190
tests/Images/Input/Icon/1bpp_size_16x16.ico	029d0438eda83d4d9e087cf79abe2d0234728c37f570de808355c0e79c71be17	198
tests/Images/Input/Icon/1bpp_size_17x17.ico	8db024a49fdd91c9d5d1fc0c1d6f60991518a5776031f58cdafbdd3ed9e4f26b	206
tests/Images/Input/Icon/1bpp_size_1x1.ico	f13d1bbfa5b29bc386270cb492b705eded0825a9eb3a6341f4ea2b3dbe085cd1	78
tests/Images/Input/Icon/1bpp_size_256x256.ico	c1aa37daf2fd65b424c5e13e94bed165328e624584cc5664d73bb4030a1e1f12	16454
tests/Images/Input/Icon/1bpp_size_2x2.ico	18be2a5384812de1bec70733fb0b283a159edc5d0bc03981de8fb3ccddb8911e	86
tests/Images/Input/Icon/1bpp_size_31x31.ico	a3a4e7964e3ed5ca2a98929e2f903a6b969961410aab6a935a0c54fbe716d0c3	318
tests/Images/Input/Icon/1bpp_size_32x32.ico	06a55f8219234e43beec6776fe15a7d6d4ad314deaf64df115ea45f2100e5283	326
tests/Images/Input/Icon/1bpp_size_33x33.ico	82fa82f6b954515eace3cdd6d4681abd149b37354a7dee4f0d1966f516f27850	598
tests/Images/Input/Icon/1bpp_size_3x3.ico	5ff0bf1c415925642d99691a9a9a6b92d9995447bc62ed80b9b0c6d4efdcd19b	94
tests/Images/Input/Icon/1bpp_size_4x4.ico	5853ba73b06e0f2a0c71850011526419db3bd7c76e5b7b2f6b22f748ce919bf2	102
tests/Images/Input/Icon/1bpp_size_5x5.ico	ecd253a6862ec9a9870c8a8a370528b28c22d23247dfc29e09fab65d95b9416d	110
tests/Images/Input/Icon/1bpp_size_6x6.ico	a80c7f8d37dc3997bcd674a5af835cae802cacbf5d65020f0aaae67f70cfc31e	118
tests/Images/Input/Icon/1bpp_size_7x7.ico	00a26274e8563e6378f8bfa4d1aa9695030593a38791ca366cecd3949b0f52af	126
tests/Images/Input/Icon/1bpp_size_8x8.ico	78150aee2f5d5ccd2a172abfe11f1127efb950cb9173e22e380809afb2a94d3c	134
tests/Images/Input/Icon/1bpp_size_9x9.ico	d8cecf833b31208710c1dde1bed3322a95453468a3f4b39afdad66ac9bc5f86b	142
tests/Images/Input/Icon/1bpp_transp_not_square.ico	bd9f41711b53d4e1e915ddb992522b97a981fbe3f4536826f0c66e2d6a3677fb	182
tests/Images/Input/Icon/1bpp_transp_partial.ico	cedcd221abf4b95115f9f8f34f15da456b09e7e56972cced24a99fa56bf8aca9	326
tests/Images/Input/Icon/24bpp_size_15x15.ico	b506403852d936d14975ed9aba1c50ab3873cbbd81afcf38381f8e5e841fafd0	842
tests/Images/Input/Icon/24bpp_size_16x16.ico	8bfa9de0f613e9e82e9037193c4124f87d05ac1390459e2f018da45c16200de6	894
tests/Images/Input/Icon/24bpp_size_17x17.ico	a4cd2ad22e55000a706d365e0a3395f3e4d9a3933c00880d5f12903ac0aed60e	1014
tests/Images/Input/Icon/24bpp_size_1x1.ico	3b20e9a6479c3831b7af75d30bc909ce3046e45384bfd62d7a10ac6816c1c947	70
tests/Images/Input/Icon/24bpp_size_256x256.ico	1175641f39e68bd6cd38b8f64f02510b22c5a642afc7503d357b064163b3d37b	204862
tests/Images/Input/Icon/24bpp_size_2x2.ico	72a1380a306b51ae37eabd3edeb0b134b0f8e8e120e6c64b6b08bd833a9c70a4	86
tests/Images/Input/Icon/24bpp_size_31x31.ico	574b0971908b44334f1f3be79e5b0ff336e74a8b9947b43a295d3a2b86733965	3162
tests/Images/Input/Icon/24bpp_size_32x32.ico	fa45880e5611436fc06de0603481d0a61044e52a1a053961fdda1139bb5660a6	3262
tests/Images/Input/Icon/24bpp_size_33x33.ico	8704a77d6264f6f104e23950099e3d3a4a577787e67c7c39d7925f9d0a347572	3626
tests/Images/Input/Icon/24bpp_size_3x3.ico	81229c27fbc684c0da99b1b04189046d5b9f531ee4111ccc43bde6404dce4f12	110
tests/Images/Input/Icon/24bpp_size_4x4.ico	f7cb620eb83acbf20d308f5c6cb8b0246b8b156cdcc43e39f5809754fd4d5ddb	126
tests/Images/Input/Icon/24bpp_size_5x5.ico	bdf1718e3d9695cdf2552e42219d1e3166ad5a94f53cbb44db4a7222e2a32f9a	162
tests/Images/Input/Icon/24bpp_size_6x6.ico	1e5f3a8f59e297cf67251a89558d4406c4c515c3e3ce7555df4a53ef5420fc38	206
tests/Images/Input/Icon/24bpp_size_7x7.ico	0ee1b5836c9f8c89e9b8c8873f1ad92f7555ed9706f4dc76345a727bf3e9f334	258
tests/Images/Input/Icon/24bpp_size_8x8.ico	b46ca32ddb84074d9140224738480eaa0a6c0dce2dbf2074625add1901c27117	286
tests/Images/Input/Icon/24bpp_size_9x9.ico	7454d6332f4bdba929d610e4a8a232b1443d5a64119de4e69c00e0f03e55e237	350
tests/Images/Input/Icon/24bpp_transp.ico	eb8ea41822350e5f40bac2aef19ec7a4c40561ce6637948b3fa6db7835c1fded	3262
tests/Images/Input/Icon/24bpp_transp_not_square.ico	44b4c79ff497df0e99f55d68d82f59c0d7c2f4d5e9bb63bcc1b5910f4a2853db	1126
tests/Images/Input/Icon/24bpp_transp_partial.ico	f8d109413d7f699b92e9d6a5e2c52d2b5c747f2ca9ff31d326f8d4ec2fd5840f	3262
tests/Images/Input/Icon/32bpp_size_15x15.ico	02b5abd8e15ef2fba1a26cdbdf6e8f66abbbf9aa188404ef911a1d2d02b7b050	1022
tests/Images/Input/Icon/32bpp_size_16x16.ico	50bb07bd12f9b388ba6a3abbb815aaf1c800438e35ec48201269fa23342e5622	1150
tests/Images/Input/Icon/32bpp_size_17x17.ico	6bf4c701d38fc988186e3fcfee6e426ed5a84807b54b91e4ab8c1b12e0794746	1286
tests/Images/Input/Icon/32bpp_size_1x1.ico	f62be892b36609a57c34eb4784dfb6dc82698ecd15709898a6579ee4f21f668e	70
tests/Images/Input/Icon/32bpp_size_256x256.ico	b15f75adc54e70c4751cf9973854f225ef15b12bdaddb5ab00cb9edfd8b386b1	270398
tests/Images/Input/Icon/32bpp_size_2x2.ico	fa859752136cdf055874ae71589f9585aaaeaef804b13ce192991793d9e57e57	86
tests/Images/Input/Icon/32bpp_size_31x31.ico	d5ecf1dc1fdd3dc6cb2fd90b49632b19260e73ad3a6624372d1e9eefc470ed6b	4030
tests/Images/Input/Icon/32bpp_size_32x32.ico	395ccdc596487ed63db4d893d03b6aa24743b37279d896196d8d38e7028415ea	4286
tests/Images/Input/Icon/32bpp_size_33x33.ico	7e8b89c061abcf959b90149585cc34237aad19e1f67c162d62e5adbad4826970	4682
tests/Images/Input/Icon/32bpp_size_3x3.ico	52b7772a9c8fae189abc3cf37d5d24bcdfe94077e6b1cf7be8cc7e0bc6f6bddf	110
tests/Images/Input/Icon/32bpp_size_4x4.ico	2bb0831fab10fb0ff9a0b2b2ea137609a45a6ec3982d594878996eafc32836ad	142
tests/Images/Input/Icon/32bpp_size_5x5.ico	10e2ed5cbacc761f2d467c22a8d72dcc4086b9423c5487ba05826804c642730a	182
tests/Images/Input/Icon/32bpp_size_6x6.ico	1ab79a308d24592557b368f00566999d777e38de385eb6ebabc90d53ac723ae9	230
tests/Images/Input/Icon/32bpp_size_7x7.ico	3799164811b0284535fa90ca60f13e9c0754ca4e8f00d96a83951e91e748d760	286
tests/Images/Input/Icon/32bpp_size_8x8.ico	2a3187750c9313024f983fdfca270f5db2c5d730831adfce0fb19ddac25deecc	350
tests/Images/Input/Icon/32bpp_size_9x9.ico	1ab8bd47cc2d2ce0e9c1a5810b5ccbe3f46e35001114c18f34cbf51ff0566bf6	422
tests/Images/Input/Icon/32bpp_transp.ico	b4f94718304fa41041b8cebad7b76762d410b366b46d620f5599b03a2fa7ba00	4286
tests/Images/Input/Icon/32bpp_transp_not_square.ico	6e3c2061b64df989e8ae68aee993eba5e11d03e23f282f063cc3929ec3ef2b0c	1462
tests/Images/Input/Icon/32bpp_transp_partial.ico	c5bd34021ec302f203c39d038854607d9fe8bcd3133ea57b65ebc6da81aa8a4b	4286
tests/Images/Input/Icon/4bpp_size_15x15.ico	dd1fd73648c1b7acc4aef4e0c4e6672ab7241e47cb52345c4459aa86185f4dfd	306
tests/Images/Input/Icon/4bpp_size_16x16.ico	e5f8547e5e6aae3a2f662fa266d0f78731d310fb051f99dce5693d6adcbfbb4f	318
tests/Images/Input/Icon/4bpp_size_17x17.ico	1fd0286a127371d4b40a5c30c6b221753a711231e386b636fcb07d2f1f92967f	398
tests/Images/Input/Icon/4bpp_size_1x1.ico	313f969c26d12cae6e778563d1c6c9df248c5d28ff657ad5054a280e06573106	134
tests/Images/Input/Icon/4bpp_size_256x256.ico	dcad369c1e56dd01b8644a5903ad25af19cc78047b5e0821546d1171a0ab31ff	41086
tests/Images/Input/Icon/4bpp_size_2x2.ico	11b1142401678412ce8718dd6e943fab05ec7974c7ae36286316e7f4d168f0f5	142
tests/Images/Input/Icon/4bpp_size_31x31.ico	2b19f60f3441b268a19be0f99078d079c4eb416b882118071ad43ceff41ca40b	746
tests/Images/Input/Icon/4bpp_size_32x32.ico	7f0863b486575dca2d5e3ce07da10cb30e039524f17026d9668d75bad780e833	766
tests/Images/Input/Icon/4bpp_size_33x33.ico	64b77f80fb48237a0f9cfbd808289e53ed7a70b107f190c93d76d32342829ccb	1050
tests/Images/Input/Icon/4bpp_size_3x3.ico	f8cb358defec66494d3be4eb01fd7e304edfd04435b4552d51769d0858659686	150
tests/Images/Input/Icon/4bpp_size_4x4.ico	53083ae340dcc04d88acaf9d75a2dc68b23500c294eb3ed4e15e3fba86c5843f	158
tests/Images/Input/Icon/4bpp_size_5x5.ico	e4f1401d87e285b18e6f818dfb00a3fb275e72e2fd4bce6652bfdd74bf9565f3	166
tests/Images/Input/Icon/4bpp_size_6x6.ico	a3fa6bdd6125a9de6d3ddaafd5e62e0435b14c52f82239a6d36d44aaf5a49361	174
tests/Images/Input/Icon/4bpp_size_7x7.ico	c4025a4bd2dde619f950f69d38e042ae38d2a1840d7b00540c372546b5d8ccb0	182
tests/Images/Input/Icon/4bpp_size_8x8.ico	332563676808485aac8e2635baacad3f4d1ce5fc64c6be07daa25962f4fa1687	190
tests/Images/Input/Icon/4bpp_size_9x9.ico	da5169395108194503853db2f431e0d02b98a191a1bf597c31fe269e7d84206a	234
tests/Images/Input/Icon/4bpp_transp_not_square.ico	2dede473b7a427029cdb319ecf04aaf71cf8ce1d806efb65d7e3844ebd1703f9	350
tests/Images/Input/Icon/4bpp_transp_partial.ico	7e0617f49eb057ab0346203e0cd04fd4e93de71053bbbfaa3c9655696b10a80d	766
tests/Images/Input/Icon/8bpp_size_15x15.ico	577c86aa8b78cca86885ed20b702b260150eacf738beb18da28c25bcb01cfdcd	1386
tests/Images/Input/Icon/8bpp_size_16x16.ico	9900b6783aac800836e19890f11fda1bf1d2138dee63403adbc79bf207a71dfd	1406
tests/Images/Input/Icon/8bpp_size_17x17.ico	5b1c214eb0fd9f5b1f1da4ceeb98a3cc0d7b6b02d7ed6aaa5138078e48bf8613	1494
tests/Images/Input/Icon/8bpp_size_1x1.ico	032c11a8e5aaa5f9beb997c83504233b5ad278d3a4e129cd384a4ca62950a998	1094
tests/Images/Input/Icon/8bpp_size_256x256.ico	7aa8f4fc33c541f88318d7c36a5b5e964cb0470c541677790b49b85638c63fd6	74814
tests/Images/Input/Icon/8bpp_size_2x2.ico	6e1c2b72b6ddf0cfedd9e20e5abf3ae3fd19066be811251bb9db404e6dabe279	1102
tests/Images/Input/Icon/8bpp_size_31x31.ico	9a588e6f1031c1c8f0d66b9eef770d01b3f79aaea4203d58ee07255c1c6ee258	2238
tests/Images/Input/Icon/8bpp_size_32x32.ico	6b00ab33cbb42e9f499844e5add713fcc83854cc2cb104d5c9bd04a456662099	2238
tests/Images/Input/Icon/8bpp_size_33x33.ico	e356bb9200375f8fcbc5a0ed70353194a7b1432133e0c61f0b2f03bca3888080	2538
tests/Images/Input/Icon/8bpp_size_3x3.ico	13cccd62e97bbe6cdd6ca5c4bc765794c7babd3638ff4d09b116a62c3c50be56	1110
tests/Images/Input/Icon/8bpp_size_4x4.ico	4343544be11a37083219d99d2dfb4a16b02c309d54223897d6c71503414cc2ef	1118
tests/Images/Input/Icon/8bpp_size_5x5.ico	b7cfdf4a0d696573a4cb5291e3165c98444692f1d03a3cab1630df33c765ecd9	1146
tests/Images/Input/Icon/8bpp_size_6x6.ico	d8d36eb593ee34d22e5ff99a08f2b177dbb92355f85210b2a9e53d7ce9e2cc6b	1158
tests/Images/Input/Icon/8bpp_size_7x7.ico	29050464e324a70bb8a41fb5732b96dbf3bcb36a74ca29775e1f37b07b9ee582	1170
tests/Images/Input/Icon/8bpp_size_8x8.ico	b46ca32ddb84074d9140224738480eaa0a6c0dce2dbf2074625add1901c27117	286
tests/Images/Input/Icon/8bpp_size_9x9.ico	4ddeaa63b1ec9d389c140499e2b5d2e911a57d8f37467696bb9e9ec3e60ec77b	1230
tests/Images/Input/Icon/8bpp_transp_not_square.ico	04a255b4cd43ec7005a9a946c2b3dba57eba709b16be85ef77e553943d35f745	1478
tests/Images/Input/Icon/8bpp_transp_partial.ico	20abca3096b955bc91ed95d194ff3f856473d6d372b5bea0d8c75fd20a231a26	2238
tests/Images/Input/Icon/aero_arrow.cur	06678bbf954f0bece61062633dc63a52a34a6f3c27ac7108f28c0f0d26bb22a7	136606
tests/Images/Input/Icon/cur_fake.ico	6679016e7954e335cef537630d122cc3a7a05cb2f3ef32f72811d724b83d4c28	4286
tests/Images/Input/Icon/cur_real.cur	6679016e7954e335cef537630d122cc3a7a05cb2f3ef32f72811d724b83d4c28	4286
tests/Images/Input/Icon/flutter.ico	c098d3fc85cacff98b8e69811b48e9f0d852fcee278132d794411d978869cbf8	33772
tests/Images/Input/Icon/ico_fake.cur	2d3a3185dcf0a2c3f5d3fe821474f6787c4de7cffe08db6bd730073ad94e7538	4286
tests/Images/Input/Icon/invalid_RLE4.ico	43c543a1c66608a89f0b187afa1526af4be4f7c94265897002b3a150328b964e	86
tests/Images/Input/Icon/invalid_RLE8.ico	b55b3f3f87d9d5801150ffd999c62623528a33d031ca8d6fe665be3328d8c94d	86
tests/Images/Input/Icon/invalid_all.ico	93c4f059ced481667315dd7b90e9c1beed0a42a08f3ff8e51e2388919fafa79a	283
tests/Images/Input/Icon/invalid_bpp.ico	396bfd08531fc0eae8b5e364ef4c62035e8493a3f59286dedbca6f441d8e9690	86
tests/Images/Input/Icon/invalid_compression.ico	f051ed80db684748d2b2669c77b95068e209b2fe2917fa65f6218beef4dcead5	830
tests/Images/Input/Icon/invalid_png.ico	61bc9e74d8fd9f72c8ccaf9a3887c517e17c0a39d9d41acabc3699be545b9703	901
tests/Images/Input/Icon/mixed_bmp_png_a.ico	47adfa4e36adf74ae49cfa481cb54cffe659c09d4b52765e973b6adc8cc31e97	3653
tests/Images/Input/Icon/mixed_bmp_png_b.ico	96338768d8f9c90a6af94268dc55d94809a412c3164c381926b3759ffbf2df79	45693
tests/Images/Input/Icon/mixed_bmp_png_c.ico	e9be0358616581f45eddeaee474c0ce0be8a82279428f5ef1890b2fb6f0c0d27	164189
tests/Images/Input/Icon/multi_size_a.ico	dba75ec62f5785ce5d16c2c5c04637b18ccb164917092373b3d470326e7bc0c4	17542
tests/Images/Input/Icon/multi_size_b.ico	1d7ac6313ee263103f4ab6aa5147b1d85bf5ff792c0980189aac9bfab1288011	99678
tests/Images/Input/Icon/multi_size_c.ico	85e04b807e084bc9a0e1a65289e21ca1baac1e70c3a37fabbea7d69995945f08	202850
tests/Images/Input/Icon/multi_size_d.ico	4a0ce27b63b386c4fdbf7835db738f0e98f274f5a112b7bd45c32dfab93952a0	216804
tests/Images/Input/Icon/multi_size_e.ico	363ff3655e978ffe30a8cefec3bd4202a1ae0a22f3ab48e56362f56a31fb349f	372526
tests/Images/Input/Icon/multi_size_f.ico	04701ce87eb82280a4e53d816a0ac3ee91ebc28b1959641bddb90787015ff4a8	3084
tests/Images/Input/Icon/multi_size_multi_bits_a.ico	a1561795509c9e8dbf0633db9b4c242e72e0ebe4ae9a7718328e96b6b273c3ca	4710
tests/Images/Input/Icon/multi_size_multi_bits_b.ico	8fe15c1a8ca4bae0ad588863418af960fb62def2db4abfcae594de4fc1b2304a	31134
tests/Images/Input/Icon/multi_size_multi_bits_c.ico	c5afa3da7d278c1d2272581971117408c38ec5fe3aaac17e5234f7a8012fd9e2	72513
tests/Images/Input/Icon/multi_size_multi_bits_d.ico	e0754e570ab3a2ce81759aa206fc6e8780fb1024fb20e60dbdb329ee4c0c1831	293950
tests/Images/Input/Jpg/baseline/640px-Unequalized_Hawkes_Bay_NZ.jpg	d1fafc61231325c42d94fe163486a6c5144fb6211ccdceb902d5cb4ddebda9e1	32428
tests/Images/Input/Jpg/baseline/AsianCarvingLowContrast.jpg	50f6359d228079ec5e6ead84046119eda84136026c1651c753e6d270405cd4b7	187216
tests/Images/Input/Jpg/baseline/Calliphora-arithmetic-grayscale.jpg	c5800857969f25773606ecb63154a7fee60b831f13932dc845e50276bac11b16	177311
tests/Images/Input/Jpg/baseline/Calliphora-arithmetic-interleaved.jpg	09bb5d75c3ca9d92d6e6489611f1d9b9815aaec70a16027f4ca17e371aa69e6e	234032
tests/Images/Input/Jpg/baseline/Calliphora-arithmetic-restart.jpg	ad547d0de50d1d623a49dc7794838c6d35372ea3fe4bda06365ff8b42daf65bf	234225
tests/Images/Input/Jpg/baseline/Calliphora.jpg	67172fcab405f914587b88cd1106328e6b24ab59d622ba509dcc99509951ff5c	254766
tests/Images/Input/Jpg/baseline/Calliphora_arithmetic.jpg	09bb5d75c3ca9d92d6e6489611f1d9b9815aaec70a16027f4ca17e371aa69e6e	234032
tests/Images/Input/Jpg/baseline/Calliphora_encoded_strings.jpg	59f76d2935a619d128a63d6bfcd5ce9feec492a7f5175327e47554c90b4ec242	258081
tests/Images/Input/Jpg/baseline/Floorplan.jpg	de00b34b78dfa0886c93d8dd5cede27b4940d5c620e44631e77e6dc8838befc3	161577
tests/Images/Input/Jpg/baseline/Hiyamugi.jpg	ff20d5d0ad75e648b1ea388f65fb41d02bd2a049cd22ef86a4648b357bde94ce	540458
tests/Images/Input/Jpg/baseline/Lake.jpg	b7332d4e0b1d31367e04458d7cb33fd83eac31a8299d59efacd200350ec032d6	206342
tests/Images/Input/Jpg/baseline/Metadata-test-file.jpg	800911efb6f0c796d61b5ea14fc67fe891aaae3c04a49cfd5b86e68958598436	138810
tests/Images/Input/Jpg/baseline/MultiScanBaselineCMYK.jpg	96f29bee2175f34b9637d684f8336bc3e5d2bb2711cef352bc9def6ed4424d04	47443
tests/Images/Input/Jpg/baseline/Snake.jpg	f3d1b46db3b5974820fd2737db3f025d21b09c75aff73fd40ba6535dddf2ad70	165200
tests/Images/Input/Jpg/baseline/arithmetic_coding.jpg	fec7012d9ae52a12c4617fd7526e506feee812fc67e923a76b2ca88c95f7a538	3111
tests/Images/Input/Jpg/baseline/badeof.jpg	781a46b044fd8a8637919481f5dd4426874d5acf22eae2376f853b35a6250628	5770
tests/Images/Input/Jpg/baseline/badrst.jpg	af18f0bf30231d2c4c0e6b80d4636237c2851f67763788de12931fd1960c4ff3	74497
tests/Images/Input/Jpg/baseline/cmyk.jpg	013c1673f618abec6afff4d9b9a69b95e0e8cc1f61aa34993208601c346b5677	2531270
tests/Images/Input/Jpg/baseline/exif.jpg	8a9d04b92d0de5836c59ede8ae421235488e4031e893e07b1fe7e4b78f6a9901	32764
tests/Images/Input/Jpg/baseline/extended-xmp.jpg	000c67f210059b101570949e889846bb11d6bdc801bd641d7d26424ad9cd027f	623986
tests/Images/Input/Jpg/baseline/forest_bridge.jpg	56b3db3d0e146ee7fe27f8fbda4bccc1483e18104bfc747cac75a2ec03d65647	1936782
tests/Images/Input/Jpg/baseline/gamma_dalai_lama_gray.jpg	3d92a88b04518e266b98d9d2f5b4eb88f3f91c332d3397ea859bab8cabc41185	84887
tests/Images/Input/Jpg/baseline/grayscale_sampling22.jpg	a5cc8572082a54944d48b3e4f49e6c441871f6eb2b616fbbbfb025f20e0aeff5	45066
tests/Images/Input/Jpg/baseline/iptc-psAPP13-wIPTCempty.jpg	c7508a28e39026ed8ebc9751138d014450b2f636a343838d8e08dbc7e19ad6df	18329
tests/Images/Input/Jpg/baseline/iptc.jpg	6c8a0747d9282bfd7e8e7f4a0119c53c702bf600384b786ef9b5263457f38ada	18611
tests/Images/Input/Jpg/baseline/jpeg-rgb.jpg	f4630c33d722a89de5cb1834bffa43c729f204c0f8c95d4ec2127ddfcd433f60	10100
tests/Images/Input/Jpg/baseline/jpeg400jfif.jpg	f4fc842ed15a8c451d25f2595d68b533777b19f10748d961ab2b0afcc51bcc07	45066
tests/Images/Input/Jpg/baseline/jpeg410.jpg	318338c1a541227632a99cc47b04fc9f6d19c3e8300a76e71136edec2d17a5f5	9073
tests/Images/Input/Jpg/baseline/jpeg411.jpg	70315936e36bb1edf38fc950b7b321f20be5a2592db59bfd28d79dbc391a5aaf	4465
tests/Images/Input/Jpg/baseline/jpeg420exif.jpg	223f9ca11722e7eccae9eadb158fa2c7bf806ed0aa6ee4390a96df7770035ba4	768608
tests/Images/Input/Jpg/baseline/jpeg420small.jpg	ac2cbbe4e6240cff33468e780eaf3de8a1800e5b8cdce5a9959268c17d566e92	5276
tests/Images/Input/Jpg/baseline/jpeg422.jpg	be21207ecb96bcb0925706649678c522c68bf08ee26e6e8878456f4f7772dd31	3951
tests/Images/Input/Jpg/baseline/jpeg444.jpg	89c632bbc42bc917f81e7c47595c95cb914a619604ac07b8cebf6fd4d1d744ca	5667
tests/Images/Input/Jpg/baseline/lossless.jpg	8937e245885e1f280e1843ad48a4349ec1a3f71f86c954229cd44160aeeaaac4	209584
tests/Images/Input/Jpg/baseline/ratio-1x1.jpg	1e9410c16bc61f08bbc18ae0e0b13181c9c4f57c66e82a7c6e593a57f40756d7	34674
tests/Images/Input/Jpg/baseline/testimgint.jpg	491679b8057739b3c8e5bacd1e918efb1691d271cbbd69820ff8d480dcb90963	5756
tests/Images/Input/Jpg/baseline/testorig.jpg	acc6ec555d41d15b368320edaa3b20958ee6fa97cb6e4a18d1213d5ae8bec73b	5770
tests/Images/Input/Jpg/baseline/testorig12.jpg	34790770f76db8e60a7765b52ca4edf5f16bc21bcb8c6045ca2efef39a8a013e	12394
tests/Images/Input/Jpg/baseline/turtle.jpg	9e5c576b0c5e743cfd498b110305268ecbae63c62061ba6c7eb8e060728191f1	55126
tests/Images/Input/Jpg/baseline/winter444_interleaved.jpg	73b1deb4e2fb8027f6bb4fb293e5b2615c80b3ac0a7f99fd90118fd340a9fd12	283330
tests/Images/Input/Jpg/baseline/ycck-subsample-1222.jpg	ca7c16a2984d14ebc483780d9d1e8c131eca01d89f53512cc7add538c93a38c6	31527
tests/Images/Input/Jpg/baseline/ycck.jpg	33e3546a64df7fa1d528441926421b193e399a83490a6307762fb7eee9640bf0	611572
tests/Images/Input/Jpg/icc-profiles/Momiji-AdobeRGB-yes.jpg	cb8bdcc137efa3e28db69e48612230b3a9fec17267de9ce29757d9bacc181d28	42001
tests/Images/Input/Jpg/icc-profiles/Momiji-AppleRGB-yes.jpg	7129f5485e997b75cff143021522cc8ab94e2c3c1912689bc765ce2b3b937441	72150
tests/Images/Input/Jpg/icc-profiles/Momiji-ColorMatch-yes.jpg	fe7fa60a53893836200c62f34492c7a0c931692dd073dffa4afc49fe3826e433	44446
tests/Images/Input/Jpg/icc-profiles/Momiji-ProPhoto-yes.jpg	bb686b44e3253143a32db890823f63c79026c9ac9badc4ad9de21f6cb2fa2f2a	40703
tests/Images/Input/Jpg/icc-profiles/Momiji-WideRGB-yes.jpg	928b854a9629d1532d37095c4744da6bc2fc986f878a76aea373f69490f4b586	40505
tests/Images/Input/Jpg/icc-profiles/Momiji-sRGB-yes.jpg	faf67048c2b7bd3fb5fa9b69bd53943d63a216ef371c5dc9d062ac443c9d2d34	47434
tests/Images/Input/Jpg/icc-profiles/Perceptual-cLUT-only.jpg	04e552f0bd68bddb40f35c456034b1bf1e590f37e990a28b2fe2e94753bbe685	276191
tests/Images/Input/Jpg/icc-profiles/Perceptual.jpg	74a0931e320ca938d7dc94c4ab7b27a15880732fc139718629a7234f34bdafba	297456
tests/Images/Input/Jpg/icc-profiles/issue-129.jpg	e1728dd548d862ef3f960c82528716e0ad1b8eb0119a5eed4dfde51026d7bb74	2903429
tests/Images/Input/Jpg/icc-profiles/issue-3064.jpg	e02fff450519423fd5746e610d65bd7296553252567e93de9c051250139e8adc	27537
tests/Images/Input/Jpg/icc-profiles/issue_2723.jpg	56dc6400d8f4c42c505ec562e4ade0b23e613b2c16e1666eccbbaa8e997efcc7	766523
tests/Images/Input/Jpg/icc-profiles/sRGB_Gray.jpg	22892d1b7965d973c7d8925ad7d749988c6a36b333b264a55d389f1e4faa0245	36854
tests/Images/Input/Jpg/issues/Hang_C438A851.jpg	580760756f2e7e3ed0752a4ec53d6b6786a4f005606f3a50878f732b3b2a1bcb	413
tests/Images/Input/Jpg/issues/Issue159-MissingFF00-Progressive-Bedroom.jpg	e21cc3c0883b1b8c8e920d61ba1318c88d7fcd8ff7ee7203f0bfac476e21272b	338422
tests/Images/Input/Jpg/issues/Issue159-MissingFF00-Progressive-Girl.jpg	98c5a53bd06e1a2d6c40614c19fbc360f5ed8b16c83da0c3ee295a0a2e080a00	60927
tests/Images/Input/Jpg/issues/Issue1732-WrongColorSpace.jpg	3c72235954cdfb9d0cc7f09c537704e617313dc77708b4dca27b47c94c5e67a6	2852
tests/Images/Input/Jpg/issues/Issue178-BadCoeffsProgressive-Lemon.jpg	0f8b4a062931424bedc6ce9a6b02fb8eec59cd8a386b09a1c7a790a041cbea89	279270
tests/Images/Input/Jpg/issues/Issue1942InvalidIptcTag.jpg	9c9db428c4d9d7d1aea6778f263d8deaeeabdcfa63c77ef6ce36ab0e47b364dd	93374
tests/Images/Input/Jpg/issues/Issue2057-App1Parsing.jpg	7048dee15946bf981e5b0d2481ffcb8a64684fddca07172275b13a05f01b6b63	1631109
tests/Images/Input/Jpg/issues/Issue2087-exif-null-reference-on-encode.jpg	4d41a41180a3371d0c4a724b40a4c86f6f975dab6be9da96964a484818770394	30715
tests/Images/Input/Jpg/issues/Issue2133.jpg	7be837f931a350906f04542a868c3654a35b4f463ec814939aed3d134c7e56fe	1140
tests/Images/Input/Jpg/issues/Issue2136-scan-segment-extraneous-bytes.jpg	b40cd36423a0602515abf411944016cc43169423b31b347953739dee91e15d38	826538
tests/Images/Input/Jpg/issues/Issue214-CriticalEOF.jpg	ab21c74db071f88a600984bf39c6c5d0448433c353b719584f60621d4c21dcb1	35601
tests/Images/Input/Jpg/issues/Issue2638.jpg	208d5b0b727bbef120a7e090e020a48f99c9e264c2d3939ba749f8620853c1fe	70876
tests/Images/Input/Jpg/issues/Issue385-BadZigZag-Progressive.jpg	1052660c765aaad52f7bbad779778b5d15fdc3c92ff4b114c89e579c749c7f6b	388517
tests/Images/Input/Jpg/issues/Issue394-MultiHuffmanBaseline-Speakers.jpg	8e90cf157d8e2599598c1bea1b8e2bf262651b004cc6261d87bbb49bd6131034	257401
tests/Images/Input/Jpg/issues/Issue517-No-EOI-Progressive.jpg	5bef85b47c222ce3f3f5bea302619336290cfeb329537e704c45de939072fd93	2192567
tests/Images/Input/Jpg/issues/Issue518-Bad-RST-Progressive.jpg	efdbe5aae2ebc1841dd58f07bb999b776ebf99f629b81a2c537fdb0f62edddc1	3764739
tests/Images/Input/Jpg/issues/Issue520-InvalidCast.jpg	3fe23e56bf22a220efdc75cb98e7c9a7a5e29ca960be5e5dc5ca3a0a33d8cd2c	7751
tests/Images/Input/Jpg/issues/Issue624-DhtHasWrongLength-Progressive-N.jpg	da574d176b964eba84b5decb1e88a35d425e09975e0bc0ca73e485604179868f	30441
tests/Images/Input/Jpg/issues/Issue694-Decode-Exif-OutOfRange.jpg	1b94a283fbe8927ab59745dd67d0b33e90a253e674e5fe4f0ad7594ff868cca2	226421
tests/Images/Input/Jpg/issues/Issue695-Invalid-EOI.jpg	e748a684c318b7424dd77b008fe92e179201d0a55106021b453a3fd2a22e9ab6	4805575
tests/Images/Input/Jpg/issues/Issue696-Resize-Exif-OutOfRange.jpg	bb22005e1db0f6da8f49ca57979f8b9aa5db7111b717a53e817e24c04283ab43	3196058
tests/Images/Input/Jpg/issues/Issue721-InvalidAPP0.jpg	9775b7b975422d48a192d54dce140c1df19a181da9889eb99ee7d4331078b460	1225163
tests/Images/Input/Jpg/issues/Issue723-Ordered-Interleaved-Progressive-A.jpg	3909297b3b3427e9836906e324ca6de64614f6da6290e2fa9bb1a0280b118f72	42798
tests/Images/Input/Jpg/issues/Issue723-Ordered-Interleaved-Progressive-B.jpg	4db53948af79218d106a7574f7159468fd2831828ae44e33009f57dc9ab9c07b	36937
tests/Images/Input/Jpg/issues/Issue723-Ordered-Interleaved-Progressive-C.jpg	cf1c68bec39d39f9caabbf66cf361078a684cb3ae3a1b30509ad12484cae4783	46799
tests/Images/Input/Jpg/issues/Issue845-Incorrect-Quality99.jpg	4917339488d46f25ef9ffba6bcfe42272fb190808da7c24e7a3d3f31e0b68a8c	2270501
tests/Images/Input/Jpg/issues/fuzz/Issue1693-IndexOutOfRangeException-A.jpg	fbb6acd612cdb09825493d04ec7c6aba8ef2a94cc9a86c6b16218720adfb8f5c	58065
tests/Images/Input/Jpg/issues/fuzz/Issue1693-IndexOutOfRangeException-B.jpg	8720a9ccf118c3f55407aa250ee490d583286c7e40c8c62a6f8ca449ca3ddff3	58067
tests/Images/Input/Jpg/issues/fuzz/Issue2085-NullReferenceException.jpg	d478beff34179fda26238a44434607c276f55438ee96824c5af8c0188d358d8d	234
tests/Images/Input/Jpg/issues/fuzz/Issue797-NullReferenceException.jpg	2c3c6a09c1ed868bb18c7c5038da743a88dbfd10762a2b12260053adf63b376f	381
tests/Images/Input/Jpg/issues/fuzz/Issue798-AccessViolationException.jpg	85a9eabf5b14ff974b91ba9e9b0001eda56365903d92cb4eccc52afc7f2477ab	381
tests/Images/Input/Jpg/issues/fuzz/Issue821-DivideByZeroException.jpg	44f42f4b5c0491b7e8f5fe4b6a580c99bc5246cfe95238c601c75a7c5926e4b1	397
tests/Images/Input/Jpg/issues/fuzz/Issue822-DivideByZeroException.jpg	15107f755765118c8a1afac4a58f2945b3bd503ddabcc5b831219d1a159209d9	397
tests/Images/Input/Jpg/issues/fuzz/Issue823-NullReferenceException.jpg	0aa96e68b91b56c4a6536e421e9a87a8388d1f205c3e1c3f7fd8f954a547fb26	397
tests/Images/Input/Jpg/issues/fuzz/Issue824-IndexOutOfRangeException-A.jpg	19f76ba0a41511f384118214395f6f0911909b2e2304b7b2caf464e512c59006	397
tests/Images/Input/Jpg/issues/fuzz/Issue824-IndexOutOfRangeException-B.jpg	9b75a87a3beb879c04bfac9ff5b2f11d939ac579d4d5e04fcc912ac95d38101e	397
tests/Images/Input/Jpg/issues/fuzz/Issue824-IndexOutOfRangeException-C.jpg	0ee6b88dad441210f443cad24c6edba460fcc26404fcbbf0c134f9ccb3e92b0d	397
tests/Images/Input/Jpg/issues/fuzz/Issue824-IndexOutOfRangeException-D.jpg	3d17827181a497a5e0ca78d41347385f329eaa7fe25e8adb7cd7842ae1a656c8	397
tests/Images/Input/Jpg/issues/fuzz/Issue824-IndexOutOfRangeException-E.jpg	617a0b15d8ddd07cd8c1d9a2e9fb1d09fa1b4756db7b91c5fbe1de233787ea1a	397
tests/Images/Input/Jpg/issues/fuzz/Issue824-IndexOutOfRangeException-F.jpg	4834f4b8274e32ed44872a5365dd3cedd219b58538af592abf1692698afb3a95	411
tests/Images/Input/Jpg/issues/fuzz/Issue824-IndexOutOfRangeException-G.jpg	b0d3d7230934adb7f44875cfba7ce1688a10093e322712dc7fb2f2f07dfb93c6	308
tests/Images/Input/Jpg/issues/fuzz/Issue824-IndexOutOfRangeException-H.jpg	1478c189574a9c5f9492ae1f9ea2093a74255299d0f293d7fe9c41a76be381e3	308
tests/Images/Input/Jpg/issues/fuzz/Issue825-ArgumentOutOfRangeException-A.jpg	c095034c82addf710d5d9127447b894bb052642800c40b803517547c0b316054	397
tests/Images/Input/Jpg/issues/fuzz/Issue825-ArgumentOutOfRangeException-B.jpg	b12df8907f0a9a0a89ac24ff73db43d8e85d47558a20cb186764cc0533bdb214	397
tests/Images/Input/Jpg/issues/fuzz/Issue825-ArgumentOutOfRangeException-C.jpg	78ca8307aaacd980939be0002210dacbe09e133a8249f0d671e89f45b229abc0	397
tests/Images/Input/Jpg/issues/fuzz/Issue825-ArgumentOutOfRangeException-D.jpg	c6dba5ec29565cbc9a70b0ea70fe03409d73cfef6af9a8519b579bc4947252bf	380
tests/Images/Input/Jpg/issues/fuzz/Issue826-ArgumentException-A.jpg	dfd61ccf7df77b9eff15bca98fad4df0eef095c8c8ca690344fc459d9706a50c	397
tests/Images/Input/Jpg/issues/fuzz/Issue826-ArgumentException-B.jpg	60a198357053526cbfc0fd9fc90d8690cdc72b9b75e88a926d6e7b7664a89343	397
tests/Images/Input/Jpg/issues/fuzz/Issue826-ArgumentException-C.jpg	38c6415405ac1303d359a0327a3b2517e7bad99df9fd3c0f4cbae979be56f0d7	409
tests/Images/Input/Jpg/issues/fuzz/Issue827-AccessViolationException.jpg	0e7282c0dbea030f2e18eef12685dc17fa37b03e0f67cf71d8917106d470b94f	397
tests/Images/Input/Jpg/issues/fuzz/Issue839-ExecutionEngineException.jpg	b37ac1cc34680db9721542ef5354f7509860afd37888a24f6350f29f5b63eea1	397
tests/Images/Input/Jpg/issues/fuzz/Issue922-AccessViolationException.jpg	52fc6235c184f33d2c817d65f737e2dfe695615ebc79589d8d3d78f6a0af0469	1768097
tests/Images/Input/Jpg/issues/issue-1076-invalid-subsampling.jpg	1507746a6c37697cb985fc7427709fd68478ff7cbdfe20f6cfbe7257ed6c7ccd	39149
tests/Images/Input/Jpg/issues/issue-1221-identify-multi-frame.jpg	93f5c637aca626a04471ebc990edf9e8d47896db60618cfb7c5360891071709a	2263840
tests/Images/Input/Jpg/issues/issue-1900-malformed-unsupported-255-components.jpg	f3553f76b72b98986df13a7508cd073a30b7c846dc441d1d68a518bf7b93bc66	3951
tests/Images/Input/Jpg/issues/issue-1932-app0-resolution.jpg	3654c48003b85c1110bad8c31d2f94eaf4dcfe488698246b3ead4b54715d8d18	1325
tests/Images/Input/Jpg/issues/issue-2056-exif-null-array.jpg	4c52500be37a8ea1ee1caeb78c79e44b02e10912df4f6db65313c6745573c8ee	250451
tests/Images/Input/Jpg/issues/issue-2067-comment.jpg	d87b5429adeffcfac535aa8af2ec9801bf6c965a2e6751cfec4f8534195ba8f4	21082
tests/Images/Input/Jpg/issues/issue-2315.jpg	f129b057efb499d492e9afcffdd98de62aac1e04b97a09a75b4799ba498cd3c1	319056
tests/Images/Input/Jpg/issues/issue-2334-a.jpg	75d7e645cc359340a0a77f13c842551dce8f82773d2eba18bf18b149dcf9a2ff	411155
tests/Images/Input/Jpg/issues/issue-2334-b.jpg	ad6725bfa405454f6fb524dd632a53367f8853fd4a68705c773f0aeef068f7b3	159229
tests/Images/Input/Jpg/issues/issue-2478-jfxx.jpg	6bd5d14cbbead348404511801d7a2bacab19174e9f4063b5d2cec96f28fd578e	300170
tests/Images/Input/Jpg/issues/issue-2564.jpg	08f215c777b6fe8e315f18b7f93611c90fa86fefb8e3d37181890afb3068d8bd	939150
tests/Images/Input/Jpg/issues/issue-2758.jpg	f32a238b57b7073f7442f8ae7efd6ba3ae4cda30d57e6666fb8a1eaa27108558	1412
tests/Images/Input/Jpg/issues/issue-2857-subsub-ifds.jpg	ab45137ded01a42658aa94421165a358b184a536b6ab64427d8255e8d78c25b9	2829977
tests/Images/Input/Jpg/issues/issue-2948-sos.jpg	ad9c3a6babb41c5aa2a46fbfe74ed5482028c73f48531cf144e1e324ca7988b3	103789
tests/Images/Input/Jpg/issues/issue1006-incorrect-resize.jpg	90079722b2763f64ff7a47889a7775c9b63ed92239aeff4df437bd1b5a5ab540	618142
tests/Images/Input/Jpg/issues/issue1049-exif-resize.jpg	1f313e48c5b9d4d1af2df44057970f03ddafc809862d14e8593f3e1fc0aef2c1	718443
tests/Images/Input/Jpg/issues/issue2517-bad-d7.jpg	650a933db9c4f76fa3e6a8ed35d061a5740c613acd1026d99461eb014d8947b2	179015
tests/Images/Input/Jpg/issues/issue3118-multiple-sof.jpg	29d9073bc60cb8f5965993654ec5a949cdbacebe6365db9831ece860095ca85f	11541050
tests/Images/Input/Jpg/issues/issue750-exif-load.jpg	f0919126bfa5be74782e6db4bd8fb82c6211ea2cca1f6b76cfa9cee7fdd418ff	36885
tests/Images/Input/Jpg/issues/issue750-exif-tranform.jpg	14bd38b41f94e86c56ebc3b1612ced04fa4741982d916e01d6e3bf75e6c80f26	5587341
tests/Images/Input/Jpg/issues/issue855-incorrect-colorspace.jpg	fabf628f032dce427a6a0e0f252404d66dc4ce2cd7ee2d7ec72a1fbe79c625d0	142656
tests/Images/Input/Jpg/progressive/BadEofProgressive.jpg	22697fcab865bda38c760c6402382bffd47dccdef34d93ce5f8ae63f9b7918aa	67503
tests/Images/Input/Jpg/progressive/Calliphora-arithmetic-progressive-interleaved.jpg	bd688e22840892d7fd511782f3ff7043df1a3131fb17b000c6a3ca1d0e069950	228527
tests/Images/Input/Jpg/progressive/ExifUndefType.jpg	6c8f3a1392c59bd60a71c689e04bc028a5b6dc7051edbb17cee2e48d91245f98	6582
tests/Images/Input/Jpg/progressive/Festzug.jpg	06239c321880733aad329338a647b565bf7321d74523ea3fc3b6ced45d7b2058	49977
tests/Images/Input/Jpg/progressive/arithmetic_progressive.jpg	3af237c172248d39c7b82c879de3d162e4dafaf36dc298add210740843edd33f	3129
tests/Images/Input/Jpg/progressive/fb.jpg	93bb4d6281dc1e845db57e836e0dca30b7a4062e81044efb27ad4d8b1a33130c	15787
tests/Images/Input/Jpg/progressive/progress.jpg	a9a1f0da3c5b3a3e7e7f35abe9f5b458163b48ca56226227b3d3cffe06af1971	44884
tests/Images/Input/Jpg/progressive/winter420_noninterleaved.jpg	d377b70cedfb9d25f1ae0244dcf2edb000540aa4a8925cce57f810f7efd0dc84	234976
tests/Images/Input/Pbm/00000_00000.ppm	3b291c0d3a0747c7425a3445bea1de1fa7c112a183d2f78bb9fc96ec5ae9804e	2623
tests/Images/Input/Pbm/00000_00000_premature_eof.ppm	39cf6ca5b2f9d428c0c33e0fc7ab5e92c31e0c8a7d9e0276b9285f51a8ff547c	69
tests/Images/Input/Pbm/Gene-UP WebSocket RunImageMask.pgm	38c6aadba17548dbe6496de2c81c3cb719d2330499c3cf7d4237e78dec098e53	614417
tests/Images/Input/Pbm/blackandwhite_binary.pbm	0313a99c2acdd34d6ba67815d1daa25f2452bfada71a1828dbcbb3cc48a20b20	48
tests/Images/Input/Pbm/blackandwhite_plain.pbm	12ccfacadea1c97c15b6d192ee3ae3b6a1d79bdca30fddbe597390f71e86d59c	367
tests/Images/Input/Pbm/grayscale_plain.pgm	08068b4d30f19024e716176033f13f7203a45513e6ae73e79dc824509c92621a	507
tests/Images/Input/Pbm/grayscale_plain_magick.pgm	ec652ee7ea1a82d8ea2fd344670ab9aee2c2f52af86458d9991754204e1fc2bb	464
tests/Images/Input/Pbm/grayscale_plain_normalized.pgm	e39342751c2a57a060a029213fd7d83cb9a72881b8b01dd6d5b0e897df5077de	599
tests/Images/Input/Pbm/issue2477.pbm	d625635f7be760fbea935056c0f6d046832dd74bba33a1597b52ab3dfe0c5e4e	4956
tests/Images/Input/Pbm/rgb_plain.ppm	895cd889f6723a5357936e852308cff25b74ead01618bf8efa0f876a86dc18c1	205
tests/Images/Input/Pbm/rgb_plain_magick.ppm	7f38a31162f31e77f5ad80da968a386b2cbccc6998a88a4c6b311b48919119a1	149
tests/Images/Input/Pbm/rgb_plain_normalized.ppm	59be6295e3983708ffba811a408acd83df8e9736b487a94d30132dee0edd6cb6	234
tests/Images/Input/Pbm/rings.pgm	8b5382e745e0447f13387ac02636b37baf3b4bbd3bc545177d407fd98a7cbe17	40038
tests/Images/Input/Png/AverageFilter4Bpp.png	7add6fba794bc76ccea2ee3a311b4050cf17f4f78b69a50785f7739b8b35919e	181108
tests/Images/Input/Png/Bike.png	66188aa1e0b12e35598a3f1d7abf17aaa2a48b66eb030de5a6e7416237420030	292942
tests/Images/Input/Png/BikeGrayscale.png	6c1030c7587bcfea910ac3e7e111f30b3c15366ff4e06f9f2fc81865e9d4124d	84783
tests/Images/Input/Png/Bradley01.png	d7eddc690c9d50fcaca3b0045d225b08c2fb172ceff5eead1d476c4df0354d02	25266
tests/Images/Input/Png/Bradley02.png	a73ebf6e35d5336bdf194d5098bcbe0ad240bbd09cd357816aacb1e0e7e6a614	26467
tests/Images/Input/Png/CalliphoraPartial.png	1ddd702463bf22e52cdf185c0c9c98f97531ffce67700ec48a391f5a9d8f2c97	331346
tests/Images/Input/Png/CalliphoraPartialGrayscale.png	52ad4d68de5759444b46d9ba2dc9f023f09409cc31d839ceb069e2082b8debe0	98190
tests/Images/Input/Png/InvalidTextData.png	78ce7b4b15fc97d3e5b136510de941af9d807b10ce92320da65eb801712e6440	383
tests/Images/Input/Png/PaethFilter4Bpp.png	8b2b0a1190854577d5181fe40af61c421d615a1a2727cf9be5ebe727eaafd00d	8624
tests/Images/Input/Png/PngWithMetaData.png	a37d2d31c2148b94bfd732c8964808dcc2dcdb6d2c187bb5d0403dc09af9ab46	60544
tests/Images/Input/Png/SnakeGame.png	b6d874f98a08647047ecfc015b39f035ff863713699263251114690be6283a2d	6958
tests/Images/Input/Png/SubFilter4Bpp.png	053fac72ff62c66dacb41a6251efa249d5b31567e0222efbf5b1bef912c0bf77	13013
tests/Images/Input/Png/adamHeadsHLG.png	8c50691da3b3af21ff4f8fc30f1313bc412b84fb0a07a5bf3b8b14eae7581ade	201440
tests/Images/Input/Png/animated/12-dispose-prev-first.png	28138dd4a4ad56f86c18216b051b96a1bb353b69ebd85ce272928b085bb84400	371
tests/Images/Input/Png/animated/14-dispose-background-before-region.png	e3d4ba499c333a600dd1e42f374a9a68fb783b0f3274091ab34f5b395462eae8	327
tests/Images/Input/Png/animated/15-dispose-background-region.png	6db2a90911b40067b7f35b01869115f081858ee15b28374e57c51c7e5c0cb524	492
tests/Images/Input/Png/animated/21-blend-over-multiple.png	2b571f7034ef1fb355182cf00fa6ccd7d784720709f229e3bcc5948abf2f81ee	28791
tests/Images/Input/Png/animated/4-split-idat-zero-length.png	3e0ffdbe7dc6dad05dfc4cacd712b76c1121cd7378671212ae000d76c07b1a4e	273
tests/Images/Input/Png/animated/7-dispose-none.png	1abab0c7de5252a16da34777ff34c4a29c6000493d23ac1777cd17415e6aab33	617
tests/Images/Input/Png/animated/8-dispose-background.png	8f26f544d5f7f0c8d4448ca020c93f79b64e1d607c7c561082bc989ca2e91fad	572
tests/Images/Input/Png/animated/apng.png	7c15e4670da1826d1cc25555bd6cbe287ecc70327cd029a7613334a39a283021	2508
tests/Images/Input/Png/animated/default-not-animated.png	647d484c8f320b55824b9219270524df3edc434a4793e1627e0ee14af8d6e4f8	1689
tests/Images/Input/Png/animated/frame-offset.png	3c019073841b48b02cb07c779fed8654c6052aee700e7620d07f5d775d97088f	2156
tests/Images/Input/Png/animated/issue-animated-frame-count.png	af4e320f586ab26c55612a7ccfc98a8c99cd6a0efe8a70d379503751d06fe8bd	51542
tests/Images/Input/Png/banner7-adam.png	5eb7d02dfce0821a5210ed69c887516a39089baca2989252afd712e41e656586	16488
tests/Images/Input/Png/banner8-index.png	6398956c686a1e280c5d29d8301aebee7269296598cebb01454ba0c9e7f279bc	2327
tests/Images/Input/Png/basn3p01.png	c2d7cd682df5f74506b33a5d70c344aaee248fda79fdfef8e873426fd6f2b75b	112
tests/Images/Input/Png/basn3p02.png	0466bb7ed9984cf03b70704564bcffab1df8ec0e8167473ba0f75e4fedce5a8f	146
tests/Images/Input/Png/basn3p04.png	e1fc7be978d3149b98533d0076245ae64353b7967290f4204c1282ecb4ec1aba	216
tests/Images/Input/Png/basn3p08.png	d58256cd2eb16b5740d4c1403d25ce43d8dd03e270627ab709d2fb141e3d904c	1286
tests/Images/Input/Png/big-corrupted-chunk.png	6684985456687682d74b63ad8ef7983f2d6b593a6edc243b1a21c6a64cccf34a	9195
tests/Images/Input/Png/bike-small.png	2fb48e3c495d7834df09a17d6a6cadbce047a0e791b0cb78ca3a6d334d309b13	75628
tests/Images/Input/Png/blur.png	10df946d3d6a9832bacd9ac2587b890c348d17731412c8fd17c34f66f35d9c94	183768
tests/Images/Input/Png/bpp1.png	364e9fac6467570afe2f23e432d4f7df10dd2dd53920d4f2c743ac0f8519f1e0	4403
tests/Images/Input/Png/cgbi/clocks.png	cc462d8c2697060cde9a2e975ffb828d822ee3b0d4d12e3c5f081114176c036b	389981
tests/Images/Input/Png/cgbi/colors.png	4f34436f755e3c6d15341f29c992331045ae16ad413144ca798ede5c085c8e6a	12853
tests/Images/Input/Png/cgbi/flecks.png	6be7b478594ba5e4d37bc135c881c0a16cf1c804fece5440bab997c7b69182f1	187703
tests/Images/Input/Png/cgbi/screen.png	2e9bfbac37a57b71fa27b38b21314bd49dbe1cb19a2eb9d0f272ec7be3b72a33	94834
tests/Images/Input/Png/chunklength1.png	7b9957a86738acc0b682618a6677c8d659614cd6be5728e85185aef314c21981	149591
tests/Images/Input/Png/chunklength2.png	b508f05da9f50edd87ed387abc8222620682ef2f59f036fd66ac7cbaf95ffe44	12181
tests/Images/Input/Png/colors-saturation-lightness.png	bccb0284da98a4edd0a6262ac6a608e252f88c7c63321098b24e9cc11d7a201c	146402
tests/Images/Input/Png/cross.png	0677fbb7f1bd8dd19e8bd7ee802e07f3600193dafbfccf89f43e64e4fdf02d8f	15227
tests/Images/Input/Png/david.png	0e7e3b46a2f62251950f8c17f94c9d9a434ae643a98c058679644b5a0c5633b6	27218
tests/Images/Input/Png/ducky.png	0c2ea23adc981b8efba267c636b71190e74f798576467f26ed5cb4334a7ae421	40960
tests/Images/Input/Png/filter0.png	0fe92b2aa2da04c885d1dbd85c834716f6cdd946364d97dcd597bb79d9e14427	2475
tests/Images/Input/Png/filter1.png	ef072ec6815ebf9b33e0553d2e4e4e7ed6911860a2512c67bcd10a9f0f09b9de	1180
tests/Images/Input/Png/filter2.png	ca4b937b3c587d5c007f193a2eec14dc96b0d23ff7d6aa9004e3badd1af9fe8f	1729
tests/Images/Input/Png/filter3.png	2d101e3ef4f78a69437034671e93fe11faac0cfc4d44210dcca1b944caa886f7	1291
tests/Images/Input/Png/filter4.png	c365c24153cb69fd3c162f00b296ae23a71a1595645d1aeb0ad23af680d7b4be	985
tests/Images/Input/Png/filterVar.png	8ac0f095d2a943157e820fa121bccde08d5230af1b5830c3041d5f4da3524eba	426
tests/Images/Input/Png/gray-1-trns.png	cca88b334de7037abfacd9d87c2cb8eec7391f355c1d6b4a694fc4240f358ee1	366
tests/Images/Input/Png/gray-16-tRNS-interlaced.png	8367d01b7d0f926f6c89d6e545735a50cd35815ba7c13367ad5b0489069bd735	1448
tests/Images/Input/Png/gray-16.png	f150b76c824e4870322d6564a214a8ef00b4b100d5fd6f5ba551f6f242005bcc	684
tests/Images/Input/Png/gray-2-tRNS.png	c36d10c8498bbe148bc44d41e0243137e47b07402dfb8e58978d1a9b5029cabc	265
tests/Images/Input/Png/gray-4-tRNS.png	217248c079a0ed7896803a2bf5d9719b6060ef898314a5f6ab898c6c4349f341	267
tests/Images/Input/Png/gray-8-tRNS.png	6e14dce9350fc40f7ee542d1dc788fbf6c1c0178515ea8b76ffa0b18bcf54e8a	267
tests/Images/Input/Png/gray-alpha-16.png	dc3444bd2457c7c3414359bed6f05d1a5b84c08186b3b54a9ab4a4c503775f63	859
tests/Images/Input/Png/gray-alpha-8.png	c0e327f49e2b0deda69811cdf20d36f2ff54f9335e11647755ad4473a6f1408a	684
tests/Images/Input/Png/gray_4bpp.png	e7c6d6cbd959e84001e559702c31e313d065c9cc25808c190c4d4a1f564d4357	7396
tests/Images/Input/Png/icc-profiles/Perceptual-cLUT-only.png	0c734cacc2c6e761bab088cac80ef09da7b56a545ce71c6cced4cac31e661795	119811
tests/Images/Input/Png/icc-profiles/Perceptual.png	208a325dedea4453b7accce1ec540452af2e9be0f8c1f636f1d61a463eb3a9ae	123151
tests/Images/Input/Png/icc-profiles/sRGB_Gray.png	c64e0f6cc38750c83e6ff0cf1911e210c342900bb2cd6c88d3daed30c854e863	4531
tests/Images/Input/Png/icc-profiles/sRGB_Gray_Interlaced_Rgba32.png	4fc63cea5de188e76503bde2fce3ff84518af5064bb46d506420cd6d7e58285b	7237
tests/Images/Input/Png/icc-profiles/sRGB_Gray_Interlaced_Rgba64.png	64343871be4ad61451ef968fa9f07c6a11dee65d0f8fd718ae8c4941586aa60c	8227
tests/Images/Input/Png/icon.png	18f1eb7c5019153f4a0b2de90e7e0f0521193f003fabd6ac31c2f58c2562ae42	4040
tests/Images/Input/Png/iftbbn0g01.png	1eea6f2448e9d3f4365b34d1f849c057c7199564f18cecad07c3a362926b11db	214
tests/Images/Input/Png/iftbbn0g02.png	82324d48b769628d4d8a4b6e7830c6d7dc778e5656d6e1e7556f4e53737a1dfc	211
tests/Images/Input/Png/iftbbn0g04.png	47d393150de4cec7152f1ed61ea25bca9de628865e37ad735e7f162c58340916	489
tests/Images/Input/Png/indexed.png	65566cde707c02757a26fb5fb7702be9c53f55c17a1748d81c384559de2d1173	33529
tests/Images/Input/Png/interlaced.png	21d34b50acf6bf71c68673585a298b8ddce3a908a46c38a6be9530487ebab8dc	17949
tests/Images/Input/Png/iptc-profile.png	ae7f5d11145762b6544b3e289fc6c3bcb13a5f4cd8511b02280da683bec4c96e	448011
tests/Images/Input/Png/issues/Issue_1014_1.png	e986d0ff909fc92b0f325c6012ca4123674b239c54647bbdf3fc0c7ace3e4327	3965
tests/Images/Input/Png/issues/Issue_1014_2.png	e042b3aa6c17db70a9fe7fda4fae1c90388d32480ac44e9f87341279c845fd11	6626
tests/Images/Input/Png/issues/Issue_1014_3.png	6ca6190682c99ec1c00fe2bac7fee86902bcf8a2db43a781452bf137eb1b962a	4157
tests/Images/Input/Png/issues/Issue_1014_4.png	03c6ee008225ac18f2966842772d5afa64e318f41b552c3d63d1a9fdd3544eff	3328
tests/Images/Input/Png/issues/Issue_1014_5.png	1163cd03933f2b23e1ae27baa848a5c2d3f41f0b3457a33dd9523c40e610076b	4085
tests/Images/Input/Png/issues/Issue_1014_6.png	c60f7be42794764f970149dd967bcd15c2f7f783b82a3edf528e7556eeb6c806	2114
tests/Images/Input/Png/issues/Issue_1047.png	4768d4bc3a4aaddb8e3e5cbff2beb706abacfd5448d658564f001811dafd320a	44638
tests/Images/Input/Png/issues/Issue_1127.png	9913e68387bb596198089315ffd8e01d27356493f78b26add68b5cf37183b239	13855
tests/Images/Input/Png/issues/Issue_1177_1.png	cef2be6012f4604f9f30b51273661058df0201be4de508235f372eb2304b2132	7023
tests/Images/Input/Png/issues/Issue_1177_2.png	7067af724977e1ecd8fc761f50226eaaa9e9d4142be963b4edbbf0918b8eba1d	57125
tests/Images/Input/Png/issues/Issue_1765_Net6DeflateStreamRead.png	86ea14567bcd259d76dc782ee366c23a5755714c6d48f636524b23e75b89e5b6	775275
tests/Images/Input/Png/issues/Issue_2209.png	58eae3863a2107bf3359a87492bc95524b54dd091683e333ac73d76f229a1f71	621275
tests/Images/Input/Png/issues/Issue_2217_AdaptiveThresholdProcessor.png	0516beb3860c464e9d7bb2e9da678f0ef9bdb5643eeb1675323d5693546c6646	251
tests/Images/Input/Png/issues/Issue_2259.png	45b635fe3104e96b7c6d8fa9d28f7fb86fb184c7a407c44a2f90f3f88c140ef0	6037
tests/Images/Input/Png/issues/Issue_2589.png	f7e87701298da4ba0a5cc14e9c04d810125f4958aa338255b14fd19dec15b677	62662
tests/Images/Input/Png/issues/Issue_2666.png	ed7665cdfd5fad00c5995040350a254b96af6c0c95ab13975f2291e9d3fce0f3	8244837
tests/Images/Input/Png/issues/Issue_2668.png	e8e5b2b933fd8fefd161f1d22970cb60247fd2d93b6c07b8b9ee1fdbc2241a3c	390225
tests/Images/Input/Png/issues/Issue_2714.png	9a4b6efc3090dbd70ae9efe97ea817464845263536beea4e80fd7c884dee6c5a	128
tests/Images/Input/Png/issues/Issue_2752.png	2d4cb44eea721009c616de30a1f18c1de59635de4b313b13d685456a529ced97	5590983
tests/Images/Input/Png/issues/Issue_2882.png	cebc98e62bcfe31df73ae7b6980382f4b56bdf7e7e6e9037946f5a84cb51c7d2	1117
tests/Images/Input/Png/issues/Issue_2924.png	fd366a2de522041c706729b01a6030df6c82a4e87ea3509cc78a47486f097044	49376
tests/Images/Input/Png/issues/Issue_396_dragon.png	203aca58e0aa19cbb7ab0820ef55005af830bf4c9bfd1dd4d9967c7e1bc1d51a	494160
tests/Images/Input/Png/issues/Issue_396_hand_1.png	4ab791784ac46f9e50a63bd255f39ff8af236a922aab3510a29b473bd93bffd5	16295
tests/Images/Input/Png/issues/Issue_396_hand_2.png	dbf54bcef6730b68b18770105a15448f984aaca6910693d4e65106a526af58d8	17756
tests/Images/Input/Png/issues/Issue_410.png	fe3c66fb0f52b989f7398bc6bcaa18e83625120a53b4972023705a7a5925eab1	674
tests/Images/Input/Png/issues/Issue_935.png	6a9c5cdacc9bedf481c883828de5bfb7902e2bec038fff08830171cf7075e4f9	870
tests/Images/Input/Png/issues/bad-ztxt.png	132a70cf0ac458a55cf4a44f4c6c025587491d304595835959955de6682fa472	3913750
tests/Images/Input/Png/issues/bad-ztxt2.png	778a5fc8e915d79e9f55e58c6e4f646ae55dd7e866e65960754cb67a2b445987	93
tests/Images/Input/Png/issues/flag_of_germany-0000016446.png	64633823874512ff9f37bd321184d548816e97b8898622ae7d912b59f3099a35	16446
tests/Images/Input/Png/issues/issue_2447.png	52f7e55f812db926d95ac1ab0c3235fbaca53331b99f73e65f3c1c2094503e20	15824
tests/Images/Input/Png/issues/issue_2469-i.png	d4e0da0601ca5f479684359633c4dbd82881a35631d63477c01e8fd180e31482	2521324
tests/Images/Input/Png/issues/issue_2469.png	2be3ee00b78810d74f20a8b1c9ea3d68d8ec0560506dcccc8acda741d7c1251a	2392860
tests/Images/Input/Png/issues/issue_3000.png	f33e2f343140b01d9c5c913f4ea695748e3a93df145bc0bf2f73763f2d24cadc	385
tests/Images/Input/Png/kaboom.png	b8d493f5472e58b3184d1c6fe3795a731b6cb6de765ae0d27726d69aeff06d6b	573925
tests/Images/Input/Png/length_gama.png	824766b34739727c722e88611d7b55401452c2970cd433f56e5f9f1b36d6950d	1285
tests/Images/Input/Png/low-variance.png	70c224ef674b546db0ec3281008bb6e2b879e95b0be5625f0af8aff980eee583	7844
tests/Images/Input/Png/missing_plte.png	73fd17a394f8258f4767986bc427c0160277819349c937f18cb29044e7549bc8	506
tests/Images/Input/Png/missing_plte_2.png	797844db61a937c6f31ecb392c8416fbf106017413ba55c6576e0b1fcfc1cf9c	597
tests/Images/Input/Png/palette-8bpp.png	7bfbc244f4b0672d6a12a1f73ec062bcf762f229268b99aa4b9ffd8447512471	9171
tests/Images/Input/Png/pd-dest.png	adb9f4448b7bb44d7b4c0ad8c2f3f71b17acb05148375663c7a203707f08660d	2563
tests/Images/Input/Png/pd-source.png	dbf4a45b89eddeb727e0437846bcef5d875f532f94aaa441c75c8c3ddbac5150	2393
tests/Images/Input/Png/pd.png	91dd938fb916d368738826741551aea694b340ba3362f56200c5d3c5e5510267	1406
tests/Images/Input/Png/pl.png	aa550e61fe276d2ebee8666d0cbb811449433edb76e01bcd38cb00c1aafc417e	91
tests/Images/Input/Png/pp.png	99879d99fa8589427023012a0388ab0380b6d30b54921e2b7a39f43ae4b1bcc3	12867
tests/Images/Input/Png/rainbow.png	18993090b64a08939b4f8901e2b603bb8a49b053af7a0f327b4ae1205e64b987	1447
tests/Images/Input/Png/ratio-1x4.png	438018f19c85e582cb586ac7cca2220008ecb7fc70ce50e8f2a76b494c128a20	404
tests/Images/Input/Png/ratio-4x1.png	a068eaf1f7040490e08eda3259befb6689849dd0ff8bb4cc03c705d117cb2b9f	344
tests/Images/Input/Png/raw-profile-type-exif.png	2259b08fd0c4681ecd068244df358b486f5eca1fcd18edbc7d9207eeef3ca5ed	392
tests/Images/Input/Png/rgb-16-alpha.png	3ad2152ee0de2aaa8745757a9ff5e90a30b6e84365bd90f450286eb2734bd78a	1377
tests/Images/Input/Png/rgb-16-tRNS.png	733a3f940d41b320ae884ba74339bc94ec8ad5f5a37479ea23b19c1e7b0d0274	2624
tests/Images/Input/Png/rgb-48bpp-interlaced.png	79d1705ef6438d90dc145068141d4e32c1cf1cd5cf17c7b90b7ecb12967016bd	69952
tests/Images/Input/Png/rgb-48bpp.png	d3d6028bb193ccf6025f11b90882ed952185684f58347383aaf23586ca4bc059	972960
tests/Images/Input/Png/rgb-8-tRNS.png	d98223a9a3084f34609bb5dbf55b5ca156559743240bef3406466775a9950e9d	1624
tests/Images/Input/Png/rollsroyce.png	90017d23999f41be7ac525648d8f435dcf8d1481ab98ebfd01a9ce87241e534f	25400
tests/Images/Input/Png/splash-interlaced.png	3a573ae07d97481e8e29441dd165735ad21c0a7bdab1de302d9e442fd6891ec7	239173
tests/Images/Input/Png/splash.png	f4c13422913f1c1910f8dd607236e79b4a5c7053deb8ce1c8be8372eca7465fb	245033
tests/Images/Input/Png/testpattern31x31-halftransparent.png	415483fde21637bdf919244c0625665f4914f7678eb4e047507b9bcd2262ec50	472
tests/Images/Input/Png/testpattern31x31.png	233dc410d723204dfd63c296ee3ca165f4a3641475627eb82f5515f31d25afe5	484
tests/Images/Input/Png/transparency.png	843bea4db378f52935e2f19f60d289df8ebe20ddde3977c63225f1d58a10bd62	48119
tests/Images/Input/Png/versioning-1_1.png	311478eb291cbf5e58be17d52057e7be8b703b84536ef8812557fa2b3759b9e6	22102
tests/Images/Input/Png/versioning-1_2.png	37bace8aaaa921b757af7d43ae0e91cbe0738942439753c401209215a1acd20d	8165
tests/Images/Input/Png/vim16x16_1.png	c9f8ecc9936ef3ce54f5b9b2aac816b9539b753236c53e249cde0f2791aa4712	226
tests/Images/Input/Png/vim16x16_2.png	491ef70e69f63c2d5b48680faebd5b008267850b426f512878854bb1e971eba0	292
tests/Images/Input/Png/xc1n0g08.png	4059f7e6a1c5bac1801f70e09f9ec1e1297dcdce34055c13ab2703d6d9613c7e	138
tests/Images/Input/Png/xc9n2c08.png	e252a0e7df3e794e52ce4a831edafef76e7043d0d8d84019db0f7fd0b30e20f4	145
tests/Images/Input/Png/xcsn0g01.png	71e4b2826f61556eda39f3a93c8769b14d3ac90f135177b9373061199dbef39a	164
tests/Images/Input/Png/xd0n2c08.png	c1287690808e809dc5d4fb89d8a7fd69ed93521f290abd42021ca00a061a1ba4	145
tests/Images/Input/Png/xd3n2c08.png	00b53c3bbd0641454521b982bc6f6bcfda7c91f1874cefb3a9bac37d80a1a269	145
tests/Images/Input/Png/xdtn0g01.png	f9d1fb2a708703518368c392c74765a6e3e5b49dbb9717df3974452291032df9	61
tests/Images/Input/Png/xmp-colorpalette.png	fb55607fd7de6a47d8dd242c1a7be9627c564821554db896ed46603d15963c06	1025
tests/Images/Input/Png/zlib-overflow.png	2705125a7b108c7ef4e13872be88b991cd06ba97d81a306f70f58749cec53514	10725
tests/Images/Input/Png/zlib-overflow2.png	3994ef9f044fd589a412409b35cf23d346da43af0d82e25f2c11a36b464c7599	16887
tests/Images/Input/Png/zlib-ztxt-bad-header.png	ce623255656921d491b5c389cd46931fbd6024575b87522c55d67a496dd761f0	22781
tests/Images/Input/Qoi/dice.qoi	b05a622813eff15ce64f33ab76eee3f9d144f5cf24386e13ddf17c27f6310a01	519653
tests/Images/Input/Qoi/edgecase.qoi	3cae50b533fbc796171a0763c29a576eaac475d04b6a95fe46b02d440f609e11	2114
tests/Images/Input/Qoi/kodim10.qoi	e330cc81299a2641386f32bdf4b7070b8d5f8f2f76d899ced389b5a1469e65b0	652383
tests/Images/Input/Qoi/kodim23.qoi	d225e987dc07262be2acee5dee164b5f48d3a49dd0e03f426b3111b52f265548	675251
tests/Images/Input/Qoi/qoi_logo.qoi	e6519746939c2b6bc6776a65ce87b1dbd769069c2d2c11295453e9f35160ba57	16488
tests/Images/Input/Qoi/testcard.qoi	de309646439d2e49c51d9921eb1faff9af4cb33f0019a24ccb57dce1ef00dbab	21857
tests/Images/Input/Qoi/testcard_rgba.qoi	b284ed810a892bca34e89a956b7f8bf21afae4826197a8f3eaef90e470e2149e	24167
tests/Images/Input/Qoi/wikipedia_008.qoi	a289c12cd96cc3ff65fcafa1a6d55c5cace0095a45bc570ca1a4d8b79a20b4df	1521134
tests/Images/Input/Tga/16bit_noalphabits.tga	f7a71e04cb2c335fb46bb91c6bf71e32deafe6a65b701e9fbdb1f95ec69a432c	96818
tests/Images/Input/Tga/16bit_rle_noalphabits.tga	4c605b2ef72f8e54530cb3f0922527ee2754adab8d158276931ec7e2842f2644	138354
tests/Images/Input/Tga/32bit_no_alphabits.tga	019315f9dcbe4516ecb15426a45c210d437e9ad152c8e1a0e80abe9449177e12	235218
tests/Images/Input/Tga/32bit_rle_no_alphabits.tga	33954ae93b4c7d57f52965a9028e97119c546db1da255100c2903a2760c7479e	76870
tests/Images/Input/Tga/Github_RLE_legacy.tga	3570d2883a10a764577dd5174a9168320e8653b220800714da8e3880f752ab5e	51253
tests/Images/Input/Tga/ccm8.tga	67b3ffaaa75561d8b959258d6b26a1f9ca3228b02a3df98a614ea43241aaea52	9271
tests/Images/Input/Tga/grayscale_LL.tga	74ef200d90078b5cd8ff6ddf714e0a082fc420684e2d7667fe158c5705b91946	65580
tests/Images/Input/Tga/grayscale_LR.tga	ed269c8f3bb462d963188d7352ebe85ab20357ac7803e5ac4d7110a23b9e6ddb	65580
tests/Images/Input/Tga/grayscale_UL.tga	72c6e1e09b923455e0c8cd14c37b358eb578bc14a0a8fcedde3ab81769960eb7	65580
tests/Images/Input/Tga/grayscale_UR.tga	8831036fdb79dbc9fa9d6940c6bb4bfc546b83f9caf55a65853e9a60639edece	65580
tests/Images/Input/Tga/grayscale_a_LL.tga	e90d280ddfde2d147dd68bacf7bb31e9133f8132adcbe50c841950d5a7834b8e	131116
tests/Images/Input/Tga/grayscale_a_LR.tga	df0cd7261a98e87700e4f9c1328d73ee9f278c4e538895ab0a97b88392156523	131116
tests/Images/Input/Tga/grayscale_a_UL.tga	debc2bb439a72f5cae3f0fdb525dbc0b3488abc27cee81d1eb73cb97765a07f3	131116
tests/Images/Input/Tga/grayscale_a_UR.tga	ff8cdd9cf4aa48f0df2d920483aeead476166e0e958d07aa5b8a3cd2babfd834	131116
tests/Images/Input/Tga/grayscale_a_rle_LL.tga	d65c2b9caf83b2eb063e820e15944621dec324f8278ae6b60b088dc380a2c40b	54102
tests/Images/Input/Tga/grayscale_a_rle_LR.tga	0f7e06f04de22ecbf8fea1da72c6a6feb45161e92580e96ca5c4482ec3bc00de	54237
tests/Images/Input/Tga/grayscale_a_rle_UL.tga	8555c8dcfa7ac65ad9f1d2389d82ee21dd90329b7200e10a457abc0f67d18ac8	54295
tests/Images/Input/Tga/grayscale_a_rle_UR.tga	9abc35a5e6ef0aaa29a5d0bd7cef30281b1d94fec669e884cc382a2d73b359a0	54052
tests/Images/Input/Tga/grayscale_rle_LR.tga	a897be6870be2cd183e7678e954767fd12a763c7bfce0f2246f1b7cc1ad08804	31165
tests/Images/Input/Tga/grayscale_rle_UL.tga	3f11be4af2283059e869543949588fe19db0e36dec64157ad9a61711cb5e6428	31198
tests/Images/Input/Tga/grayscale_rle_UR.tga	f5aa67ec6d3408fd469ec8e7c5613daf130be893e0b76dee2994a2c32ddae471	31054
tests/Images/Input/Tga/indexed_LR.tga	e6d5219fadf7d8b743d35c7e16f11e1182f76351757ff962e0a27f81c357b1fb	66315
tests/Images/Input/Tga/indexed_UL.tga	7f42dd07528f9e4f7914a570c027cc845edfe6d3fcdfa45ec8f21bc254cc1f1f	66315
tests/Images/Input/Tga/indexed_UR.tga	90d8caa10d3a05f845f94b176a77a2ed85e25b3d460527c96abfe793870c89b8	66315
tests/Images/Input/Tga/indexed_a_LL.tga	1522f4513cadd35869f39e171b1dccda9181da5b812d487e2a3e17308722d7c0	66604
tests/Images/Input/Tga/indexed_a_LR.tga	d01d5c89e772582a30ef9d528928cc313474a54b7f5530947a637adea95a4536	66604
tests/Images/Input/Tga/indexed_a_UL.tga	fa4d93b76ddcfa82a8ef02921e1c90dbd136de45608e7e7502c2d2256736f9ae	66604
tests/Images/Input/Tga/indexed_a_UR.tga	feab3d418ab68eef0b40282de0e00c126fedff31f8657159799efef9b6f4a2af	66604
tests/Images/Input/Tga/indexed_a_rle_LL.tga	2be79621e93dfdbd3ec9bea5085675719429cb264b1f9bbafa4ab2c9da28f677	31665
tests/Images/Input/Tga/indexed_a_rle_LR.tga	419d28012037d85794d6839fc8bdaa4b830daf8d078b536a655dc65370c15a38	31776
tests/Images/Input/Tga/indexed_a_rle_UL.tga	892b19c5e4da9ba4b96d3458d2ee35e1f64ca65e8f8f8b6eebb284e83a6bceab	31765
tests/Images/Input/Tga/indexed_a_rle_UR.tga	42586d5d45bb922671755d019fe8d5f76c10ab856fcf6521fb7d114fba118c71	31666
tests/Images/Input/Tga/indexed_rle_LL.tga	e3dbf4ae9566e00d2165d74f3c17208853954b4c1f1cbc4ebc321fe3adb29676	30549
tests/Images/Input/Tga/indexed_rle_LR.tga	32461dcf64ec2f6ccf6e17a7209c769a5594b8c94a31de7cc693d6abe6ba2081	30610
tests/Images/Input/Tga/indexed_rle_UL.tga	841f05e9f8ecdade8c992b830b9bf5893494f41accb0f0fec30f4692866c1675	30640
tests/Images/Input/Tga/indexed_rle_UR.tga	a709594fd475dbe042c16671959bfbc0031e64db8e74375f01c29685d2e384ec	30500
tests/Images/Input/Tga/issues/Issue2629.tga	defc1396481f426a74e8af51ed57f65cbed932f932673ce5a87fa12ea9b460f8	32786
tests/Images/Input/Tga/rgb15.tga	390cfff190bc41386fa134eca70ea0d3ffdc32a285c73278ed34046b09c46c9d	80537
tests/Images/Input/Tga/rgb15rle.tga	3219186fc9a9f859c99c2b31cf81e7f0ab4292956d22fc659e714d0cdb51cfa7	19941
tests/Images/Input/Tga/rgb24_top_left.tga	f9c0aed8fb8c4e336fb1b9a6b76c9ba3e81554469191293e0b07d6afc8d9086a	12332
tests/Images/Input/Tga/rgb_LR.tga	a57a4f63dbe50b43e95cfcffff0ecf981de91268c44064b73c94c295f0909fea	196652
tests/Images/Input/Tga/rgb_UR.tga	1dc5882241cd3513795cfcb207b7b4b6014585cf50504e01f968f1db9ad7d8d8	196652
tests/Images/Input/Tga/rgb_a_LL.tga	eff46c35b08b02759b5e5cf4ba473b7714cf303e35cd93ae1404b8e3277014a1	262188
tests/Images/Input/Tga/rgb_a_LR.tga	0b91c063644c2f21f74fa88687a05f8730366e75a896bf21630af280abc9950b	262188
tests/Images/Input/Tga/rgb_a_UL.tga	1a167af1f8d64119e206593f8944c0b7901393a1b97d703c0121b8a59cae03f4	262188
tests/Images/Input/Tga/rgb_a_UR.tga	9d88b70ad8878d44e29f680716670dd876771620264bdf2af9179284508fcc03	262188
tests/Images/Input/Tga/rgb_a_rle_LR.tga	0bcfe104b6c56ddaa06bfaca4a2a9b070e7af8f74dc433736d6b0e536bf3c0b6	98317
tests/Images/Input/Tga/rgb_a_rle_UL.tga	be1323021deead462ef38c17eea5d59aea7467ae33b91bd65b542085e74aa4e4	98427
tests/Images/Input/Tga/rgb_a_rle_UR.tga	cec69308cbfd13f1cae79462fcfd013655d27fb6386e60e6801a8fbb58685201	97990
tests/Images/Input/Tga/rgb_rle_LR.tga	0c21355f73ed5f78ec2835c3e8bb11b1d48bc5b360a804555a49a435077e8bcb	73337
tests/Images/Input/Tga/rgb_rle_UR.tga	f5d56b7e72b59624545b405406daeb9a578ff3da6e1ea99ee759ace6909da6d6	73086
tests/Images/Input/Tga/targa_16bit.tga	f3adea897f8843b73d0042e23bdfbd0115a7f534df90699134e768df57061f46	70518
tests/Images/Input/Tga/targa_16bit_pal.tga	97a4ac0cecfe69e1b5c74db5288fb8ca3bf29968e3b5288c4e5ce03bb4f06915	35780
tests/Images/Input/Tga/targa_16bit_rle.tga	47d7ebf37672ea846ce071155733697e34083de36aeaafaebd78317708feffde	19566
tests/Images/Input/Tga/targa_24bit.tga	35921b6250e43ba8e1fb125ebe4939a57a67efb0aa9eac0d3605bf90e93309b1	105768
tests/Images/Input/Tga/targa_24bit_pal.tga	4926969e5ae6c9af38d33fa18429de756c48d06edd87c5d27cb8d5232b066ab2	36036
tests/Images/Input/Tga/targa_24bit_pal_origin_topleft.tga	b1c52e538a7d134b20ff57e44b7e304d1b5effacac03a4481d169702796fb195	36062
tests/Images/Input/Tga/targa_24bit_rle.tga	56a79ab92d84bbe8c7efbc2711051938fa3ba97b48830aea0cb1dafd7d1fe222	37711
tests/Images/Input/Tga/targa_24bit_rle_origin_topleft.tga	30e8b6d01ebf9d227d2e9dcdd7b2641bf8f335107110dfff780351870217d4f4	37102
tests/Images/Input/Tga/targa_32bit.tga	e3a220619e25e86bab01b01a2e231ee64fd004e047fa86016bf68de576877352	141018
tests/Images/Input/Tga/targa_32bit_rle.tga	f415d6a246909c18fe604248ab5fe27c74aff9a63df58d8cdeab7c4c3cbe056a	49994
tests/Images/Input/Tga/targa_8bit.tga	6aaae46d0e55f32a72732fbe48ed9dc4044c53432999ab66e9475e45e40f0133	35268
tests/Images/Input/Tga/targa_8bit_rle.tga	a18d7fd98bc9ab62276103b4e7b474be93b3d7241f4f06aa564e32150e205a71	13145
tests/Images/Input/Tga/whitestripes.png	2bc5d67ce368d2a40fb99df994c6973287fca2d8c8cff78227996f9acb5c6e1e	127
tests/Images/Input/Tiff/7324fcaff3aad96f27899da51c1bb5d9.tiff	579db6b2bd34566846de992f255c6b341d0f88d957a0eb02b01caad3f20c5b44	78794
tests/Images/Input/Tiff/Benchmarks/jpeg444.jpg	89c632bbc42bc917f81e7c47595c95cb914a619604ac07b8cebf6fd4d1d744ca	5667
tests/Images/Input/Tiff/Benchmarks/jpeg444_big.jpg	cf48ba72885b98b9d05f1e4bed2e85f5db1db04b0206fc8160a9da2367f4467c	1984946
tests/Images/Input/Tiff/Benchmarks/jpeg444_medium.jpg	75cdf78efd14c880f26d5009e087df06e772b000edddbb404e7098177f895ac1	525610
tests/Images/Input/Tiff/BigTiff/BigTIFF.tif	ddb202145a9bce7670cc372ee578de5a53cd52cc8d5ae8a9ebdc9f9c4f4a7e81	12480
tests/Images/Input/Tiff/BigTiff/BigTIFFLong.tif	90178643a159ec50335e9314836df924233debeb100763af0f77cd1be3cf58ab	12480
tests/Images/Input/Tiff/BigTiff/BigTIFFLong8.tif	b38e61ccb01e10e26fb10c335fc6fca9ad087b0fb0df833e54bb02d1246e20d5	12480
tests/Images/Input/Tiff/BigTiff/BigTIFFLong8Tiles.tif	a2d92b0c430cefc390f13961e00950ee7246b013335594dd249ba823eb3c3fdb	12564
tests/Images/Input/Tiff/BigTiff/BigTIFFMotorola.tif	ace8a27dbed9f918993615e545a12310b84ad94bc6af8e256258e69731f1c7ce	12480
tests/Images/Input/Tiff/BigTiff/BigTIFFMotorolaLongStrips.tif	2c5ebdc3774955d3b47644f57bd023e764a93ca2271118152ae920b34c1784bb	12480
tests/Images/Input/Tiff/BigTiff/BigTIFFSubIFD4.tif	85c8da46abc2284f0ddac10bd03a7c98ee51024840b7e43f41f1c6a09bc02e7e	31520
tests/Images/Input/Tiff/BigTiff/BigTIFFSubIFD8.tif	93e5ac30f507bec7936746ad6e109631c09f9b2332081e986063219ad2452a4a	31520
tests/Images/Input/Tiff/BigTiff/BigTIFF_Indexed4_Deflate.tif	38ba3717b284d7914243609576d0f9b75d732692bf05e2e1ec8b119feb1409fd	687
tests/Images/Input/Tiff/BigTiff/BigTIFF_Indexed8_LZW.tif	ca404b3ec5560b82169855f0ae69e64c6bc7286117b95fc0e0d505e5e356fa0e	2548
tests/Images/Input/Tiff/BigTiff/BigTIFF_MinIsBlack.tif	ac0471c1600f6e5fb47037dab07172aff524abc866a40c9ec54279bd49cbef77	517
tests/Images/Input/Tiff/BigTiff/BigTIFF_MinIsBlack_RLE.tif	038a298bcace02810054af650f490b6858863c8755e41b786605aa807b43350a	509
tests/Images/Input/Tiff/BigTiff/BigTIFF_MinIsWhite.tif	a95b0b46bf4f75babb86d9ec74694e6d684087504be214df48a6c8a54338834c	517
tests/Images/Input/Tiff/BigTiff/BigTIFF_MinIsWhite_RLE.tif	038a298bcace02810054af650f490b6858863c8755e41b786605aa807b43350a	509
tests/Images/Input/Tiff/BigTiff/Classic.tif	cfa7fcf6927be5de644beb238067479e8d834d0cbe2257b00302f5dde84a1c1a	12404
tests/Images/Input/Tiff/CCITTGroup4.tiff	120ad0814f207c45d968b05f7435034ecfee8ac1a0958cd984a070dad31f66f3	11082
tests/Images/Input/Tiff/CCITTGroup4_minisblack.tiff	6c12c96059a6214739fe836572bce6912dcf4a0d2ff389c840f0d2daa4465f55	11637
tests/Images/Input/Tiff/Calliphora_bicolor_uncompressed.tiff	c35902ca485fba441230efa88f794ee5aafa9f75ad5e4a14cb3d592a0a98c538	7760
tests/Images/Input/Tiff/Calliphora_ccitt_fax3.tiff	da7d98823c284d92982a88c4a51434bbc140dceac245a8a054c6e41a489d0cc7	5986
tests/Images/Input/Tiff/Calliphora_ccitt_fax3_with_eol_padding.tiff	15e0f4f04699c7253ce422a7741ada192615182da53e9fd86bdf547cd991b290	126382
tests/Images/Input/Tiff/Calliphora_ccitt_fax4.tiff	118e55fe0f0dbb5d2712337ec9456a27407f11c0eb9f7e7e81700d4d84b7db09	4378
tests/Images/Input/Tiff/Calliphora_gray_deflate.tiff	d4d3541db6b7751d3225599aa822c3376fb27bb9dc2dd28674ef4f78bf426191	83356
tests/Images/Input/Tiff/Calliphora_gray_deflate_16bit.tiff	4fdf62eb43c0349cb8c6ad67e5389a0f307944d8a8e760667a7f78fcc48a9ffa	62698
tests/Images/Input/Tiff/Calliphora_gray_deflate_predictor.tiff	d007429701cc20154e84909af6988414001e6e60fba5c995f67b2a04cad6e57b	41135
tests/Images/Input/Tiff/Calliphora_gray_deflate_predictor_16bit.tiff	8040010e7f760d09dda49145050b07f32826037c11686d976b4b7949a0c40c18	54086
tests/Images/Input/Tiff/Calliphora_gray_lzw_predictor.tiff	649f0b8ad50a9465fdb447c411e33f20a8b367600e7c3af83c8f686f3ab3e6dc	47143
tests/Images/Input/Tiff/Calliphora_gray_lzw_predictor_16bit.tiff	67246d3bfc0c361fae21db04fa0251168c7e12abe3c3cc134cd1d685fb09876f	58392
tests/Images/Input/Tiff/Calliphora_grayscale_uncompressed.tiff	5925388b374b75161ef49273e8c85c4f99713e5e3be380ea13a03895f47809ba	60001
tests/Images/Input/Tiff/Calliphora_grayscale_uncompressed_16bit.tiff	42077e6e0d0e7e32bdc0dadb837aad03fd4ae9ceff158bdf213ea9b76dbc36f1	119601
tests/Images/Input/Tiff/Calliphora_huffman_rle.tiff	f27e758bb72d5e03fdcf0b1c58c417e4a7928cbdf8d432dc5b9a7d8d7ee4d06b	5668
tests/Images/Input/Tiff/Calliphora_palette_uncompressed.tiff	29d4b30265158a7cc651d75130843a7f5a7ebf8b2f0f4bb0cf86c82cbec7f6ec	61549
tests/Images/Input/Tiff/Calliphora_rgb_deflate_predictor.tiff	392e1269220e7e3feb9e2b256e82cce6a2394a5cabef042fdb10def6b24ff165	111819
tests/Images/Input/Tiff/Calliphora_rgb_jpeg.tiff	4baf0f4c462e5bef71ab36f505dfff87a31bd1d25deabccd822a359c1075e08e	65748
tests/Images/Input/Tiff/Calliphora_rgb_lzw.tiff	d83d8a81ebb7337f00b319a8c37cfdef07423d6a61006411130e386238dd00dd	121907
tests/Images/Input/Tiff/Calliphora_rgb_lzw_predictor.tiff	993207c34358165af5fac0d0b955b56cd79e9707c1c46344863e01cbc9c7707d	126695
tests/Images/Input/Tiff/Calliphora_rgb_packbits.tiff	81e7456578510c85e5bebe8bc7c5796da6e2cd61f5bbe0a1f6bb46b8aee3d695	179949
tests/Images/Input/Tiff/Calliphora_rgb_palette_lzw_predictor.tiff	29fa2b157c92f6a8bd4036e9d075e24fc451e72ec1a251d97a4b40454e01405c	792087
tests/Images/Input/Tiff/Calliphora_rgb_uncompressed.tiff	bb25349a7f803aeafc47d8a05deca1a8afdc4bdc5a53e2916f68d5c3e7d8cad3	179207
tests/Images/Input/Tiff/CieLab.tiff	7542b5b3abe049614f2ddaf78ffe995edac13e768f0b2fc9f324c6ef43b379eb	1312046
tests/Images/Input/Tiff/CieLabPlanar.tiff	28592d9da8d51f60700b7136369d2d6bd40550d5f8c7758e570b5e624c71a3e4	1307488
tests/Images/Input/Tiff/CieLab_lzwcompressed_predictor.tiff	6affced5550e51441c4cde7f1770d4e57cfa594bd271a12f9571359733c2185d	55346
tests/Images/Input/Tiff/Cmyk-jpeg.tiff	abb923e457acc31a7f18c46a7d58fc5a42f5c3d197236403921e3ee623fa4fac	2046
tests/Images/Input/Tiff/Cmyk-lzw-predictor.tiff	d322e42dd61c528e91ba9d16310248a4b9a77094a22761dcb9e6f132fc16fe1b	1080
tests/Images/Input/Tiff/Cmyk-planar-jpg.tiff	abb923e457acc31a7f18c46a7d58fc5a42f5c3d197236403921e3ee623fa4fac	2046
tests/Images/Input/Tiff/Cmyk.tiff	16a73f25e9c2bc6e2e51bd7399d2193bc5d5731f45cfd75147c19746deecf039	40278
tests/Images/Input/Tiff/Issues/ExtraSamplesUnspecified.tif	71d28f17d2d56481faa4d241fae882eae4f8303c70f85bc3759f6a0c2074979e	1426558
tests/Images/Input/Tiff/Issues/Group4CompressionWithStrips.tiff	141320615d58b2971aedfeba8d408c38c0b4ab43024678254cecaebf0ed7edb0	4440
tests/Images/Input/Tiff/Issues/Issue1716.tiff	c734dd489c65fb77bd7a35cd663aa16ce986df2c2ab8c7ca43d8b65db9d47c03	6666162
tests/Images/Input/Tiff/Issues/Issue1891.tiff	a2779c7fb2c2ad858e0d7efcfffd594cc6fb2846e0475a2998a3cda50f289b9b	307
tests/Images/Input/Tiff/Issues/Issue2123.tiff	5663288720203035c454c61c529222c2170df21dcde1a89f1f30e3b668020d6f	3805
tests/Images/Input/Tiff/Issues/Issue2255.png	ff555fb2478406a1f3b2202c2ae3b0a691a16bfe2a5b586f38b348c9f4a858e6	3635
tests/Images/Input/Tiff/Issues/Issue2435.tiff	e5c90d6d90f1cf090562d7d70df858b83513e5d7d78fb7b7c4d7992cb620030e	258540
tests/Images/Input/Tiff/Issues/Issue2454_A.tif	868fbf7fc7a61bc6b1226160c8dc3bb1faebd8d4a2a6fe9494962f3fbe3a7fdc	5024256
tests/Images/Input/Tiff/Issues/Issue2454_B.tif	867851192f540742ba1481f503834f8aa77caa03ac59f8204d098bf940b0bb3a	4387646
tests/Images/Input/Tiff/Issues/Issue2587.tiff	b5a245e4313bcf942d9a8ab7108946ddcadcf45d898b8a8986fc42a6e8c64dc2	87746
tests/Images/Input/Tiff/Issues/Issue2679.tiff	feb938396b9d5b4c258244197ba382937a52c93f72cc91081c7e6810e4a3b94c	6136
tests/Images/Input/Tiff/Issues/Issue2909.tiff	3c69a7e7c7920766e98fccd273424a34e9094550e2176a7b4757ab2c0756d084	1272
tests/Images/Input/Tiff/Issues/Issue2983.tiff	7bfe1d8660d11111cdf2674aedc43c1362dc8c2ecfab9b74b43a06c7c195863e	13311100
tests/Images/Input/Tiff/Issues/Issue3031.tiff	6e4d2db56a1b7fdea09ed65eab1d10a02952821f6662ca77caa44b8c51b30310	416
tests/Images/Input/Tiff/Issues/JpegCompressedGray-0000539558.tiff	1f1ca630b5e46c7b5f21100fa8c0fbf27b79ca9da8cd95897667b64aedccf6e5	539558
tests/Images/Input/Tiff/Issues/tiled-0000023664.tiff	eb28a028b2467b9b42451d9cb30d8170fd91ff4c4046b69cc1ae7f123bf7ba6f	23664
tests/Images/Input/Tiff/JpegCompressedGray.tiff	868afd018d025ed7636f1155c1b1f64ba8a36153b56c7598e8dee18ce770cd5a	539660
tests/Images/Input/Tiff/OldJpegCompression.tiff	0a5a02fb888a47ed51aa6d72122f9d1996311e943be62bef4829bc1aa9f457e8	214023
tests/Images/Input/Tiff/OldJpegCompression2.tiff	e8f722bc322b9a7621d1d858bec36ea78d31b85221f314a2b9872d3af91d600a	5052
tests/Images/Input/Tiff/OldJpegCompression3.tiff	4b2b73290a40c49a4a29e51ad53dadea65c1ceafc6a5384430f7092d613830db	1390339
tests/Images/Input/Tiff/OldJpegCompressionGray.tiff	790662b0fc48d5604e80a9689eb28cfa231be3eadc33f34c9bf43c211cce5c16	440613
tests/Images/Input/Tiff/RgbaAlpha8bit.tiff	f8bc77670ea12cd163fbf21fa7dd6d6c10e3b8c1afc83f26618f92303d0cbfcf	235478
tests/Images/Input/Tiff/RgbaAssociatedAlpha10bit_lsb.tiff	1a9878183ebe84506810ea2edc6dc95cd76780f3847ac3a614ce2dcfb355ea9f	294278
tests/Images/Input/Tiff/RgbaAssociatedAlpha10bit_msb.tiff	4b95334e1e4b78f5106cacd66d6dc9ad15d023c5449e9562b7489982c5336715	294278
tests/Images/Input/Tiff/RgbaAssociatedAlpha12bit_lsb.tiff	4b1aa42b51bd5474cbf333d9a0b89634198250d3eb5de4cf3af2a8d846395bf0	353078
tests/Images/Input/Tiff/RgbaAssociatedAlpha12bit_msb.tiff	9a146f0bfcac158dfda1ba307737b39d472a95926ff172bc8c798557f2dd1e1b	353078
tests/Images/Input/Tiff/RgbaAssociatedAlpha14bit_lsb.tiff	3190269edb721175e8f3788528bd84aee3a12b2c7fb970c02c98822452fc81b0	411878
tests/Images/Input/Tiff/RgbaAssociatedAlpha14bit_msb.tiff	4d65b9b1172d125fece197c2bf332bff9074db2b443e74d1973a14dbe45865e8	411878
tests/Images/Input/Tiff/RgbaAssociatedAlpha16bit_lsb.tiff	5ee223455c3e2f748d4dc9a1446047adb3c547878b815504c785497d8c059d34	470678
tests/Images/Input/Tiff/RgbaAssociatedAlpha16bit_msb.tiff	9ea0206508fe23dfb8653ac1706894e54a4ad980b3bf75b68e5deb9f2838a1de	470678
tests/Images/Input/Tiff/RgbaAssociatedAlpha3bit.tiff	03d1050a606b6fa9e909f54991ed12b1aa96b739e5f69f4b1bae7c903b1236ef	88478
tests/Images/Input/Tiff/RgbaAssociatedAlpha4bit.tiff	41481c59d9b63ca946d9d2cf2ccc599d1e48ef6fdfa00926c1e6d5cdfd35eb47	117878
tests/Images/Input/Tiff/RgbaAssociatedAlpha5bit.tiff	4bc3b2b8031593ff9a79d7caccd2ed614cf8d788dedbefbd27d0a4f88399be4e	147278
tests/Images/Input/Tiff/RgbaAssociatedAlpha6bit.tiff	a9c1c64ce9a002337c3f6d332b4a5bb3016718b672f9c95d8792b013545553c2	176678
tests/Images/Input/Tiff/RgbaUnassociatedAlpha10bit_lsb.tiff	7f78ef11e4044d13ea3bf699e33472a708df3a5cc817dc41edb4df184f127f2b	294278
tests/Images/Input/Tiff/RgbaUnassociatedAlpha10bit_msb.tiff	d9c2d6f4e16677d9fdfb38cc2bfb7df05eedbb8dc0e3c26a6dba9b427c2c698a	294278
tests/Images/Input/Tiff/RgbaUnassociatedAlpha12bit_lsb.tiff	53e9ff25da2a2a7a613328cfaf33799df51fe150586fb8de52070e8cc8830d97	353078
tests/Images/Input/Tiff/RgbaUnassociatedAlpha12bit_msb.tiff	caff76e01bc39b7a295f01a11e3787a6487ac002af5586dd956166a9c91eb048	353078
tests/Images/Input/Tiff/RgbaUnassociatedAlpha14bit_lsb.tiff	9193b6a194be970b2cfb26369fa487fd6ec2f1656af11df2e48f1d6b0971bbf8	411878
tests/Images/Input/Tiff/RgbaUnassociatedAlpha14bit_msb.tiff	888bc84af8dffc4565b215412a8a2bb56f0c78211a082b893d87595cd9f555c1	411878
tests/Images/Input/Tiff/RgbaUnassociatedAlpha16bit_lsb.tiff	6eae92c012ad56c084929e0a2aff7c93091224d9f8ab7f52f71b845792d6b763	470678
tests/Images/Input/Tiff/RgbaUnassociatedAlpha16bit_msb.tiff	cbab54f221956215266c35bfd26fdfb123e092e3836e2401b9f24e1c5b23516e	470678
tests/Images/Input/Tiff/RgbaUnassociatedAlpha24bit_lsb.tiff	fd9fa514619604275cede0b4747291db2f8e5ad02095565c891ace2b537d6336	705878
tests/Images/Input/Tiff/RgbaUnassociatedAlpha24bit_msb.tiff	915ca9bbda952fc9ac78b44be07dab603948d51fb1a274935905e73cfe5bb0b9	705878
tests/Images/Input/Tiff/RgbaUnassociatedAlpha2bit.tiff	f650c49faed4fd19b5527a0771489110090948e4ed33daa53b42c1776e288d89	59078
tests/Images/Input/Tiff/RgbaUnassociatedAlpha32bit_lsb.tiff	8cad4c5f42d77539ce1f67efa7e0ed1fa4f5dd32b3269e5862453d878c6b18d7	941078
tests/Images/Input/Tiff/RgbaUnassociatedAlpha32bit_msb.tiff	8874322776b8620573c26a3c84b8c7c9bf0aeaa7d68a7fef009f8838d14dca5b	941078
tests/Images/Input/Tiff/RgbaUnassociatedAlpha3bit.tiff	d0d89ddcda8525799b90c1cb4a15f3ea1cf399c2259017f219b1d09876161587	88478
tests/Images/Input/Tiff/RgbaUnassociatedAlpha4bit.tiff	be006e56c2c2f34686293e8a5f4397a7bf873ff927d4dd0808cac90310569254	117878
tests/Images/Input/Tiff/RgbaUnassociatedAlpha5bit.tiff	2928f06ef146625f5c696272901a63644699e3410dc155b7e4e470009a7f6dfc	147278
tests/Images/Input/Tiff/RgbaUnassociatedAlpha6bit.tiff	514ce84d3506aab7360b24f63aa1da1ea66abd9b1e534a12487d03486a7e593b	176678
tests/Images/Input/Tiff/RgbaUnassociatedAlpha8bit.tiff	234401d70156cc748a67992919f8780bb855bc5e87e404b573f61b5eb4817dcf	266816
tests/Images/Input/Tiff/RgbaUnassociatedAlphaPlanar16bit_lsb.tiff	6bc4325ce7be8a16d23c559300c79c3228c2f5a4c266844ba49763a32d29f10e	470710
tests/Images/Input/Tiff/RgbaUnassociatedAlphaPlanar16bit_msb.tiff	08f8c284f7a9a6f362c09a418d85a94a1fe09bfc3f4cfe6859a82d6814718091	470710
tests/Images/Input/Tiff/RgbaUnassociatedAlphaPlanar24bit_lsb.tiff	8ba4da7d63931f4462113e00bdee9e66e333ca42a47a33f62057c248bf4696ef	705910
tests/Images/Input/Tiff/RgbaUnassociatedAlphaPlanar24bit_msb.tiff	862ec9153cc755aa3ece8965a9d001a630ff756dfb018a9474661730482964cb	705910
tests/Images/Input/Tiff/RgbaUnassociatedAlphaPlanar32bit_lsb.tiff	dc4f67dacd3262418769831aeabf99c9a88a9674fabf9a08c8b3d3e47ac6d07a	941110
tests/Images/Input/Tiff/RgbaUnassociatedAlphaPlanar32bit_msb.tiff	a98a0176f5db7af5b22c74f4a518c2df1055b5ca7e732f63426b3df8090fc313	941110
tests/Images/Input/Tiff/RgbaUnassociatedAlphaPlanar8bit.tiff	2185ef9a84701bcff104d4f2fe40171ed853e5d02a2049b209ee2a4c65105ea9	235502
tests/Images/Input/Tiff/RgbaUnassociatedAlphaPredictor16bit_lsb.tiff	874ef7a59491ba68364312b7bc27b6620d15ce8b1d5b780f57c6e6d8b919ef1f	73922
tests/Images/Input/Tiff/RgbaUnassociatedAlphaPredictor16bit_msb.tiff	d4faa8617d10ea5f79225c528c0a6d5c36f73d315e46150703df5ca5008ea1bd	73922
tests/Images/Input/Tiff/RgbaUnassociatedAlphaPredictor32bit_lsb.tiff	6a17791068b9c3eb40db3157a9103892aaf4a5a74072c93006bfa702ba5545e5	80428
tests/Images/Input/Tiff/RgbaUnassociatedAlphaPredictor32bit_msb.tiff	63fef29d79f8d707c74b6e083de6bb2ad41dde1d9b1aea5bd7729a2f7399132e	80344
tests/Images/Input/Tiff/RgbaUnassociatedAlphaPredictor8bit.tiff	9d91f0740d6df983b5e5fe904c22fe86c2a7ffd86673fb078092d80c96359fc1	53666
tests/Images/Input/Tiff/SKC1H3.tiff	938bbf1c0f8bdbea0c632bb8d51c1150f757f88b3779d7fa18c296a3a3f61e9b	13720193
tests/Images/Input/Tiff/YCbCrOldJpegCompressed.tiff	b6527e69a3cce3e6d425c35695319711ad36d939f934902faa47f6ee1f1c7e08	10076700
tests/Images/Input/Tiff/basi3p02_fax3_lowerOrderBitsFirst.tiff	eb56b3582c5c7d91d712e68181110ab0bf74d21992030629f05803c420b7b483	388
tests/Images/Input/Tiff/basi3p02_fax4.tiff	185ae3c4174b323adcf811d125cd77b71768406845923f50395c0baebff57b7c	282
tests/Images/Input/Tiff/basi3p02_fax4_lowerOrderBitsFirst.tiff	a19eb117f194718575681a81a4fbe7fe4a1b82b99113707295194090fb935784	282
tests/Images/Input/Tiff/basi3p02_fax4_minisblack.tiff	af0d8f3c18f96228aa369bc295201a1bfe1b044c23991ff168401adc5402ebb6	308
tests/Images/Input/Tiff/basi3p02_huffman_rle.tiff	af20deb1b64cac3272b6560565cb01f28247b9fd8b6d5a86eafbe7b0aea27d48	340
tests/Images/Input/Tiff/basi3p02_huffman_rle_lowerOrderBitsFirst.tiff	5ac3e56a93996464a579ae19cf5f8d9531e2f08db36879aaba176731c24951a5	352
tests/Images/Input/Tiff/bike_colorpalette_4bit.tiff	bc9047bc28ff5256530a7203bf73fa0a7ed1545736cd57fabdaff2d600cfa3f1	132265
tests/Images/Input/Tiff/ccitt_fax3_all_makeup_codes.tiff	60b64bd3c24437eb90c0a17a4328e997702d7e4c0889ec90abde092ab9b490e8	546
tests/Images/Input/Tiff/ccitt_fax3_all_terminating_codes.tiff	faa92346ccff9cc7e3275b31cbc4ec054e27d0d0ed20a215a22b6178c2d7adf0	564
tests/Images/Input/Tiff/ccitt_fax3_uncompressed.tiff	f60615dea1b417ec125bf365b7c3a7c15ee2381947eb29dae2c34655fd0c2530	821
tests/Images/Input/Tiff/cmyk_deflate_64bit.tiff	45793bfd1c9e92910b5b38805499859c38bb2fa1a2ae0c22888c16cc88b25d23	53002
tests/Images/Input/Tiff/f8179f8f5e566349cf3583a1ff3ea95c.tiff	cf75c4b679d2449e239f228cdee6a25adc7d7b16dde3fb9061a07b2fb0699db1	735412
tests/Images/Input/Tiff/flower-minisblack-02.tiff	3122afede012fa00b8cb379b2f9125a34a38188c3346ec5e18d3b4bddcbb451b	1131
tests/Images/Input/Tiff/flower-minisblack-04.tiff	18991fca75a89b3d15c7f93dee0454e3943920b595ba16145ebc1fd8bd45b1f5	1905
tests/Images/Input/Tiff/flower-minisblack-06.tiff	b0c13012d8d35215b01192eb38058db4543486c60b4918beec8719a94d1e208e	2679
tests/Images/Input/Tiff/flower-minisblack-08.tiff	1268d843a2338409ec3a9f5a5a62e23d38c3a898035619994a02f21eff7590bf	3453
tests/Images/Input/Tiff/flower-minisblack-10.tiff	a91d6946730604dd65c63f1653fb33031682f26218de33ebf3d0b362cb6883af	4269
tests/Images/Input/Tiff/flower-minisblack-12.tiff	86fc9309872f4e4668350b95fae315d878ec9658046d738050a2743f5fa44446	5043
tests/Images/Input/Tiff/flower-minisblack-14.tiff	dcd07668c73f24c2a13133ac4910b59a568502a6d3762675eef61a7e3b090165	5817
tests/Images/Input/Tiff/flower-minisblack-16.tiff	79531a10710dee89b86e2467818b7c03a24ff28ebd98c7bdcc292559671e1887	6591
tests/Images/Input/Tiff/flower-minisblack-16_lsb.tiff	c3806304a5453a6ec8a6795bc77b967b9aa8593288af36bbf9802f22ee27869e	6588
tests/Images/Input/Tiff/flower-minisblack-16_lsb_lzw_predictor.tiff	263da6b84862af1bc23f2631e648b1a629b5571b253c82f3ea64f44e9b7b1fe6	8478
tests/Images/Input/Tiff/flower-minisblack-16_msb_lzw_predictor.tiff	e67ac19cbdeb8585b204ee958edc7679a92c2b415a1a2c6051f14fe2966f933c	8504
tests/Images/Input/Tiff/flower-minisblack-24_lsb.tiff	fe2d4e0d99bdfade966e27bd9583bce39bebb90efa8e7f768ce3cec69aa306e2	9770
tests/Images/Input/Tiff/flower-minisblack-24_msb.tiff	6b5a96942ee27a2b25d3cbb8bdd05239be71f84acc4d63c95380841a8a67befd	9770
tests/Images/Input/Tiff/flower-minisblack-32_lsb.tiff	e37a4455e6b61e32720af99127b82aacdc907be91b8ed1d8e1a1f06d6a853211	12885
tests/Images/Input/Tiff/flower-minisblack-32_lsb_deflate_predictor.tiff	d5e7998cc985ef11ab9da410f18dcfb6b9a3169fb1ec01f9e61aa38d8ee4cfb6	12704
tests/Images/Input/Tiff/flower-minisblack-32_msb.tiff	6677c372a449fe0324b148385cf0ebaaf33ab4563484ae89831dfeacd80d7c93	12885
tests/Images/Input/Tiff/flower-minisblack-32_msb_deflate_predictor.tiff	630e7f46655b6e61c4de7d56946a3a9225db68f776f9062ff2d5372547cc7c02	12704
tests/Images/Input/Tiff/flower-minisblack-float32_lsb.tiff	af82e07e6298082c91d60a97acb29b67ecabf386bc14371fcb698b248cfd3b40	12814
tests/Images/Input/Tiff/flower-minisblack-float32_msb.tiff	5c918b8aa9968c03c12d85b3bcacd35ae57663a19f5490fc1c351521ed835f30	12814
tests/Images/Input/Tiff/flower-miniswhite-16_lsb.tiff	435c92b453587e1943940111b66afabf70307beb0e1d65e9701fd9bb753eead2	6588
tests/Images/Input/Tiff/flower-miniswhite-16_msb.tiff	d8f2c2afd8f1645717087bd2edbc3e8a46b88a54a4996c0e9350fdd652b5c382	6588
tests/Images/Input/Tiff/flower-miniswhite-32_lsb.tiff	17139bc00d9fe2905fbac9226120d2823ea17a10a39b140970122153ec23265d	12778
tests/Images/Input/Tiff/flower-miniswhite-32_msb.tiff	17139bc00d9fe2905fbac9226120d2823ea17a10a39b140970122153ec23265d	12778
tests/Images/Input/Tiff/flower-miniswhite-float32_lsb.tiff	93e06533486f15e33f2435d081713fbecc3ba96c842058b7ba3a5d9116fe5f5c	12814
tests/Images/Input/Tiff/flower-miniswhite-float32_msb.tiff	800a101f4d23fa2a499fcef036ebfca7d9338ac71b06a32ad05e7eb1905ddae3	12814
tests/Images/Input/Tiff/flower-palette-02.tiff	75e74d8816942ff6e9dfda411f9171f0f1dd1a5a88cb1410238b55a2b2aeeb71	1164
tests/Images/Input/Tiff/flower-palette-04.tiff	700ec8103b4197c415ba90d983a7d5f471f155fd5b1c952d86ee9becba898a1a	2010
tests/Images/Input/Tiff/flower-rgb-3bit.tiff	3b778a97467b1475c47c71b5f029c23b0962309095b8702cfc81c8fbaf4b8edb	3886
tests/Images/Input/Tiff/flower-rgb-5bit.tiff	44a53ffce2bfd3f1010a1fe232c8010708458880230f11b75ea3ef16b5164ce1	6208
tests/Images/Input/Tiff/flower-rgb-6bit.tiff	3d1db5b448aa9d61dd38dfb86e91e04fd0779a9c68cc2073913bcee3c635b5fe	7412
tests/Images/Input/Tiff/flower-rgb-contig-02.tiff	fbcd225c0db343f0cc984c35609b81f6413ebc1ba2ce2494d3607db375e969ff	2685
tests/Images/Input/Tiff/flower-rgb-contig-04.tiff	96c4c1dfc23a0d9e5c6189717647fa117b08aac9a40c63e3945d3e674df4c3c6	5049
tests/Images/Input/Tiff/flower-rgb-contig-08.tiff	dd1333eb93d8e7ea614b755ca1c8909c67b4b44fc03a8cab6be5491bf4d15841	9753
tests/Images/Input/Tiff/flower-rgb-contig-10.tiff	68168ea1c2e50e674a7c5c41e5b055c881adf8cb940d0fd033a927a7ebdd7b6f	12117
tests/Images/Input/Tiff/flower-rgb-contig-12.tiff	5f7a63eb8636e2b1ee39dfda4d0bddfc98bdc9eb94bea2dd657619331fa38b5b	14483
tests/Images/Input/Tiff/flower-rgb-contig-14.tiff	a419a8e2f89321501ca8ad70d2a19d37a7bf3a8c2f45c809acc30be59139ae29	16855
tests/Images/Input/Tiff/flower-rgb-contig-16.tiff	ab3d6b619a198ff2e5fdd8f9752bf43c5b03a782625b1f0e3f2cfe0f20c4b24a	19177
tests/Images/Input/Tiff/flower-rgb-contig-16_lsb.tiff	0951a9c2207eb6864b6a19ec8513a28a874adddb37c3c06b9fd07831372924e3	19150
tests/Images/Input/Tiff/flower-rgb-contig-16_lsb_zip_predictor.tiff	eb465c21009def345d192319ba13ba2e1e537310eec3ab2cce680f0d111a4f18	18256
tests/Images/Input/Tiff/flower-rgb-contig-16_msb_zip_predictor.tiff	c098beb9c8f250e9d4f6eb66a3a42f3852ad3ca86aabbdbacfa897d93ec8bc0d	18254
tests/Images/Input/Tiff/flower-rgb-contig-24.tiff	c6368a704b0a629239024f6fbfb30723fa317593ef36ddba05d76302530bd974	28568
tests/Images/Input/Tiff/flower-rgb-contig-24_lsb.tiff	bbb2b4ca6d7eeee4737c6963c99ef68fb6971cf6ccee463427a8246574bc6440	28632
tests/Images/Input/Tiff/flower-rgb-contig-32.tiff	d7b9da8ec44da84fc89aed1ad221a5eb130a1f233a1ff8a4a15b41898a0e364f	38027
tests/Images/Input/Tiff/flower-rgb-contig-32_lsb.tiff	0876580f9c5d8e13656210582137104daba137c99d55eafb5ebbfa418efa6525	38027
tests/Images/Input/Tiff/flower-rgb-contig-32_lsb_zip_predictor.tiff	3ed60ad91ea70db01789f9dd37745d8a5ab86f72b98637cf2007b4e28a71976f	37632
tests/Images/Input/Tiff/flower-rgb-contig-32_msb_zip_predictor.tiff	1086c2ec568c5c3c2b08fcc66691fab017eb6fad109373a1dadd2e12fae86bc8	37630
tests/Images/Input/Tiff/flower-rgb-float32_lsb.tiff	a1f889baa6f3bb99f15609848cdd47d548d3e2ed1b7b558d428550dfa3bd4bf9	38050
tests/Images/Input/Tiff/flower-rgb-float32_msb.tiff	2c02be5dff2bcd5d60afbf379ba9095b0c8fd3a7a0063f684ac9ac9119f967a5	38050
tests/Images/Input/Tiff/flower-rgb-planar-02.tiff	21c4ede6382d8c72cb8e6f7939203d5111b362646a9727d95a2f63310ec8e5b3	2795
tests/Images/Input/Tiff/flower-rgb-planar-04.tiff	ca4434aa1a8c52654b20596c7c428c9016e089de75c29dc6ddcd32708874005c	5117
tests/Images/Input/Tiff/flower-rgb-planar-08-15strips.tiff	a49cf47fdf2ea43e5cb5a473523e50222fb13ff6a66bda2e4bdd5796f66140d8	9770
tests/Images/Input/Tiff/flower-rgb-planar-08-6strips.tiff	a49cf47fdf2ea43e5cb5a473523e50222fb13ff6a66bda2e4bdd5796f66140d8	9770
tests/Images/Input/Tiff/flower-rgb-planar-10.tiff	7f53948d4a36c80f45d70a315d2e76514ec41cabe982c06dbbd0d47e671120e2	12211
tests/Images/Input/Tiff/flower-rgb-planar-14.tiff	d28f021d40f53a011053f9644400fee2d29c02f97b4101fec899251125dbb18e	16855
tests/Images/Input/Tiff/flower-rgb-planar-16.tiff	0a143fb6c5792fa7755e06feb757c745ad68944336985dc5be8a0c37247fe36d	19177
tests/Images/Input/Tiff/flower-rgb-planar-16_lsb.tiff	46a60552a7ff37f2c16c43e030e7180872af712f5d9c9c7673e2547049af3da9	19168
tests/Images/Input/Tiff/flower-rgb-planar-24.tiff	752452ac51ad1e836fb81267ab708ff81cf81a4c7e00daeed703f67782b563ec	28586
tests/Images/Input/Tiff/flower-rgb-planar-24_lsb.tiff	72f27af4fe177ebe47bef2af64723497d5a5f44808424bedfc2012fe4e3fc34e	28586
tests/Images/Input/Tiff/flower-rgb-planar-32.tiff	a718ae37d6d7a5bb5702cc75350f6feec3e9cdcd7e22aaa4753c7fe9c2db9aae	38035
tests/Images/Input/Tiff/flower-rgb-planar-32_lsb.tiff	2241683d74e9a52c5077870731e7bd5a7e7558c2a04fd0edf57da3a583044442	38035
tests/Images/Input/Tiff/flower-ycbcr-contig-08_h1v1.tiff	95f7b71c3a333734f799d73076032e31a6dfff1802bb3b454ba1eada7be50b0d	10058
tests/Images/Input/Tiff/flower-ycbcr-contig-08_h2v1.tiff	270e0331818a755f5fac600172eacbcbebda86f93f521bfc8d75f4b8bc530177	6944
tests/Images/Input/Tiff/flower-ycbcr-contig-08_h2v2.tiff	7ef6ebc9dfe72fbe6ed65ebfc2465ebb18f326119a640faf3301aa4cfa31990f	5464
tests/Images/Input/Tiff/flower-ycbcr-contig-08_h4v4.tiff	c5ea966cc7b823a5d228b49cdc55a261353f73b1eb94a218f1c68321d757e25f	4342
tests/Images/Input/Tiff/flower-ycbcr-planar-08_h1v1.tiff	cdc4d8033214a6737f41c4e32d9314db77b3b1ae14515496f10468047390f6c5	10042
tests/Images/Input/Tiff/g3test.tiff	d5b2e1a17338133aa95cb8a16d82a171f5b50f7b9ae1a51ab06227dc3daa81d5	50401
tests/Images/Input/Tiff/grayscale_deflate_multistrip.tiff	aaee95d80f1e9eb9afbb7447da78a685f29359181ce71c045cff3aacda28a916	14530
tests/Images/Input/Tiff/grayscale_uncompressed.tiff	fefe6f6e1daf270546848c23ef437cfd072abb812e539fbab1006d74d416e9a4	65758
tests/Images/Input/Tiff/grayscale_uncompressed_16bit.tiff	49de8d78dc22c4c7e62b0c02ae409550c0247c49ec4685162a0fe986d3280aa7	131294
tests/Images/Input/Tiff/huffman_rle_all_makeup_codes.tiff	aa8dfeb96763b2b35b5f06f37021d7e33551485105ad4a3a704d76b3aecf039d	518
tests/Images/Input/Tiff/huffman_rle_all_terminating_codes.tiff	99a488957403e3c35f7dfbbcbe7f187a74e6cab61b233c91f4892079c04984fd	550
tests/Images/Input/Tiff/icc-profiles/Perceptual_CIELAB.tiff	9494eea65b2c5b6ef033fb89b4fee2ef97d07773ae4b3988da972e1ba152b890	64418
tests/Images/Input/Tiff/icc-profiles/Perceptual_CMYK.tiff	cfb7fe9e93362fa121d97fa05f61242733d79fa9fa06bb7153e1773e827567dd	601124
tests/Images/Input/Tiff/icc-profiles/Perceptual_RGB16.tiff	3b0e89ac971c23c12c9edff6f9e9dd066fe99f36e28e89972343d50562dd7dbd	65260
tests/Images/Input/Tiff/icc-profiles/Perceptual_RGB8.tiff	18b0e5ee58c9f53bf5414fc8244e98d65aa0bc6c3397e201399baff0cd378b23	35236
tests/Images/Input/Tiff/iptc.tiff	d7a8d89df97b35ab3be9745a345687defd427bf4ca519ad3c5a52208d98f7694	15170
tests/Images/Input/Tiff/little_endian.tiff	3b42205ddeb20f8bdb1182bdf1345e695be4bf9617ba0576bef0d5b76642fa1a	191232
tests/Images/Input/Tiff/metadata_sample.tiff	c2f20e3ebb51b743b635377b93e78a6dc91c07ca97be38f500c4d6d3c465d9c1	3472
tests/Images/Input/Tiff/moy.tiff	026bb9372882d8fc15540b4f94e23138e75aacb0ebf2f5940b056fc66819ec46	1968862
tests/Images/Input/Tiff/multipage_ withPreview_differentSize_tiled.tiff	5e5ef9ccff292ed33a352cd040326c1ceeefc2cd68aedf0598dbff8326deecf6	113784
tests/Images/Input/Tiff/multipage_deflate_withPreview.tiff	63360eb1e383d0d3830155a269c4b5f4b07f3a2cb386f18427ea1c5ae5f1817a	160015
tests/Images/Input/Tiff/multipage_differentSize.tiff	8476813a4c68883872a8a196f567a567d2351802f86114aef0c64e9786a7d8b9	210533
tests/Images/Input/Tiff/multipage_differentVariants.tiff	e54681a90093f0f613299eabf01db60ac971c96d26d281db01873b2cb9fb2d09	483062
tests/Images/Input/Tiff/multipage_lzw.tiff	da86a6d5fa61609edb54ef9118be16d89488f0cfce0acd16990e68b685f76094	43432
tests/Images/Input/Tiff/palette_grayscale_deflate_multistrip.tiff	a6b269e44539ea2e36f6357941c97a158ee288a7b44dab35338c241de69b5d37	16078
tests/Images/Input/Tiff/palette_uncompressed.tiff	75f1bcaff7dc09ddbe6ded7b764b8c0b17bffc3392bafdc7bc7a4c7d616a38e5	67394
tests/Images/Input/Tiff/quad-tile.tiff	ab5e5c87cd575472c6fc3e0d5824ebc818b88bf6e5e4aff3afe66f8725351a09	209220
tests/Images/Input/Tiff/rgb-ycbcr-contig-08_h1v1.tiff	389ee18596cd3d9f1f7f04b4db8fd21edce2900837c17ebb57cc4b64a6820f3e	120354
tests/Images/Input/Tiff/rgb-ycbcr-contig-08_h2v2.tiff	fbd835c2406700523b239b80299b2b02c36d41182ac338f7ed7164979a787c60	63438
tests/Images/Input/Tiff/rgb-ycbcr-contig-08_h4v2.tiff	399d5bc062baa00c2054a138489709379032f8683fbcb292bb2125b62e715b5f	50336
tests/Images/Input/Tiff/rgb-ycbcr-contig-08_h4v4.tiff	58c4914b32b27df1ef303bb127fe9211c2aeda23e17bb5f4b349543c96d845b7	45152
tests/Images/Input/Tiff/rgb_deflate.tiff	0af0db6a42424e3db5c6b84be6e253817413b2de68cc91f7288a8434150fe088	67130
tests/Images/Input/Tiff/rgb_deflate_multistrip.tiff	eb8375584d0ba70626f0026bf91306c423a6c00f511362a3ce523cefb1e65d56	68058
tests/Images/Input/Tiff/rgb_deflate_predictor.tiff	a1db70e0cfb056cfc675db3a2b85a1f226c53cd70275808773ff580c738b3db1	3158
tests/Images/Input/Tiff/rgb_jpegcompressed_nojpegtable.tiff	3e889209fc31702aaa7c966c1b5370cc0904cbfbcfd17718977045049cc1bfd9	5904
tests/Images/Input/Tiff/rgb_jpegcompressed_stripped.tiff	1f027d8c2ab0b244f04e51b9bf724eac0123e104a2446324496a08bdf5881922	10550
tests/Images/Input/Tiff/rgb_jpegcompression.tiff	aa7f77e16bc51a55f5d2cb8d162801ea9edc620e16ec7ab43323f3c994830399	5736
tests/Images/Input/Tiff/rgb_lzw_multistrip.tiff	55ecb81526b238ca4a43b559a33a3b393b9776fe32fd2f3b78a1b460780f7ba9	26962
tests/Images/Input/Tiff/rgb_lzw_noPredictor_multistrip.tiff	b67399bf019d8a585a6433bcaf6299846b85cb7783cf9350340b900185e645c6	155004
tests/Images/Input/Tiff/rgb_lzw_noPredictor_multistrip_Motorola.tiff	f3fa8877b14979d2b56c0f0acd18b1c797ffe5d4ab91fce5dad8e1177acf7f4d	155004
tests/Images/Input/Tiff/rgb_lzw_noPredictor_singlestrip_Motorola.tiff	86cd325c7587d1712c91fed16d18a16dcbbbce97de6f9e3ae782e0e5da1ff541	154735
tests/Images/Input/Tiff/rgb_lzw_no_predictor.tiff	895f7e1fb17e42175e6c0d67fbc08a7c65d7e19a71e67388034cdaecc407407a	131092
tests/Images/Input/Tiff/rgb_lzw_predictor.tiff	8fe0ad0f383136e32f45c922de530ebcbce055f99ca81ef1d50608e241ea621c	25806
tests/Images/Input/Tiff/rgb_packbits.tiff	8c5c7996d78fb97a43bdd6d9fec7c1cb6bdea546d73c21f5a068edc602ff3aa8	198460
tests/Images/Input/Tiff/rgb_packbits_multistrip.tiff	79ea79362ddad668b28cb919c91dc793b4246f33e411e3794cbe587c5461367a	198402
tests/Images/Input/Tiff/rgb_palette.tiff	75f1bcaff7dc09ddbe6ded7b764b8c0b17bffc3392bafdc7bc7a4c7d616a38e5	67394
tests/Images/Input/Tiff/rgb_palette_deflate.tiff	434cc4c212dfa975c130e2acd7c704b9cc6d0bf168336b8f778f811ddaf6a812	24990
tests/Images/Input/Tiff/rgb_small_deflate.tiff	09c964c2f11806c2ff1e9fc7b06ddbecbc9e94cb7f4bd2b9841f0a3939d98eef	2575
tests/Images/Input/Tiff/rgb_small_lzw.tiff	2630a452dcc86f557594fe29ae4244fbb29a276cdee53835157af17f966e1405	3221
tests/Images/Input/Tiff/rgb_uncompressed.tiff	87134a685bcd816d77cae664b415f1b6a25b78933953c128a742fba653eca9fa	196924
tests/Images/Input/Tiff/rgb_uncompressed_tiled.tiff	165d85d8e3be6b44309855474c73ae6c14267393945d287fc20be4fcadc0e3f3	3337
tests/Images/Input/Tiff/rgb_uncompressed_tiled_chunky.tiff	42bf0a62b8d5de300c0f284c23b5ac1fc7ae9487beeaa3f2ea5a1f6c0c48ced6	339070
tests/Images/Input/Tiff/rgb_uncompressed_tiled_planar.tiff	1ab10d6714142608d0e003d0de1d9f573af996254772f609107815a938141b57	339178
tests/Images/Input/Tiff/tiled.tiff	f07be69e33985e7bcf6305eb74e3f23b124dc75509d192697df789318913174b	31357
tests/Images/Input/Tiff/tiled_gray_16bit_big_endian_deflate_compressed_predictor.tiff	af45780d252025f690e039738f37a6656fea72ecdc8b816eea354259af46ebed	87491
tests/Images/Input/Tiff/tiled_gray_16bit_big_endian_lzw_compressed_predictor.tiff	190a4968abd4bbd39273020f0f8bee0e0e48573931653eaea5e49b49d3961206	87301
tests/Images/Input/Tiff/tiled_gray_16bit_little_endian_deflate_compressed_predictor.tiff	19b4a2ee8761e0016a598f66f12eb62edf4c4d30f33694d30986ce84516ac454	80177
tests/Images/Input/Tiff/tiled_gray_16bit_little_endian_lzw_compressed_predictor.tiff	879bacee73f5fea767439071aa6057d66d2d61bc554b109abb7b79765873730b	78795
tests/Images/Input/Tiff/tiled_gray_32bit_big_endian_deflate_compressed_predictor.tiff	ac571a8aa1274bd11f79d7d428d72e46d25ffcb331630f5eb114b94283055f7e	90547
tests/Images/Input/Tiff/tiled_gray_32bit_big_endian_lzw_compressed_predictor.tiff	f4bebd7e62dbe54456923981b27dcc1415362c30a7c3c0ca665acf8dbdfe1cc8	115129
tests/Images/Input/Tiff/tiled_gray_32bit_little_endian_deflate_compressed_predictor.tiff	bec8072a0062101c08e0c1c1f4265150a53276d2568ada482b0ad554b13d658d	90585
tests/Images/Input/Tiff/tiled_gray_32bit_little_endian_lzw_compressed_predictor.tiff	e618556125236e2b0034b8654ab7b3e8956cf6db3c7c35ae365445ce85b2ea3d	114137
tests/Images/Input/Tiff/tiled_gray_deflate_compressed_predictor.tiff	ce5c12864099fa02c5702a5da3f5af8cadcf7822ff95ee117a3b8d846518d9d8	59361
tests/Images/Input/Tiff/tiled_gray_lzw_compressed_predictor.tiff	2942e3a2e83ee1e10cc238299c21dcc9ccad7058b0b389f69dcf3186cbd215a1	67849
tests/Images/Input/Tiff/tiled_rgb_48bit_big_endian_deflate_compressed_predictor.tiff	e5ffcad0698d5485dfaffc8fa8368e62e45ec54b715f82c93b0854a41875ea11	220425
tests/Images/Input/Tiff/tiled_rgb_48bit_big_endian_lzw_compressed_predictor.tiff	8f69c65b66041cc34bfe894628bbe39a9e09cc9a8e7eccaefad42b672b2d2e3b	234705
tests/Images/Input/Tiff/tiled_rgb_48bit_little_endian_deflate_compressed_predictor.tiff	c3ea3976405c5512d676a0830c5d2d7a4d2c12128e56b0cf1c722b7152f4e255	220415
tests/Images/Input/Tiff/tiled_rgb_48bit_little_endian_lzw_compressed_predictor.tiff	c6715b725ac4ac2ba57f7c9f6b8fd89182b6d2c5a6b8d9141f204783bc44a8c5	234697
tests/Images/Input/Tiff/tiled_rgb_64bit_big_endian_deflate_compressed_predictor.tiff	f4b95d268817cfd2e261d76a6698b51f2ccb7fbda39dc26737c9572d445f3e0e	240737
tests/Images/Input/Tiff/tiled_rgb_64bit_big_endian_lzw_compressed_predictor.tiff	74dbdcc550fd0c9a425a02bb48a458e2c285030fd3fdaa8e6359bae1f4e06096	270201
tests/Images/Input/Tiff/tiled_rgb_64bit_little_endian_deflate_compressed_predictor.tiff	8601908cea23f1cb15d46472c53424a7222213a8f1a3aa8df984f64068c6654c	240651
tests/Images/Input/Tiff/tiled_rgb_64bit_little_endian_lzw_compressed_predictor.tiff	e7364b83b36201d4f40144a619c7bf551f0ff27509aba3db3c7a1dbc01a881d8	270305
tests/Images/Input/Tiff/tiled_rgb_96bit_big_endian_deflate_compressed_predictor.tiff	1ad32fab0240fdd87752857d349768802305a4eed73cc42146ad92a25525963e	232587
tests/Images/Input/Tiff/tiled_rgb_96bit_big_endian_lzw_compressed_predictor.tiff	1c0b50066a4480b02c36ee97885e30498b0c9a702de6d317c648a7908a2d119d	313111
tests/Images/Input/Tiff/tiled_rgb_96bit_little_endian_deflate_compressed_predictor.tiff	6022edc75314270ca5afb198113d74d5598b50663eda27a9a40563b7384d5976	232667
tests/Images/Input/Tiff/tiled_rgb_96bit_little_endian_lzw_compressed_predictor.tiff	02e12574235e0861f4cad850869f53893b35334142c36d7c27d317382167ed68	311165
tests/Images/Input/Tiff/tiled_rgb_deflate_compressed_predictor.tiff	ba8740738c2d86a22cc1bf43b1036e296e7caca8dad1ae70fd090edd9579f2cd	163803
tests/Images/Input/Tiff/tiled_rgb_lzw_compressed_predictor.tiff	c47d681bfefa0cb12a25d685f13cc9fd01b3e0cb99828b97ccd948b43c138cfa	180641
tests/Images/Input/Tiff/tiled_rgba_128bit_big_endian_deflate_compressed_predictor.tiff	a8b7aad5756525ba52e43e309a982bc318197b68a168d2cf08bae6ee4422f59c	264637
tests/Images/Input/Tiff/tiled_rgba_128bit_big_endian_lzw_compressed_predictor.tiff	9b8e0812543f47ce79701ddc57a6473f8f3c6e016520cdc76cf4c1c11a5f54a0	370941
tests/Images/Input/Tiff/tiled_rgba_128bit_little_endian_deflate_compressed_predictor.tiff	0405c620eb35ce375a2a3e198ab4208e450d420a1eea17846d69fd810b7bf0aa	264749
tests/Images/Input/Tiff/tiled_rgba_128bit_little_endian_lzw_compressed_predictor.tiff	50620e1aeeb1d99fc108d08215f51eb7ef648cba506a1b657a74ee138b9e3a5f	369133
tests/Images/Input/Tiff/tiled_rgba_64bit_big_endian_deflate_compressed_predictor.tiff	f456272c6948159ea17d6fa7d2a89e30521c1d4e29f0ad0b1a79894f122d2153	220119
tests/Images/Input/Tiff/tiled_rgba_64bit_big_endian_lzw_compressed_predictor.tiff	a0ddd2ec8f73c784b060ff790e70f586bba70905b75f3cf8ae18f2b054e1eb06	244677
tests/Images/Input/Tiff/tiled_rgba_64bit_little_endian_deflate_compressed_predictor.tiff	ee63d8b0d63fd091390678a4a2600df5c14a122002a4d9c93e7d01082a2ee347	220045
tests/Images/Input/Tiff/tiled_rgba_64bit_little_endian_lzw_compressed_predictor.tiff	d8e05d9ca953045d732c4304575588d2db2ead50177b2ed9416922568760ee1f	244625
tests/Images/Input/Tiff/tiled_rgba_deflate_compressed_predictor.tiff	c0a3ecf077c701f450ce363633583134a79fd9d4d91fff0bd79f4bebe5f18649	185503
tests/Images/Input/Tiff/tiled_rgba_lzw_compressed_predictor.tiff	183e011bc22048d65cd1945d60dc25dc9cb688d9141afefa1c66ae0edfca8309	202825
tests/Images/Input/Tiff/twain-rgb-jpeg-with-bogus-ycbcr-subsampling.tiff	d7a559d36e3852265ab4f82e43d28cc0bfc310813a5ced08e51c1366d8e323f9	146853
tests/Images/Input/Tiff/webp_compressed.tiff	72fd7fa941aa6201faa5368349764b4c17b582bee9be65861bad6308a8c5e4fe	4898
tests/Images/Input/Tiff/ycbcr_jpegcompressed.tiff	27fa1d37cd62a9cf105a5e3e015e6a16a13ca7fa82f927a73d32847046c66073	6136
tests/Images/Input/Tiff/ycbcr_jpegcompressed2.tiff	533f92b6a45c2de4dc0f3cdb8debf45dcfe84790cfa652404b2f44e15f06e44f	38816
tests/Images/Input/Webp/1602311202.webp	4dac76bec0e5b23a988b0f2221e9b20e63dc207ef48f33e49a4336a874e2a915	18406
tests/Images/Input/Webp/alpha-blend-2.webp	b07a49ab8b3af82fa123faf897ec537cd26d57175b1d6301b617372c06432899	1580484
tests/Images/Input/Webp/alpha-blend-3.webp	b7244a2cfb42285a196fc7846c49da65fac47e5b85f735bc07b131707c8a2d46	948
tests/Images/Input/Webp/alpha-blend-4.webp	8c8b98f188d006715bd5bc60593ff2a379078f28a7fc14a51d28ae1cfb279aac	2185502
tests/Images/Input/Webp/alpha-blend.webp	5dc2762d1c1030fb951e1af57eaa7e66035a7b5e63bd9dc9f9bd50f0ff5c4c3a	1297692
tests/Images/Input/Webp/alpha_color_cache.webp	c4b9e2459858e6f6a1d919c2adeb73d7e2ad251d6bfbfb99303a6b4508ca757a	1838
tests/Images/Input/Webp/alpha_filter_0_method_0.webp	150ff79f16e254281153d7e75e5968663c7f83ae58217b36c12d11088045eb07	22038
tests/Images/Input/Webp/alpha_filter_0_method_1.webp	96f514bce6faa65330eba17c06eb1cf120ba8c133288ab2633afa63d7c6c66ad	12162
tests/Images/Input/Webp/alpha_filter_1.webp	53ad8a7038fed7bdfa90db1c1f987782a9f46903aaccd5ad04dd78d067632fba	114
tests/Images/Input/Webp/alpha_filter_1_method_0.webp	4dc2d060c723aa0a855bc696191d220a60a36bad014cda9764ee93516fa9f073	22038
tests/Images/Input/Webp/alpha_filter_1_method_1.webp	79000c9c553f28e4ea589e772dd46a47a604f961050ca191a84a03d92d212eb8	15592
tests/Images/Input/Webp/alpha_filter_2.webp	0a1eba20a9ba6a09735c2424d31e26c9282be64a0d7795dd689a42c4921d436b	114
tests/Images/Input/Webp/alpha_filter_2_method_0.webp	3d169bfee11e65f1b5870142531d1e35539e2686640d19fa196b36a5b7b33a45	22038
tests/Images/Input/Webp/alpha_filter_2_method_1.webp	16ce80b417c8d5d95d895e3a50be00247262a3ab5700e2a22a408f5042884042	15604
tests/Images/Input/Webp/alpha_filter_3.webp	4052952ea401afa934b2d262f2852f615160c7cb82c4406c47622d26b343e95e	118
tests/Images/Input/Webp/alpha_filter_3_method_0.webp	79c7f73faec6a9b0f7ec5d274a3dd10a7eb002ebab114122a49f9794c5b8541a	22038
tests/Images/Input/Webp/alpha_filter_3_method_1.webp	e11b944fd8aa2e5f90c7bea05527a94e919492bef0bc464bac1493e00724ae01	18266
tests/Images/Input/Webp/alpha_no_compression.webp	864de77c2209a8346004f8fe5595ffb35cfaacb71f385cc8487236689056df7d	336
tests/Images/Input/Webp/animated-webp.webp	cf633cfad0fba9b53ef84f0319db15537868bbe75c7b3cd0f31add9c0d25addf	37341
tests/Images/Input/Webp/animated2.webp	b17cfa1c0f484f1fc03f16d07684831585125817e5c7fb2c12cfed3d6ad863a8	11840
tests/Images/Input/Webp/animated3.webp	68ba327459ac40a7a054dc5d8b237d3ce0154524854a4f2334e3b839524d13a9	41063
tests/Images/Input/Webp/animated_lossy.webp	54957c3daa3ab0bf258c00b170fcfc0578d909acd5dfc870b752688b9b64e406	73772
tests/Images/Input/Webp/bad_palette_index.webp	8540997edf54f030201f7354f52438dd04bf248fb21a72b71a93095fc681fb5e	9682
tests/Images/Input/Webp/big_endian_bug_393.webp	4f2359f5425d78dbe16665d9e15cb56b84559eff527ab316c509a5dd1708c126	16313
tests/Images/Input/Webp/bike_lossless.webp	5a552b43d45c77ece0ab4331f054fb183725420748656d47a49c5b672e42f4f9	61782
tests/Images/Input/Webp/bike_lossy_complex_filter.webp	21612476f2d7668f773ce286af1a2a4c33da8718352c5a5c1dd839a4643de823	9396
tests/Images/Input/Webp/bike_lossy_small.webp	d0cff46a5bbc4903e8e372ee79e988942c101a6cc6642658cb92a9f377443dca	2598
tests/Images/Input/Webp/bike_lossy_with_exif.webp	9f93883b8ba4ebc9c048c598b9294736baddfa756c4884e85f0d3b8e7f9d996c	39244
tests/Images/Input/Webp/bryce.webp	d6ba1142638a7ae9df901bb7fc8e3a9e6afbe0ec8320fd28e35308a57a2e3e4f	3533772
tests/Images/Input/Webp/bug3.webp	37d98a0b3e2132f7b5bbc03935a88a8659735c61268d8ce6acdfccfa574f4166	954
tests/Images/Input/Webp/color_cache_bits_11.webp	a19dde0c51ce4c83d9bc05ea3b8f3cfed9cfac7ca19dcb23d85c56e465242350	15822
tests/Images/Input/Webp/earth_lossless.webp	35e61613388342baac7f39a4a3c3ae32587a065505269115a134592eee9563b8	7813062
tests/Images/Input/Webp/earth_lossy.webp	c45c068709fa3f878564d399e539636b9e42926291dde683adb7bb5d98c2c680	467258
tests/Images/Input/Webp/exif_lossless.webp	21de077dd545c182a36584955918a70643ae2b972b208234f548d95ef8535a3e	183286
tests/Images/Input/Webp/exif_lossy.webp	5c53967bfefcfece8cd4411740c1c394e75864ca61a7a9751df3b28e727c0205	68646
tests/Images/Input/Webp/exif_lossy_not_enough_data.webp	fdf4e9b20af4168f4177d33f7f502906343bbaaae2af9b90e1531bd4452b317b	40765
tests/Images/Input/Webp/flag_of_germany.png	26bf39cea75210c9132eec4567f1f63c870b1eec3b541cfc25da7b5095902f41	72315
tests/Images/Input/Webp/icc-profiles/Perceptual-cLUT-only.webp	7b7ef9eedd1b2a4b93f11ac52807c071f7d0a24513008c3e69b0d4a0fd9b70db	186596
tests/Images/Input/Webp/icc-profiles/Perceptual.webp	aad13221b103b60c21a19e7ecfbab047404f25269485d26fc5dee4be11188865	189800
tests/Images/Input/Webp/issues/Issue1594.webp	37413b1a89ba7d42cdfe98196775c2ddc2f8f4d143f6fc65218dc288423b7177	62
tests/Images/Input/Webp/issues/Issue2243.webp	c1aae55fae66f3f9469ad5e28eb8134a04b1c5d746acf0a4a19d0f63ca0581cd	55068
tests/Images/Input/Webp/issues/Issue2257.webp	55f87aee4283615bad9705ac459867facba5b6be114d7e1ece51db7c1ef87916	117810
tests/Images/Input/Webp/issues/Issue2528.webp	b4aa2ba2e6ef0263b5b657e4d15241d497721a0461250b1d942751812b96de71	60214
tests/Images/Input/Webp/issues/Issue2670.webp	23ad5eb449f693af68e51dd108a6b9847a8eb48b82ca5b848395a54c2e0be08f	152
tests/Images/Input/Webp/issues/Issue2763.png	eb221c5045e9bcbfdb7f4704aa571d910ca0d382fe4748319fe56f4c8c2aab78	429101
tests/Images/Input/Webp/issues/Issue2801.webp	e90a0d853ddf70d823d8da44eb6c57081e955b1fb7f436a1fd88ca5e5c75a003	261212
tests/Images/Input/Webp/issues/Issue2866.webp	15e8a52a6d528fe071e73b037543b682bf62da7bab6d98ab690f25dd97f7298e	248688
tests/Images/Input/Webp/issues/Issue2906.webp	56fe6a91feb9545c0a15966e0f6bc560890b193073c96ae9e39bf387c7e0cbca	157092
tests/Images/Input/Webp/issues/Issue2925.webp	e12207babf122af7a62246938c2e78faa0d3f730edb3182f4f9d6adae6bfc602	262144
tests/Images/Input/Webp/landscape.webp	1e9f8b7ee87ecb59d8cee5e84320da7670eb5e274e1c0a7dd5f13fe3675be62a	26892
tests/Images/Input/Webp/leo_animated_lossless.webp	bab815db08e8f413c7a355b7e9c152e1a73e503392012af16ada92858706d255	400342
tests/Images/Input/Webp/leo_animated_lossy.webp	00fffbb0d67b0336574d9bad9cbacaf97d81f2e70db3d458508c430e3d103228	64972
tests/Images/Input/Webp/lossless1.webp	5eaf3d3e7f7a38487afa8d3f91062167eb061cd6a5dfa455d24a9a2004860311	15368
tests/Images/Input/Webp/lossless2.webp	5131b5d7c0ba6bd7d6e6f74a325e0ffa2d388197b5132ed46a5c36ea8453cb22	15898
tests/Images/Input/Webp/lossless3.webp	2bcca2ea2a1a43d19c839528e9b831519e0a6875e4c9a2ce8bb9c34bb85ece3a	15734
tests/Images/Input/Webp/lossless4.webp	a96cc5243569ada325efadb3a6c78816b4a015a73283a400c5cc94893584901f	4332
tests/Images/Input/Webp/lossless_alpha_small.webp	d078eb784835863f12ef25d9c1c135e79c2495532cec08da6f19c2e27c0cacee	1638
tests/Images/Input/Webp/lossless_big_random_alpha.webp	40928dc5a6ca61e7008d212e66b24f5e62f43d5fe55f23add9843414168cbaa6	13968249
tests/Images/Input/Webp/lossless_color_transform.webp	5b9557b7f3798bb9b511f2edad5dad330d7346f5f13440a70627488f9a53ec81	163807
tests/Images/Input/Webp/lossless_vec_1_0.webp	011089057caf7e11c9a59d3ec2b3448ea56d83545622e313f8584a22c322bc90	50
tests/Images/Input/Webp/lossless_vec_1_1.webp	482c1304367ede7a4b2e43e14aefced318c075e82e466473720d3bdabc0526fc	106
tests/Images/Input/Webp/lossless_vec_1_10.webp	f91a575ba29729357a612eb511a9ebab725c2d34a6a6eaaf6b6a16cee3ba25a2	80
tests/Images/Input/Webp/lossless_vec_1_11.webp	e598e8d2aef6a562a80c3fc9cb7cc6fdd979e210c26ed3a4defbdf895ae1c1cc	132
tests/Images/Input/Webp/lossless_vec_1_12.webp	45fa843b9d374e1949f58e9d0d2a2ecf97d4a9cc2af55dfa3ef488d846ea3c80	56
tests/Images/Input/Webp/lossless_vec_1_13.webp	04a9d1c2e8b43224f5d12623e4a085be1e1c5dda716bfd108202c64b1d796179	114
tests/Images/Input/Webp/lossless_vec_1_14.webp	a8b8130c71e6958fd7eab9539f431125a35075cf0c38fc7ebb1316aa0a4d1946	78
tests/Images/Input/Webp/lossless_vec_1_15.webp	f06eaa2e3fdc11235d9b9c14485e6e5a83f4f4de10caf05a70c0fdfc253c7a67	130
tests/Images/Input/Webp/lossless_vec_1_2.webp	eed151dabacbad9b99aa5ad47787240f5344d8cd653f2c3842ccc0f95d6ce798	76
tests/Images/Input/Webp/lossless_vec_1_3.webp	45a32abfcc449acff80249885078ffe56d244d85db7120fdb30f58ae2bf89ac9	132
tests/Images/Input/Webp/lossless_vec_1_4.webp	6021a817ad3e17053de4b170b9ff2c7646ee2ef365b23a5e75bea3159d83023a	50
tests/Images/Input/Webp/lossless_vec_1_5.webp	673161af330a911bd6a3bc3f0ab266a34eafba139a174372dd20727b8831e7e1	106
tests/Images/Input/Webp/lossless_vec_1_6.webp	b90db591321b6235cfbf2c4a9083f29459185b84953c7ca02b47da16f82df149	76
tests/Images/Input/Webp/lossless_vec_1_7.webp	89aaf7749eefb289403ca6bdac93c0b80ac47da498f5064ea9f064994479045e	122
tests/Images/Input/Webp/lossless_vec_1_8.webp	8c255d6803fb2d9fa549322e9eb1ac5641ee091c32a24810310464d207bb73cc	56
tests/Images/Input/Webp/lossless_vec_1_9.webp	99e579d9b23ac41a1c6162b6c0585d7cd9a797058f7c89e5a5a245bd159cd1b0	112
tests/Images/Input/Webp/lossless_vec_2_0.webp	b90cb047e529364197e0435122e96be3e105c7e4b21688a56be9532af9a08609	12822
tests/Images/Input/Webp/lossless_vec_2_1.webp	1ee2154490d6342aff5bbebae8a29aa00ba2aa4630b5c071fe7f45c327e1e56b	10672
tests/Images/Input/Webp/lossless_vec_2_10.webp	8ef60485d13cd7c19d7974707d3c0b00bb8518f653669b992e1de9aea4fdd305	20362
tests/Images/Input/Webp/lossless_vec_2_11.webp	418e017cafcf4bbb09ed95c7ec7d3a08935b3e266b2de2a3b392eb7c0db7e408	10980
tests/Images/Input/Webp/lossless_vec_2_12.webp	0923abbeaf98db4d50d5a857ec4a61ca2cdf90cb9f7819e07e101c4fda574af0	14280
tests/Images/Input/Webp/lossless_vec_2_13.webp	13abcefd4630e562f132040956aa71a66df244e18ea4454bcb58c390aba0e3a7	9818
tests/Images/Input/Webp/lossless_vec_2_14.webp	f73aea1e60ae1d702aefd5df65c64920c7a1f7c547ecee1189864c9ecd118c00	20704
tests/Images/Input/Webp/lossless_vec_2_15.webp	6b5cb1bf92525785231986c48f9d668b22166d2ff78b1a1f3fdcae6548c5e24b	11438
tests/Images/Input/Webp/lossless_vec_2_2.webp	880f63d6da0647bc1468551a5117b225f84f0e9c6df0cbb7e9cffbebcec159da	21444
tests/Images/Input/Webp/lossless_vec_2_3.webp	50bbb2e1c3e8fb8ee86beb034a0d0673b6238fa16f83479b38dec90aba4a9019	11432
tests/Images/Input/Webp/lossless_vec_2_4.webp	3ec19bfa2bd9852cc735320dde4fa7047b14aca8281f3fbc1ad5fa3ad8215d6b	12491
tests/Images/Input/Webp/lossless_vec_2_5.webp	09b72c5e236ef7c27a1cc80677e2c63f2b8effd004009de1c62fad88d4ad6559	10294
tests/Images/Input/Webp/lossless_vec_2_6.webp	a6f63102a86ec168f1eeb4ad3bd80fc7c1db0d48b767736591108320b5bed9f8	21922
tests/Images/Input/Webp/lossless_vec_2_7.webp	99353d740c62b60ddc594648f5885380aeb2ebe2acb0feb15a115539c6eebdc1	11211
tests/Images/Input/Webp/lossless_vec_2_8.webp	215ace49899cf63ade891f4ec802ecb9657001c51fbd1a8c2f0880bc4fb2760a	12640
tests/Images/Input/Webp/lossless_vec_2_9.webp	033e7d1034513392a7b527176eeb7fab22568af5c2365dd1f65fdc3ad4c0f270	10304
tests/Images/Input/Webp/lossless_with_iccp.webp	863db3c8970769ec4fc6ab729abbd172a14e3fbb22bc3530d0288761506d751e	75858
tests/Images/Input/Webp/lossy_alpha1.webp	403dff2d4cffc78607bcd6088fade38ed4a0b26e83b2927b0b1f28c0a826ef1c	19478
tests/Images/Input/Webp/lossy_alpha2.webp	5f2cd2585d5254903227bd86f367b400861cde62db9337fb74dd98d6123ce06c	13566
tests/Images/Input/Webp/lossy_alpha3.webp	ca1d20c440c56eb8b1507e2abafe3447a4f4e11f3d4976a0dc1e93df68881126	9960
tests/Images/Input/Webp/lossy_alpha4.webp	2feb221aee944cb273b11cf02c268601d657f6a8def745e4a6b24031650cd701	4262
tests/Images/Input/Webp/lossy_extreme_probabilities.webp	4bad65a42ed076a8684494c8a11eb8be02da328195228aa635276f90b4523f27	468740
tests/Images/Input/Webp/lossy_q0_f100.webp	cf480a1328f5f68b541f80e8af1bf82545f948874dd05aacd355adee2b7ca935	270
tests/Images/Input/Webp/lossy_with_iccp.webp	434cfe308cfcaef8d79f030906fe783df70e568d66df2e906dd98f2ffd5bcc1b	63036
tests/Images/Input/Webp/near_lossless_75.webp	12e6b033cb2e636224bd787843bc528cfe42f33fd7c1f3814b1f77269b1ec2ab	45274
tests/Images/Input/Webp/peak.png	b9b56ed5c1278664222c77f9a452b824b4f9215c819502b3f6b0e0d44270e7e7	26456
tests/Images/Input/Webp/rgb_pattern_100x100.png	12f39b990367eb09ffbe69eb11bf970b5386e75a02a820e4740e66a079dda527	30225
tests/Images/Input/Webp/rgb_pattern_63x63.png	3a7826312b4dabc2d8a89bf84e501ddb0bcc09932c54d2dedb0c96909da94da8	12071
tests/Images/Input/Webp/rgb_pattern_80x80.png	f4e27705d23ff33dbac5bdfe8e7e75a6eeda359ff343594fb07feb29abbc2fb5	19393
tests/Images/Input/Webp/segment01.webp	4236341aa2f02c44ea0e6caa9a6b0c059ac87ca1d490821ce81dbb565732c5d0	7658
tests/Images/Input/Webp/segment02.webp	99ecbb7b2b42128050242e67eb0ae424e09f2a886f9cd862d1cf176fcdf1542b	7112
tests/Images/Input/Webp/segment03.webp	fbe0d3c0b2d180ea1ed92ea6321667071dea2831991741f9769745947c37ff42	5470
tests/Images/Input/Webp/small_13x1.webp	29121ecb41cb11a2e0301f20aaa10b971bcf93d711e402fc7e331d01d86b7cf1	106
tests/Images/Input/Webp/small_1x1.webp	2f34799482dd5349b549d113fdaa188714d9737fe414e71541b752627bedbde3	94
tests/Images/Input/Webp/small_1x13.webp	15acf5b0193273afc3cfa4207718b50acd79ffea20cd6a6beab01717d080887a	106
tests/Images/Input/Webp/small_31x13.webp	9649f11b7ff9ffde0119b57b7728d837a3f04854e92ef03f2f06d79fbf63748b	262
tests/Images/Input/Webp/sticker.webp	49795fc80522dae2ca687b345c21e9b0848f307d3cc3e39fbdcda730772d338c	27734
tests/Images/Input/Webp/test-nostrong.webp	85e7ca4f1361394a29f4f0c9d4e5a31f20c2cc6b8816f991bad80b523941e2f9	1968
tests/Images/Input/Webp/test.webp	a3665d7a6fd48ff60137ae29ac6792207aed3f768c2c05ef324f64c78352d5a5	4928
tests/Images/Input/Webp/testpattern_opaque.png	b89449ae398c5b54a120b6b1e6b394e6d5cd58f0a55e5fb86f759fa12dcd325f	1983
tests/Images/Input/Webp/testpattern_opaque_small.png	81ef8da0aae89095da92ac82830e0f3de935d62248954e577bf4d573158ffd5f	35660
tests/Images/Input/Webp/very_short.webp	50c3d70b2fd3caad1fbe01b7a0a6b0c9152525b2ed4dde7a50fbba6c1ea6a0d6	86
tests/Images/Input/Webp/vp80-00-comprehensive-001.webp	44e1ddf3593d26148a03fb95379e03bb21fb397e3c9a26d64b47433e521d91c6	754
tests/Images/Input/Webp/vp80-00-comprehensive-002.webp	cbd5f5c38f1d2692b1e21b9981d50f71522faff68d57929674899c810cb5ed88	4448
tests/Images/Input/Webp/vp80-00-comprehensive-003.webp	526dbfc452a5c72edc672a2bed229196a67232dcc852b0b5c806d82e9bc108f2	4500
tests/Images/Input/Webp/vp80-00-comprehensive-004.webp	9fb9183e44744997a9afec7242120c2e92c1dd9a9351ca5312abbe5ee0606c39	754
tests/Images/Input/Webp/vp80-00-comprehensive-005.webp	788a937a4287e41d8116fc8f79673fea47a90090e68bdc966af9a14943eff11c	4444
tests/Images/Input/Webp/vp80-00-comprehensive-006.webp	9642771e93f4d43fa0cde4116a447dc108cada765c94c0d46cdd1750d3712db8	8528
tests/Images/Input/Webp/vp80-00-comprehensive-007.webp	b44d063894291fb1b5309206bf476a2daa3263373db4e9f32a5f9a525b3d8b59	346
tests/Images/Input/Webp/vp80-00-comprehensive-008.webp	8c3e47eaa974319611baa3c12faeb9ce9ffbdd73e088c0f9dde164384b6b866c	45636
tests/Images/Input/Webp/vp80-00-comprehensive-009.webp	dc9d71fffce845fc46717bf7fc89647a711afd4398a3c16668727aa38585f5c3	8502
tests/Images/Input/Webp/vp80-00-comprehensive-010.webp	de3cef909dc6cf5f0211351401ab1b303efe2358b9654a8d6ac01e3a4f29178b	16050
tests/Images/Input/Webp/vp80-00-comprehensive-011.webp	a856ab961966aad8dde337c71303f145e24e3d8a066eeb7a08d323d90c84221e	758
tests/Images/Input/Webp/vp80-00-comprehensive-012.webp	2ffe43365b937f075ee508159ae166fec7bc0671358ff5c2bdc8f5689b20f860	1044
tests/Images/Input/Webp/vp80-00-comprehensive-013.webp	0d5301de57b7fd3cfdf55e463020742a88e0d3b522e602090acc2cf1f7a264ef	758
tests/Images/Input/Webp/vp80-00-comprehensive-014.webp	957cf5dfd41e46ee332791082fdb2e42ca63881a0b76865ced7a09c4fbab6138	11982
tests/Images/Input/Webp/vp80-00-comprehensive-015.webp	d65d42a905b9cdccc38b968573f9b7d86a296dbb3972ec07ae56caae84ee40f1	7412
tests/Images/Input/Webp/vp80-00-comprehensive-016.webp	77d17a74d586ccd2abea002e7b966d2b887bab68be2aa1c3866d5ea2f3587e76	188
tests/Images/Input/Webp/vp80-00-comprehensive-017.webp	0797cd3ff4e12e1de9a2330ccd78fb675e6d2d7422803350a00df5c1125faaf8	188
tests/Images/Input/Webp/vp80-01-intra-1400.webp	385b683228d78120162c4be79287010bba55175ed06c5ad0d2fe82f837704641	15294
tests/Images/Input/Webp/vp80-01-intra-1411.webp	d9330d735d1cdda007810e76a9cd836f07a6e3954363a0f82b1aca52adf346b4	11963
tests/Images/Input/Webp/vp80-01-intra-1416.webp	d3e253211155418d55618ac0a70ed1118a96917ce63b129bc49914d09f3620cf	11227
tests/Images/Input/Webp/vp80-01-intra-1417.webp	d28624b166b4bcff6494f53f14e3335d5a762faa8c8e7fbfb0045f2b04123724	11364
tests/Images/Input/Webp/vp80-02-inter-1402.webp	6ea8dcf7462d978ce3f5a38f505caebe09b3d9170a03fdb6479a8111c6bf54c2	15294
tests/Images/Input/Webp/vp80-02-inter-1412.webp	b2286cf0613e7a910b44494338157ef73504fefd88cd9427b4aecfbed7a034ae	11963
tests/Images/Input/Webp/vp80-02-inter-1418.webp	f7a9da63fdec6ca0c42447867f6a7c7d165b0c3fcbf9313cacd6fc8eeb79a6fa	17680
tests/Images/Input/Webp/vp80-02-inter-1424.webp	da8ce9c3078e56a9281620cace12abb39aebdfc0ab25a6586f676e3cf2981704	5254
tests/Images/Input/Webp/vp80-03-segmentation-1401.webp	a243611a69fef3a8306dd3c48d645d7d4295f60781428b39e1f32bea5c5df46c	15296
tests/Images/Input/Webp/vp80-03-segmentation-1403.webp	007c78b248d71d135638637417a458d0a89ba3a46850df4503d10b576a3433c6	15296
tests/Images/Input/Webp/vp80-03-segmentation-1407.webp	c7fdcc6f20e730074602fbf4fbfbb76f614f13f7bdb7ce038ba32dc691fdfd09	26388
tests/Images/Input/Webp/vp80-03-segmentation-1408.webp	83c9a6874afc10ef08b853b7c990947fe78206b6a9ca8ad092fda3941d78d2b4	26392
tests/Images/Input/Webp/vp80-03-segmentation-1409.webp	52c0f64e79056e8927ec9625e3fcfe3b0665afe30a12270f3c61665e80e5f4ed	26402
tests/Images/Input/Webp/vp80-03-segmentation-1410.webp	28dd9a50e95436ca29fd8b191d6073a6a7c049de732e512bb127b925eeba9102	26420
tests/Images/Input/Webp/vp80-03-segmentation-1413.webp	6a757b7f0b539d51d9c450bce6f40c99d00109a8b61ea327a07867ebce23c397	11998
tests/Images/Input/Webp/vp80-03-segmentation-1414.webp	1f9fe429dbef950dbd9b096b22566f4df4e036af0d95a4c05c954da44490e4af	19884
tests/Images/Input/Webp/vp80-03-segmentation-1415.webp	feac273c9e5152e6f9ccdffa65f0a9ce863abbbd446625a32ad42922452429e3	19877
tests/Images/Input/Webp/vp80-03-segmentation-1425.webp	65b704903e9e11c43132aef1d9353011928954c9d5fdd5312477de40ddb26fb9	3632
tests/Images/Input/Webp/vp80-03-segmentation-1426.webp	11bc8b1f337cbe0dd1760eee1483d82243147917c5588b9463353a71c0b03271	18524
tests/Images/Input/Webp/vp80-03-segmentation-1427.webp	c4a1ee18d804b4f83bf5ef7ff1d3d849a136a7480dd074c721c41e788b51868c	32982
tests/Images/Input/Webp/vp80-03-segmentation-1432.webp	fa1d8b9426f595db1c92733470c60bddfcf021cb95a6c27da829598180e0a6d0	20094
tests/Images/Input/Webp/vp80-03-segmentation-1435.webp	cb8129ea589ab5cab6368be88861125bcc55a492ba2eb20c086aa99c7c9410d2	12080
tests/Images/Input/Webp/vp80-03-segmentation-1436.webp	78a5fd9afa2edb44d73235a0d1a160abf34efd8ee9495121d3405aa89a8f8b63	14512
tests/Images/Input/Webp/vp80-03-segmentation-1437.webp	299ac1152847f4bded20bdd114c9f1f5a12ceee767a924cb347db7508d784375	27132
tests/Images/Input/Webp/vp80-03-segmentation-1441.webp	70d3bc371f42f3a7d8f59eb89c66a3d1ef10476baa86e66487f158370403b595	4606
tests/Images/Input/Webp/vp80-03-segmentation-1442.webp	3ef18fbc941074c644d01db06fcf06b9e29628e6bedf23db29c239aa1795cc9b	14804
tests/Images/Input/Webp/vp80-04-partitions-1404.webp	25cd4540f189f61ab0119f8f26e3dc28ba1a7840843b205389948dc3019eee6d	15298
tests/Images/Input/Webp/vp80-04-partitions-1405.webp	8d2daf0d7c7e902208621342450bd4009a7bfe3b6aaf36b7d43d232066cd9037	15308
tests/Images/Input/Webp/vp80-04-partitions-1406.webp	af294ab9f4de0ca82f9df0a29d60f00b1bc20099d337ffaac63e6e1e5c4a14e6	15324
tests/Images/Input/Webp/vp80-05-sharpness-1428.webp	a13d9081c8d55dacd6819704712a64a7d25971e59c0ba7e5e5ae4c86ca522b7b	8864
tests/Images/Input/Webp/vp80-05-sharpness-1429.webp	99e3f0a30900c65f5af22e41bc60c4fc7209e2c8f93d2edf5d5ff09db6beb900	14518
tests/Images/Input/Webp/vp80-05-sharpness-1430.webp	acd9c9fb1876fd2035405b9b72aa5a985922ec1aab2055f6c32a21e02fdd9dbd	290
tests/Images/Input/Webp/vp80-05-sharpness-1431.webp	9aa0b809dc9aac340acab0f7f4953f497e4b6cefc9dda14f823ab3053a11d5cd	6666
tests/Images/Input/Webp/vp80-05-sharpness-1433.webp	005811b6b16550a1da22a1df767311c1b85f1cc7c2409d7917fd594d0b48d4c1	14508
tests/Images/Input/Webp/vp80-05-sharpness-1434.webp	da5bef25e427bb9a8be2889c76a65f9506cdfc4bab455b3285b6b627e5880285	18224
tests/Images/Input/Webp/vp80-05-sharpness-1438.webp	dd0ea301c7446b6fd6d002b9ab48b383501ce05c3953d589be48ede5cf293f9d	9981
tests/Images/Input/Webp/vp80-05-sharpness-1439.webp	36bf4fef87be45f49411f93102433f117d54356a7aebd294ae1b68799938ce1c	20068
tests/Images/Input/Webp/vp80-05-sharpness-1440.webp	f66a1bc109f04baa07a530fb79267d931899591c10798c4dc95f59eb03c5ac44	14508
tests/Images/Input/Webp/vp80-05-sharpness-1443.webp	bcedf4d253801cf2461bd01675558dadc3895395a6432d0ba8f5cb9734b4040c	6188
tests/Images/Input/Webp/xmp_lossy.webp	755a63652695d7e190f375c9c0697cd37c9b601cd54405c704ec8efc200e67fc	474772
tests/Images/Input/Webp/yuv_test.png	96b86c39cad831c97c6ef9633d4d2d04ea0382547514dda5b1f639e10d7207fa	3389
